#include "ui.h"

#ifndef LV_ATTRIBUTE_MEM_ALIGN
#define LV_ATTRIBUTE_MEM_ALIGN
#endif

const LV_ATTRIBUTE_MEM_ALIGN uint8_t 
ui_img_sound_modes_322_png_data
[] = {
0x00,0x00,0x00,0x00,0x00,0x00,0x00,0x00,0x00,0x00,0x00,0x00,
0x00,0x00,0x00,0x00,0x00,0x00,0x00,0x00,0x00,0x00,0x00,0x00,
0x00,0x00,0x00,0x00,0x00,0x00,0x00,0x00,0x00,0x00,0x00,0x00,
0x00,0x00,0x00,0x00,0x00,0x00,0x00,0x00,0x00,0x00,0x00,0x00,
0x00,0x00,0x00,0x00,0x00,0x00,0x00,0x00,0x00,0x00,0x00,0x00,
0x00,0x00,0x00,0x00,0x00,0x00,0x00,0x00,0x00,0x00,0x00,0x00,
0x00,0x00,0x00,0x00,0x00,0x00,0x00,0x00,0x00,0x00,0x00,0x00,
0x00,0x00,0x00,0x00,0x00,0x00,0x00,0x00,0x00,0x00,0x00,0x00,
0x00,0x00,0x00,0x00,0x00,0x00,0x00,0x00,0x00,0x00,0x00,0x00,
0x00,0x00,0x00,0x00,0x00,0x00,0x00,0x00,0x00,0x00,0x00,0x00,
0x00,0x00,0x00,0x00,0x00,0x00,0x00,0x00,0x00,0x00,0x00,0x00,
0x00,0x00,0x00,0x00,0x00,0x00,0x00,0x00,0x00,0x00,0x00,0x00,
0x00,0x00,0x00,0x00,0x00,0x00,0x00,0x00,0x00,0x00,0x00,0x00,
0x00,0x00,0x00,0x00,0x00,0x00,0x00,0x00,0x00,0x00,0x00,0x00,
0x00,0x00,0x00,0x00,0x00,0x00,0x00,0x00,0x00,0x00,0x00,0x00,
0x00,0x00,0x00,0x00,0x00,0x00,0x00,0x00,0x00,0x00,0x00,0x00,
0x00,0x00,0x00,0x00,0x00,0x00,0x00,0x00,0x00,0x00,0x00,0x00,
0x00,0x00,0x00,0x00,0x00,0x00,0x00,0x00,0x00,0x00,0x00,0x00,
0x00,0x00,0x00,0x00,0x00,0x00,0x00,0x00,0x00,0x00,0x00,0x00,
0x00,0x00,0x00,0x00,0x00,0x00,0x00,0x00,0x00,0x00,0x00,0x00,
0x00,0x00,0x00,0x00,0x00,0x00,0x00,0x00,0x00,0x00,0x00,0x00,
0x00,0x00,0x00,0x00,0x00,0x00,0x00,0x00,0x00,0x00,0x00,0x00,
0x00,0x00,0x00,0x00,0x00,0x00,0x00,0x00,0x00,0x00,0x00,0x00,
0x00,0x00,0x00,0x00,0x00,0x00,0x00,0x00,0x00,0x00,0x00,0x00,
0x00,0x00,0x00,0x00,0x00,0x00,0x00,0x00,0x00,0x00,0x00,0x00,
0x00,0x00,0x00,0x00,0x00,0x00,0x00,0x00,0x00,0x00,0x00,0x00,
0x00,0x00,0x00,0xB4,0x7C,0x0A,0x11,0x6C,0x18,0x57,0x9D,0x1A,
0x1B,0xA6,0x02,0x00,0x00,0x00,0x00,0x00,0x00,0x00,0x00,0x00,
0x00,0x00,0x00,0x00,0x00,0x00,0x00,0x00,0x00,0x00,0x00,0x00,
0x00,0x00,0x00,0x00,0x00,0x00,0x00,0x00,0x00,0x00,0x00,0x00,
0x00,0x00,0x00,0x00,0x00,0x00,0x00,0x00,0x00,0x00,0x00,0x00,
0x00,0x00,0x00,0x00,0x00,0x00,0x00,0x00,0x00,0x00,0x00,0x00,
0x00,0x00,0x00,0x00,0x00,0x00,0x00,0x00,0x00,0x00,0x00,0x00,
0x00,0x00,0x00,0x00,0x00,0x00,0x00,0x00,0x00,0x00,0x00,0x00,
0x00,0x00,0x00,0x00,0x00,0x00,0x00,0x00,0x00,0x00,0x00,0x00,
0x00,0x00,0x00,0x00,0x00,0x00,0x00,0x00,0x00,0x00,0x00,0x00,
0x00,0x00,0x00,0x00,0x00,0x00,0x00,0x00,0x00,0x00,0x00,0x00,
0x00,0x00,0x00,0x00,0x00,0x00,0x00,0x00,0x00,0x00,0x00,0x00,
0x00,0x00,0x00,0x00,0x00,0x00,0x00,0x00,0x00,0x00,0x00,0x00,
0x00,0x00,0x00,0x00,0x00,0x00,0x00,0x00,0x00,0x00,0x00,0x00,
0x00,0x00,0x00,0x00,0x00,0x00,0x00,0x00,0x00,0x00,0x00,0x00,
0x00,0x00,0x00,0x00,0x00,0x00,0x00,0x00,0x00,0x00,0x00,0x00,
0x00,0x00,0x00,0x00,0x00,0x00,0x00,0x00,0x00,0x00,0x00,0x00,
0x00,0x00,0x00,0x00,0x00,0x00,0x00,0x00,0x00,0x00,0x00,0x00,
0x00,0x00,0x00,0x00,0x00,0x00,0x00,0x00,0x00,0x00,0x00,0x00,
0x00,0x00,0x00,0x00,0x00,0x00,0x00,0x00,0x00,0x00,0x00,0x00,
0x00,0x00,0x00,0x00,0x00,0x00,0x00,0x00,0x00,0x00,0x00,0x00,
0x00,0x00,0x00,0x00,0x00,0x00,0x00,0x00,0x00,0x00,0x00,0x00,
0x00,0x00,0x00,0x00,0x00,0x00,0x00,0x00,0x00,0x00,0x00,0x00,
0x00,0x00,0x00,0x00,0x00,0x00,0x00,0x00,0x00,0x00,0x00,0x00,
0x00,0x00,0x00,0x00,0x00,0x00,0x00,0x00,0x00,0x00,0x00,0x00,
0x00,0x00,0x00,0x00,0x00,0x00,0x00,0x00,0x00,0x00,0x00,0x00,
0x00,0x00,0x00,0x00,0x00,0x00,0x00,0x00,0x00,0x00,0x00,0x00,
0x00,0x00,0x00,0x00,0x00,0x00,0x00,0x00,0x00,0x00,0x00,0x00,
0x00,0x00,0x00,0x00,0x00,0x00,0x00,0x00,0x00,0x00,0x00,0x00,
0x00,0x00,0x00,0x00,0x00,0x00,0x00,0x00,0x00,0x00,0x00,0x00,
0x00,0x00,0x00,0x00,0x00,0x00,0x00,0x00,0x00,0x00,0x00,0x00,
0x00,0x00,0x00,0x9A,0x85,0x01,0x59,0x85,0x12,0x78,0x8D,0x34,
0x3A,0xAE,0x72,0x39,0xBE,0xB4,0x5A,0xC6,0xCA,0xBC,0xCE,0xCC,
0x1D,0xD7,0x59,0x00,0x00,0x00,0x00,0x00,0x00,0x00,0x00,0x00,
0x00,0x00,0x00,0x00,0x00,0x00,0x00,0x00,0x00,0x00,0x00,0x00,
0x00,0x00,0x00,0x00,0x00,0x00,0x00,0x00,0x00,0x00,0x00,0x00,
0x00,0x00,0x00,0x00,0x00,0x00,0x00,0x00,0x00,0x00,0x00,0x00,
0x00,0x00,0x00,0x00,0x00,0x00,0x00,0x00,0x00,0x00,0x00,0x00,
0x00,0x00,0x00,0x00,0x00,0x00,0x00,0x00,0x00,0x00,0x00,0x00,
0x00,0x00,0x00,0x00,0x00,0x00,0x00,0x00,0x00,0x00,0x00,0x00,
0x00,0x00,0x00,0x00,0x00,0x00,0x00,0x00,0x00,0x00,0x00,0x00,
0x00,0x00,0x00,0x00,0x00,0x00,0x00,0x00,0x00,0x00,0x00,0x00,
0x00,0x00,0x00,0x00,0x00,0x00,0x00,0x00,0x00,0x00,0x00,0x00,
0x00,0x00,0x00,0x00,0x00,0x00,0x00,0x00,0x00,0x00,0x00,0x00,
0x00,0x00,0x00,0x00,0x00,0x00,0x00,0x00,0x00,0x00,0x00,0x00,
0x00,0x00,0x00,0x00,0x00,0x00,0x00,0x00,0x00,0x00,0x00,0x00,
0x00,0x00,0x00,0x00,0x00,0x00,0x00,0x00,0x00,0x00,0x00,0x00,
0x00,0x00,0x00,0x00,0x00,0x00,0x00,0x00,0x00,0x00,0x00,0x00,
0x00,0x00,0x00,0x00,0x00,0x00,0x00,0x00,0x00,0x00,0x00,0x00,
0x00,0x00,0x00,0x00,0x00,0x00,0x00,0x00,0x00,0x00,0x00,0x00,
0x00,0x00,0x00,0x00,0x00,0x00,0x00,0x00,0x00,0x00,0x00,0x00,
0x00,0x00,0x00,0x00,0x00,0x00,0x00,0x00,0x00,0x00,0x00,0x00,
0x00,0x00,0x00,0x00,0x00,0x00,0x00,0x00,0x00,0x00,0x00,0x00,
0x00,0x00,0x00,0x00,0x00,0x00,0x00,0x00,0x00,0x00,0x00,0x00,
0x00,0x00,0x00,0x00,0x00,0x00,0x00,0x00,0x00,0x00,0x00,0x00,
0x00,0x00,0x00,0x00,0x00,0x00,0x00,0x00,0x00,0x00,0x00,0x00,
0x00,0x00,0x00,0x00,0x00,0x00,0x00,0x00,0x00,0x00,0x00,0x00,
0x00,0x00,0x00,0x00,0x00,0x00,0x00,0x00,0x00,0x00,0x00,0x00,
0x00,0x00,0x00,0x00,0x00,0x00,0x00,0x00,0x00,0x00,0x00,0x00,
0x00,0x00,0x00,0x00,0x00,0x00,0x00,0x00,0x00,0x00,0x00,0x00,
0x00,0x00,0x00,0x00,0x00,0x00,0x00,0x00,0x00,0x00,0x00,0x00,
0x00,0x00,0x00,0x00,0x00,0x00,0x00,0x00,0x00,0x00,0x00,0x00,
0x00,0x00,0x00,0x00,0x00,0x00,0xF7,0x7C,0x07,0xB9,0x8D,0x2A,
0x16,0x8D,0x62,0x3A,0xB6,0xA0,0x7A,0xC6,0xD4,0x1D,0xD7,0xF5,
0xDD,0xBE,0xFE,0x5C,0x9E,0xFF,0xFC,0x8D,0xFF,0x9D,0xBE,0xFF,
0x3D,0xDF,0xD6,0xBA,0x95,0x03,0x00,0x00,0x00,0x00,0x00,0x00,
0x00,0x00,0x00,0x00,0x00,0x00,0x00,0x00,0x00,0x00,0x00,0x00,
0x00,0x00,0x00,0x00,0x00,0x00,0x00,0x00,0x00,0x00,0x00,0x00,
0x00,0x00,0x00,0x00,0x00,0x00,0x00,0x00,0x00,0x00,0x00,0x00,
0x00,0x00,0x00,0x00,0x00,0x00,0x00,0x00,0x00,0x00,0x00,0x00,
0x00,0x00,0x00,0x00,0x00,0x00,0x00,0x00,0x00,0x00,0x00,0x00,
0x00,0x00,0x00,0x00,0x00,0x00,0x00,0x00,0x00,0x00,0x00,0x00,
0x00,0x00,0x00,0x00,0x00,0x00,0x00,0x00,0x00,0x00,0x00,0x00,
0x00,0x00,0x00,0x00,0x00,0x00,0x00,0x00,0x00,0x00,0x00,0x00,
0x00,0x00,0x00,0x00,0x00,0x00,0x00,0x00,0x00,0x00,0x00,0x00,
0x00,0x00,0x00,0x00,0x00,0x00,0x00,0x00,0x00,0x00,0x00,0x00,
0x00,0x00,0x00,0x00,0x00,0x00,0x00,0x00,0x00,0x00,0x00,0x00,
0x00,0x00,0x00,0x00,0x00,0x00,0x00,0x00,0x00,0x00,0x00,0x00,
0x00,0x00,0x00,0x00,0x00,0x00,0x00,0x00,0x00,0x00,0x00,0x00,
0x00,0x00,0x00,0x00,0x00,0x00,0x00,0x00,0x00,0x00,0x00,0x00,
0x00,0x00,0x00,0x00,0x00,0x00,0x00,0x00,0x00,0x00,0x00,0x00,
0x00,0x00,0x00,0x00,0x00,0x00,0x00,0x00,0x00,0x00,0x00,0x00,
0x00,0x00,0x00,0x00,0x00,0x00,0x00,0x00,0x00,0x00,0x00,0x00,
0x00,0x00,0x00,0x00,0x00,0x00,0x00,0x00,0x00,0x00,0x00,0x00,
0x00,0x00,0x00,0x00,0x00,0x00,0x00,0x00,0x00,0x00,0x00,0x00,
0x00,0x00,0x00,0x00,0x00,0x00,0x00,0x00,0x00,0x00,0x00,0x00,
0x00,0x00,0x00,0x00,0x00,0x00,0x00,0x00,0x00,0x00,0x00,0x00,
0x00,0x00,0x00,0x00,0x00,0x00,0x00,0x00,0x00,0x00,0x00,0x00,
0x00,0x00,0x00,0x00,0x00,0x00,0x00,0x00,0x00,0x00,0x00,0x00,
0x00,0x00,0x00,0x00,0x00,0x00,0x00,0x00,0x00,0x00,0x00,0x00,
0x00,0x00,0x00,0x00,0x00,0x00,0x00,0x00,0x00,0x00,0x00,0x00,
0x00,0x00,0x00,0x00,0x00,0x00,0x00,0x00,0x00,0x00,0x00,0x00,
0x00,0x00,0x00,0x00,0x00,0x00,0x00,0x00,0x00,0x00,0x00,0x00,
0x00,0x00,0x00,0x00,0x00,0x00,0x00,0x00,0x00,0xF6,0x7C,0x11,
0xDA,0x9D,0x44,0xD8,0xAD,0x88,0x7B,0xC6,0xC7,0xFD,0xD6,0xEC,
0x1D,0xD7,0xFD,0x9D,0xB6,0xFF,0x1C,0x96,0xFF,0xBC,0x75,0xFF,
0x3B,0x4D,0xFF,0x1B,0x45,0xFF,0xFB,0x3C,0xFF,0x1C,0x96,0xFF,
0x1D,0xD7,0xF2,0x1B,0xAE,0x09,0x00,0x00,0x00,0x00,0x00,0x00,
0x00,0x00,0x00,0x00,0x00,0x00,0x00,0x00,0x00,0x00,0x00,0x00,
0x00,0x00,0x00,0x00,0x00,0x00,0x00,0x00,0x00,0x00,0x00,0x00,
0x00,0x00,0x00,0x00,0x00,0x00,0x00,0x00,0x00,0x00,0x00,0x00,
0x00,0x00,0x00,0x00,0x00,0x00,0x00,0x00,0x00,0x00,0x00,0x00,
0x00,0x00,0x00,0x00,0x00,0x00,0x00,0x00,0x00,0x00,0x00,0x00,
0x00,0x00,0x00,0x00,0x00,0x00,0x00,0x00,0x00,0x00,0x00,0x00,
0x00,0x00,0x00,0x00,0x00,0x00,0x00,0x00,0x00,0x00,0x00,0x00,
0x00,0x00,0x00,0x00,0x00,0x00,0x00,0x00,0x00,0x00,0x00,0x00,
0x00,0x00,0x00,0x00,0x00,0x00,0x00,0x00,0x00,0x00,0x00,0x00,
0x00,0x00,0x00,0x00,0x00,0x00,0x00,0x00,0x00,0x00,0x00,0x00,
0x00,0x00,0x00,0x00,0x00,0x00,0x00,0x00,0x00,0x00,0x00,0x00,
0x00,0x00,0x00,0x00,0x00,0x00,0x00,0x00,0x00,0x00,0x00,0x00,
0x00,0x00,0x00,0x00,0x00,0x00,0x00,0x00,0x00,0x00,0x00,0x00,
0x00,0x00,0x00,0x00,0x00,0x00,0x00,0x00,0x00,0x00,0x00,0x00,
0x00,0x00,0x00,0x00,0x00,0x00,0x00,0x00,0x00,0x00,0x00,0x00,
0x00,0x00,0x00,0x00,0x00,0x00,0x00,0x00,0x00,0x00,0x00,0x00,
0x00,0x00,0x00,0x00,0x00,0x00,0x00,0x00,0x00,0x00,0x00,0x00,
0x00,0x00,0x00,0x00,0x00,0x00,0x00,0x00,0x00,0x00,0x00,0x00,
0x00,0x00,0x00,0x00,0x00,0x00,0x00,0x00,0x00,0x00,0x00,0x00,
0x00,0x00,0x00,0x00,0x00,0x00,0x00,0x00,0x00,0x00,0x00,0x00,
0x00,0x00,0x00,0x00,0x00,0x00,0x00,0x00,0x00,0x00,0x00,0x00,
0x00,0x00,0x00,0x00,0x00,0x00,0x00,0x00,0x00,0x00,0x00,0x00,
0x00,0x00,0x00,0x00,0x00,0x00,0x00,0x00,0x00,0x00,0x00,0x00,
0x00,0x00,0x00,0x00,0x00,0x00,0x00,0x00,0x00,0x00,0x00,0x00,
0x00,0x00,0x00,0x00,0x00,0x00,0x00,0x00,0x00,0x00,0x00,0x00,
0x00,0x00,0x00,0x00,0x00,0x00,0x00,0x00,0x00,0x00,0x00,0x00,
0x00,0x00,0x00,0x00,0x00,0x00,0x00,0x00,0x00,0x59,0x7D,0x04,
0x74,0x74,0x1F,0xF9,0xA5,0x60,0x7B,0xC6,0xAB,0xFD,0xD6,0xE5,
0x1D,0xD7,0xF9,0xDD,0xC6,0xFE,0x5C,0x9E,0xFF,0xBC,0x75,0xFF,
0x5B,0x55,0xFF,0x1B,0x45,0xFF,0x1B,0x45,0xFF,0x1B,0x45,0xFF,
0x1B,0x45,0xFF,0x1B,0x45,0xFF,0xFB,0x3C,0xFF,0xBB,0x7D,0xFF,
0x1D,0xD7,0xF4,0xBD,0xBE,0x0D,0x00,0x00,0x00,0x00,0x00,0x00,
0x00,0x00,0x00,0x00,0x00,0x00,0x00,0x00,0x00,0x00,0x00,0x00,
0x00,0x00,0x00,0x00,0x00,0x00,0x00,0x00,0x00,0x00,0x00,0x00,
0x00,0x00,0x00,0x00,0x00,0x00,0x00,0x00,0x00,0x00,0x00,0x00,
0x00,0x00,0x00,0x00,0x00,0x00,0x00,0x00,0x00,0x00,0x00,0x00,
0x00,0x00,0x00,0x00,0x00,0x00,0x00,0x00,0x00,0x00,0x00,0x00,
0x00,0x00,0x00,0x00,0x00,0x00,0x00,0x00,0x00,0x00,0x00,0x00,
0x00,0x00,0x00,0x00,0x00,0x00,0x00,0x00,0x00,0x00,0x00,0x00,
0x00,0x00,0x00,0x00,0x00,0x00,0x00,0x00,0x00,0x00,0x00,0x00,
0x00,0x00,0x00,0x00,0x00,0x00,0x00,0x00,0x00,0x00,0x00,0x00,
0x00,0x00,0x00,0x00,0x00,0x00,0x00,0x00,0x00,0x00,0x00,0x00,
0x00,0x00,0x00,0x00,0x00,0x00,0x00,0x00,0x00,0x00,0x00,0x00,
0x00,0x00,0x00,0x00,0x00,0x00,0x00,0x00,0x00,0x00,0x00,0x00,
0x00,0x00,0x00,0x00,0x00,0x00,0x00,0x00,0x00,0x00,0x00,0x00,
0x00,0x00,0x00,0x00,0x00,0x00,0x00,0x00,0x00,0x00,0x00,0x00,
0x00,0x00,0x00,0x00,0x00,0x00,0x00,0x00,0x00,0x00,0x00,0x00,
0x00,0x00,0x00,0x00,0x00,0x00,0x00,0x00,0x00,0x00,0x00,0x00,
0x00,0x00,0x00,0x00,0x00,0x00,0x00,0x00,0x00,0x00,0x00,0x00,
0x00,0x00,0x00,0x00,0x00,0x00,0x00,0x00,0x00,0x00,0x00,0x00,
0x00,0x00,0x00,0x00,0x00,0x00,0x00,0x00,0x00,0x00,0x00,0x00,
0x00,0x00,0x00,0x00,0x00,0x00,0x00,0x00,0x00,0x00,0x00,0x00,
0x00,0x00,0x00,0x00,0x00,0x00,0x00,0x00,0x00,0x00,0x00,0x00,
0x00,0x00,0x00,0x00,0x00,0x00,0x00,0x00,0x00,0x00,0x00,0x00,
0x00,0x00,0x00,0x00,0x00,0x00,0x00,0x00,0x00,0x00,0x00,0x00,
0x00,0x00,0x00,0x00,0x00,0x00,0x00,0x00,0x00,0x00,0x00,0x00,
0x00,0x00,0x00,0x00,0x00,0x00,0x00,0x00,0x00,0x00,0x00,0x00,
0x00,0x00,0x00,0x00,0x00,0x00,0x00,0x00,0x00,0xBA,0x8D,0x05,
0x38,0x85,0x18,0x36,0x8D,0x47,0x98,0xA5,0x8C,0x5A,0xC6,0xCD,
0x1D,0xD7,0xF9,0xFD,0xCE,0xFF,0x9C,0xB6,0xFF,0xFC,0x8D,0xFE,
0x7B,0x5D,0xFF,0x1B,0x45,0xFF,0x1B,0x3D,0xFF,0x1B,0x45,0xFF,
0x1B,0x45,0xFF,0x1B,0x45,0xFF,0x1B,0x3D,0xFF,0x1B,0x3D,0xFF,
0x1B,0x3D,0xFF,0x1B,0x3D,0xFF,0xFB,0x3C,0xFF,0xBB,0x7D,0xFF,
0xFD,0xD6,0xF5,0x9D,0xB6,0x15,0x5C,0xA6,0x01,0xBC,0xCE,0x01,
0x7B,0xC6,0x01,0x4D,0x63,0x01,0xCB,0x52,0x01,0x00,0x00,0x00,
0x00,0x00,0x00,0x00,0x00,0x00,0x00,0x00,0x00,0x00,0x00,0x00,
0x00,0x00,0x00,0x00,0x00,0x00,0x00,0x00,0x00,0x00,0x00,0x00,
0x00,0x00,0x00,0x00,0x00,0x00,0x00,0x00,0x00,0x00,0x00,0x00,
0x00,0x00,0x00,0x00,0x00,0x00,0x00,0x00,0x00,0x00,0x00,0x00,
0x00,0x00,0x00,0x00,0x00,0x00,0x00,0x00,0x00,0x00,0x00,0x00,
0x00,0x00,0x00,0x00,0x00,0x00,0x00,0x00,0x00,0x00,0x00,0x00,
0x00,0x00,0x00,0x00,0x00,0x00,0x00,0x00,0x00,0x00,0x00,0x00,
0x00,0x00,0x00,0x00,0x00,0x00,0x00,0x00,0x00,0x00,0x00,0x00,
0x00,0x00,0x00,0x00,0x00,0x00,0x00,0x00,0x00,0x00,0x00,0x00,
0x00,0x00,0x00,0x00,0x00,0x00,0x00,0x00,0x00,0x00,0x00,0x00,
0x00,0x00,0x00,0x00,0x00,0x00,0x00,0x00,0x00,0x00,0x00,0x00,
0x00,0x00,0x00,0x00,0x00,0x00,0x00,0x00,0x00,0x00,0x00,0x00,
0x00,0x00,0x00,0x00,0x00,0x00,0x00,0x00,0x00,0x00,0x00,0x00,
0x00,0x00,0x00,0x00,0x00,0x00,0x00,0x00,0x00,0x00,0x00,0x00,
0x00,0x00,0x00,0x00,0x00,0x00,0x00,0x00,0x00,0x00,0x00,0x00,
0x00,0x00,0x00,0x79,0x8D,0x03,0xFA,0x9D,0x0F,0x1B,0xA6,0x19,
0xD9,0x9D,0x09,0x00,0x00,0x00,0x00,0x00,0x00,0x00,0x00,0x00,
0x00,0x00,0x00,0xD3,0x94,0x01,0xF4,0x94,0x02,0x55,0xA5,0x02,
0x96,0xAD,0x02,0x35,0xA5,0x03,0x35,0xA5,0x03,0xD3,0x94,0x05,
0x14,0x9D,0x05,0x35,0x9D,0x03,0x00,0x00,0x00,0x00,0x00,0x00,
0x00,0x00,0x00,0x00,0x00,0x00,0x00,0x00,0x00,0x00,0x00,0x00,
0x00,0x00,0x00,0x00,0x00,0x00,0x00,0x00,0x00,0x00,0x00,0x00,
0x00,0x00,0x00,0x00,0x00,0x00,0x00,0x00,0x00,0x00,0x00,0x00,
0x00,0x00,0x00,0x00,0x00,0x00,0x00,0x00,0x00,0x00,0x00,0x00,
0x99,0x8D,0x0E,0x58,0x8D,0x32,0xF9,0xA5,0x6F,0x3A,0xBE,0xB0,
0xFC,0xD6,0xE4,0x1D,0xD7,0xFD,0xBD,0xC6,0xFF,0x5C,0xA6,0xFF,
0xBC,0x7D,0xFF,0x5B,0x55,0xFF,0x1B,0x45,0xFF,0x1B,0x45,0xFE,
0x1B,0x45,0xFF,0x1B,0x45,0xFF,0x1B,0x3D,0xFF,0x1B,0x3D,0xFF,
0x1B,0x3D,0xFF,0x1B,0x3D,0xFF,0x1B,0x3D,0xFF,0x1B,0x45,0xFF,
0x1B,0x45,0xFF,0x1B,0x45,0xFF,0xFB,0x3C,0xFF,0xDB,0x8D,0xFF,
0xFD,0xD6,0xF7,0x9C,0xB6,0x13,0xFA,0x9D,0x02,0x19,0xB6,0x01,
0x76,0xA5,0x01,0x10,0x7C,0x02,0x11,0x7C,0x01,0x51,0x84,0x01,
0xB3,0x8C,0x01,0x14,0x9D,0x01,0x00,0x00,0x00,0x00,0x00,0x00,
0x00,0x00,0x00,0x00,0x00,0x00,0x00,0x00,0x00,0x00,0x00,0x00,
0x00,0x00,0x00,0x00,0x00,0x00,0x00,0x00,0x00,0x00,0x00,0x00,
0x00,0x00,0x00,0x00,0x00,0x00,0x00,0x00,0x00,0x00,0x00,0x00,
0x00,0x00,0x00,0x00,0x00,0x00,0x00,0x00,0x00,0x00,0x00,0x00,
0x00,0x00,0x00,0x00,0x00,0x00,0x00,0x00,0x00,0x00,0x00,0x00,
0x00,0x00,0x00,0x00,0x00,0x00,0x00,0x00,0x00,0x00,0x00,0x00,
0x00,0x00,0x00,0x00,0x00,0x00,0x00,0x00,0x00,0x00,0x00,0x00,
0x00,0x00,0x00,0x00,0x00,0x00,0x00,0x00,0x00,0x00,0x00,0x00,
0x00,0x00,0x00,0x00,0x00,0x00,0x00,0x00,0x00,0x00,0x00,0x00,
0x00,0x00,0x00,0x00,0x00,0x00,0x00,0x00,0x00,0x00,0x00,0x00,
0x00,0x00,0x00,0x00,0x00,0x00,0x00,0x00,0x00,0x00,0x00,0x00,
0x00,0x00,0x00,0x00,0x00,0x00,0x00,0x00,0x00,0x00,0x00,0x00,
0x00,0x00,0x00,0x00,0x00,0x00,0x00,0x00,0x00,0x00,0x00,0x00,
0x00,0x00,0x00,0x99,0x85,0x01,0x78,0x8D,0x16,0x98,0x95,0x41,
0x1A,0xAE,0x7A,0x7B,0xC6,0xAE,0xFC,0xD6,0xD2,0x3D,0xDF,0xDE,
0x3D,0xDF,0xBE,0x3A,0xB6,0x40,0x77,0x95,0x02,0x11,0x74,0x04,
0xAF,0x73,0x06,0x45,0x29,0x0A,0x8A,0x4A,0x16,0xE8,0x39,0x2E,
0xAB,0x4A,0x49,0xED,0x52,0x69,0x90,0x6B,0x7E,0xED,0x52,0x8E,
0x6F,0x63,0x94,0xD1,0x6B,0x96,0xF5,0x8C,0x85,0x94,0x7C,0x70,
0xB0,0x63,0x51,0x8F,0x6B,0x2E,0x92,0x8C,0x10,0x00,0x00,0x00,
0x00,0x00,0x00,0x00,0x00,0x00,0x00,0x00,0x00,0x00,0x00,0x00,
0x00,0x00,0x00,0x00,0x00,0x00,0x00,0x00,0x00,0x00,0x00,0x00,
0xDB,0x8D,0x01,0x99,0x8D,0x1A,0x98,0x9D,0x4E,0x7B,0xB6,0x90,
0x9B,0xC6,0xCC,0x1D,0xD7,0xF1,0xFD,0xCE,0xFF,0x9C,0xB6,0xFF,
0x1C,0x96,0xFF,0x9C,0x6D,0xFF,0x3B,0x4D,0xFF,0x1B,0x45,0xFF,
0x1B,0x45,0xFF,0x1B,0x45,0xFF,0x1B,0x3D,0xFF,0x1B,0x3D,0xFE,
0x1B,0x3D,0xFF,0x1B,0x3D,0xFF,0x1B,0x3D,0xFF,0x1B,0x45,0xFF,
0x1B,0x45,0xFF,0x1B,0x45,0xFF,0x1B,0x45,0xFF,0x1B,0x45,0xFF,
0xFB,0x44,0xFF,0xFB,0x44,0xFF,0xFB,0x3C,0xFF,0xDB,0x85,0xFF,
0xFD,0xD6,0xF6,0x5B,0xAE,0x0C,0xD9,0x9D,0x03,0xF8,0xB5,0x02,
0x96,0xAD,0x02,0x14,0x9D,0x02,0x55,0xA5,0x02,0x76,0xA5,0x02,
0xB7,0xAD,0x01,0xF8,0xB5,0x01,0x18,0xB6,0x01,0x18,0xB6,0x02,
0x19,0xB6,0x02,0x39,0xB6,0x01,0x00,0x00,0x00,0x00,0x00,0x00,
0x00,0x00,0x00,0x00,0x00,0x00,0x00,0x00,0x00,0x00,0x00,0x00,
0x00,0x00,0x00,0x00,0x00,0x00,0x00,0x00,0x00,0x00,0x00,0x00,
0x00,0x00,0x00,0x00,0x00,0x00,0x00,0x00,0x00,0x00,0x00,0x00,
0x00,0x00,0x00,0x00,0x00,0x00,0x00,0x00,0x00,0x00,0x00,0x00,
0x00,0x00,0x00,0x00,0x00,0x00,0x00,0x00,0x00,0x00,0x00,0x00,
0x00,0x00,0x00,0x00,0x00,0x00,0x00,0x00,0x00,0x00,0x00,0x00,
0x00,0x00,0x00,0x00,0x00,0x00,0x00,0x00,0x00,0x00,0x00,0x00,
0x00,0x00,0x00,0x00,0x00,0x00,0x00,0x00,0x00,0x00,0x00,0x00,
0x00,0x00,0x00,0x00,0x00,0x00,0x00,0x00,0x00,0x00,0x00,0x00,
0x00,0x00,0x00,0x00,0x00,0x00,0x00,0x00,0x00,0x00,0x00,0x00,
0x00,0x00,0x00,0x00,0x00,0x00,0x00,0x00,0x00,0x00,0x00,0x00,
0x00,0x00,0x00,0x00,0x00,0x00,0x79,0x85,0x08,0xB9,0x95,0x35,
0x77,0x9D,0x73,0x9B,0xC6,0xB2,0xFC,0xD6,0xE1,0x1D,0xDF,0xF5,
0xDD,0xC6,0xFE,0x7C,0xA6,0xFF,0xFC,0x85,0xFF,0xDC,0x7D,0xFF,
0x9C,0xB6,0xFF,0xBB,0xCE,0xDC,0x8E,0x6B,0x28,0x41,0x08,0x21,
0x25,0x21,0x53,0x4E,0x5B,0x99,0x35,0x9D,0xCB,0x5A,0xC6,0xE5,
0x3D,0xE7,0xF5,0x7D,0xEF,0xF9,0xBE,0xF7,0xFD,0xDF,0xF7,0xFE,
0xBE,0xF7,0xFD,0xBE,0xF7,0xFD,0xBE,0xF7,0xFD,0x9E,0xEF,0xFB,
0x3D,0xE7,0xF5,0x7A,0xC6,0xE4,0x35,0x9D,0xC5,0x93,0x84,0x8E,
0xCC,0x52,0x43,0xF4,0x94,0x0D,0x00,0x00,0x00,0x00,0x00,0x00,
0x00,0x00,0x00,0xD9,0xA5,0x02,0x98,0x9D,0x27,0x97,0xA5,0x68,
0xBC,0xC6,0xAE,0xFC,0xD6,0xE3,0x1D,0xD7,0xF8,0xDD,0xC6,0xFF,
0x5C,0xA6,0xFF,0xBC,0x75,0xFF,0x5B,0x5D,0xFF,0x1B,0x4D,0xFF,
0x1B,0x45,0xFF,0x1B,0x45,0xFF,0x1B,0x45,0xFF,0x1B,0x3D,0xFF,
0x1B,0x3D,0xFF,0x1B,0x3D,0xFF,0x1B,0x3D,0xFF,0x1B,0x3D,0xFE,
0x1B,0x45,0xFF,0x1B,0x45,0xFF,0x1B,0x45,0xFF,0x1B,0x45,0xFF,
0xFB,0x44,0xFF,0xFB,0x44,0xFF,0xFB,0x44,0xFF,0xFB,0x44,0xFF,
0xFB,0x44,0xFF,0xFA,0x3C,0xFF,0xFB,0x3C,0xFF,0x9B,0x7D,0xFF,
0xFD,0xCE,0xF7,0x5B,0xB6,0x17,0xFA,0xA5,0x04,0x39,0xB6,0x04,
0x18,0xB6,0x03,0xD8,0xB5,0x04,0xF8,0xB5,0x03,0x18,0xB6,0x04,
0x35,0x9D,0x05,0x92,0x84,0x06,0x8E,0x6B,0x0A,0x14,0x95,0x1B,
0x52,0x84,0x34,0x76,0x9D,0x1B,0x5A,0xB6,0x01,0x00,0x00,0x00,
0x00,0x00,0x00,0x00,0x00,0x00,0x00,0x00,0x00,0x00,0x00,0x00,
0x00,0x00,0x00,0x00,0x00,0x00,0x00,0x00,0x00,0x00,0x00,0x00,
0x00,0x00,0x00,0x00,0x00,0x00,0x00,0x00,0x00,0x00,0x00,0x00,
0x00,0x00,0x00,0x00,0x00,0x00,0x00,0x00,0x00,0x00,0x00,0x00,
0x00,0x00,0x00,0x00,0x00,0x00,0x00,0x00,0x00,0x00,0x00,0x00,
0x00,0x00,0x00,0x00,0x00,0x00,0x00,0x00,0x00,0x00,0x00,0x00,
0x00,0x00,0x00,0x00,0x00,0x00,0x00,0x00,0x00,0x00,0x00,0x00,
0x00,0x00,0x00,0x00,0x00,0x00,0x00,0x00,0x00,0x00,0x00,0x00,
0x00,0x00,0x00,0x00,0x00,0x00,0x00,0x00,0x00,0x00,0x00,0x00,
0x00,0x00,0x00,0x00,0x00,0x00,0x00,0x00,0x00,0x00,0x00,0x00,
0x00,0x00,0x00,0xDB,0x8D,0x01,0xBA,0x85,0x07,0x16,0x85,0x25,
0xFA,0xA5,0x60,0x5A,0xBE,0xA6,0x1D,0xD7,0xE0,0x1D,0xD7,0xF9,
0xFD,0xCE,0xFE,0x7C,0xA6,0xFF,0xDC,0x7D,0xFF,0x5B,0x5D,0xFE,
0x1B,0x45,0xFF,0xFB,0x3C,0xFF,0xFA,0x3C,0xFF,0xDA,0x3C,0xFF,
0xD9,0x54,0xFF,0x97,0xA5,0xFE,0x52,0x7C,0xCA,0x97,0xA5,0xDA,
0x5D,0xE7,0xF9,0xBE,0xF7,0xFE,0xBE,0xF7,0xFF,0x9E,0xEF,0xFF,
0xBE,0xF7,0xFF,0xBE,0xF7,0xFF,0xBE,0xF7,0xFF,0xDE,0xF7,0xFE,
0xDF,0xF7,0xFF,0xDF,0xF7,0xFF,0xDF,0xFF,0xFF,0xDF,0xFF,0xFF,
0xDF,0xFF,0xFF,0xDF,0xF7,0xFF,0xDF,0xF7,0xFF,0xDE,0xF7,0xFE,
0x7D,0xE7,0xF8,0x19,0xB6,0xD8,0x4E,0x5B,0x82,0xF4,0x94,0x4E,
0xF4,0x94,0x8A,0x9B,0xC6,0xCD,0x1D,0xD7,0xF5,0xFD,0xCE,0xFD,
0x9C,0xB6,0xFF,0x1C,0x8E,0xFF,0x9B,0x6D,0xFF,0x3B,0x4D,0xFF,
0x1B,0x45,0xFF,0x1B,0x45,0xFF,0x1B,0x45,0xFF,0x1B,0x3D,0xFF,
0x1B,0x3D,0xFF,0x1B,0x3D,0xFF,0x1B,0x3D,0xFF,0x1B,0x45,0xFF,
0x1B,0x45,0xFF,0x1B,0x45,0xFF,0x1B,0x45,0xFF,0x1B,0x45,0xFE,
0x1B,0x45,0xFF,0xFB,0x44,0xFF,0xFB,0x44,0xFF,0xFB,0x44,0xFF,
0xFB,0x44,0xFF,0xFA,0x3C,0xFF,0xDA,0x3C,0xFF,0xDA,0x3C,0xFF,
0xDA,0x3C,0xFF,0xDA,0x3C,0xFF,0xDA,0x3C,0xFF,0x9B,0x7D,0xFF,
0xDD,0xCE,0xF8,0x3A,0xB6,0x1C,0x3A,0xAE,0x06,0xD8,0xAD,0x06,
0x55,0x9D,0x08,0x52,0x84,0x0A,0x4D,0x63,0x0E,0x2D,0x63,0x1E,
0xCF,0x73,0x3F,0x35,0x9D,0x68,0xBA,0xCE,0x90,0x7E,0xE7,0xA7,
0xBE,0xEF,0xAE,0x59,0xBE,0x7D,0x19,0xAE,0x05,0x00,0x00,0x00,
0x00,0x00,0x00,0x00,0x00,0x00,0x00,0x00,0x00,0x00,0x00,0x00,
0x00,0x00,0x00,0x00,0x00,0x00,0x00,0x00,0x00,0x00,0x00,0x00,
0x00,0x00,0x00,0x00,0x00,0x00,0x00,0x00,0x00,0x00,0x00,0x00,
0x00,0x00,0x00,0x00,0x00,0x00,0x00,0x00,0x00,0x00,0x00,0x00,
0x00,0x00,0x00,0x00,0x00,0x00,0x00,0x00,0x00,0x00,0x00,0x00,
0x00,0x00,0x00,0x00,0x00,0x00,0x00,0x00,0x00,0x00,0x00,0x00,
0x00,0x00,0x00,0x00,0x00,0x00,0x00,0x00,0x00,0x00,0x00,0x00,
0x00,0x00,0x00,0x00,0x00,0x00,0x00,0x00,0x00,0x00,0x00,0x00,
0x00,0x00,0x00,0x00,0x00,0x00,0x00,0x00,0x00,0x00,0x00,0x00,
0x00,0x00,0x00,0x00,0x00,0x00,0x99,0x85,0x08,0x99,0x85,0x1D,
0xB9,0x9D,0x4E,0x5B,0xB6,0x91,0xDC,0xD6,0xD0,0x3E,0xD7,0xF9,
0xFD,0xCE,0xFF,0x7D,0xAE,0xFF,0xFC,0x85,0xFF,0x7B,0x5D,0xFF,
0x1B,0x45,0xFF,0x1B,0x3D,0xFF,0x1B,0x3D,0xFF,0xFB,0x3C,0xFE,
0xFB,0x3C,0xFF,0xBA,0x3C,0xFF,0x98,0x3C,0xFF,0x16,0x3C,0xFF,
0xB6,0x6C,0xFF,0x9B,0xC6,0xFF,0x9E,0xEF,0xFF,0x7E,0xEF,0xFF,
0x7E,0xEF,0xFF,0x9E,0xEF,0xFF,0x9E,0xEF,0xFF,0x9E,0xEF,0xFF,
0xBE,0xF7,0xFF,0xBE,0xF7,0xFF,0xBE,0xF7,0xFF,0xBE,0xF7,0xFE,
0xDF,0xF7,0xFF,0xDF,0xF7,0xFF,0xDF,0xFF,0xFF,0xDF,0xFF,0xFF,
0xDF,0xFF,0xFF,0xDF,0xF7,0xFF,0xBE,0xF7,0xFF,0xBE,0xF7,0xFF,
0xBE,0xF7,0xFF,0xBE,0xF7,0xFF,0xBE,0xF7,0xFF,0x1C,0xDF,0xFF,
0x19,0xB6,0xFF,0xFA,0x9D,0xFF,0xBB,0x75,0xFF,0x5B,0x55,0xFE,
0x1B,0x45,0xFF,0x1B,0x45,0xFF,0x1B,0x45,0xFF,0x1B,0x45,0xFF,
0x1B,0x3D,0xFF,0x1B,0x3D,0xFF,0x1B,0x3D,0xFF,0x1B,0x45,0xFF,
0x1B,0x45,0xFF,0x1B,0x45,0xFF,0x1B,0x45,0xFF,0x1B,0x45,0xFF,
0x1B,0x45,0xFF,0x1B,0x45,0xFF,0xFB,0x44,0xFF,0xFB,0x44,0xFE,
0xFB,0x44,0xFF,0xFB,0x44,0xFF,0xFA,0x44,0xFF,0xDA,0x3C,0xFF,
0xDA,0x3C,0xFF,0xB9,0x3C,0xFF,0xB9,0x3C,0xFF,0x99,0x3C,0xFF,
0x98,0x3C,0xFF,0x99,0x3C,0xFF,0xB9,0x3C,0xFF,0x7A,0x85,0xFF,
0xBC,0xCE,0xF9,0xD4,0x8C,0x1D,0xF0,0x7B,0x15,0xCF,0x73,0x26,
0x51,0x84,0x43,0x76,0xA5,0x6B,0x9A,0xCE,0x8F,0x7E,0xE7,0xA8,
0xBF,0xEF,0xB0,0xBE,0xE7,0xAF,0x9E,0xDF,0xAF,0x7E,0xD7,0xAF,
0x7E,0xCF,0xB0,0xF8,0xAD,0x66,0x39,0xB6,0x01,0x00,0x00,0x00,
0x00,0x00,0x00,0x00,0x00,0x00,0x00,0x00,0x00,0x00,0x00,0x00,
0x00,0x00,0x00,0x00,0x00,0x00,0x00,0x00,0x00,0x00,0x00,0x00,
0x00,0x00,0x00,0x00,0x00,0x00,0x00,0x00,0x00,0x00,0x00,0x00,
0x00,0x00,0x00,0x00,0x00,0x00,0x00,0x00,0x00,0x00,0x00,0x00,
0x00,0x00,0x00,0x00,0x00,0x00,0x00,0x00,0x00,0x00,0x00,0x00,
0x00,0x00,0x00,0x00,0x00,0x00,0x00,0x00,0x00,0x00,0x00,0x00,
0x00,0x00,0x00,0x00,0x00,0x00,0x00,0x00,0x00,0x00,0x00,0x00,
0x00,0x00,0x00,0x00,0x00,0x00,0x00,0x00,0x00,0x00,0x00,0x00,
0x00,0x00,0x00,0x00,0x00,0x00,0x9A,0x85,0x01,0x99,0x85,0x16,
0xF5,0x84,0x3E,0x3A,0xAE,0x7C,0x5A,0xBE,0xBC,0x1D,0xD7,0xE8,
0xFD,0xCE,0xFD,0x9D,0xB6,0xFF,0x1C,0x8E,0xFF,0x9C,0x65,0xFF,
0x3B,0x4D,0xFF,0x1B,0x45,0xFF,0x1B,0x3D,0xFF,0x1B,0x3D,0xFF,
0x1B,0x3D,0xFF,0xFB,0x3C,0xFF,0xFB,0x3C,0xFF,0xDA,0x3C,0xFE,
0x99,0x3C,0xFF,0x37,0x34,0xFF,0x55,0x54,0xFF,0x1A,0xB6,0xFF,
0x7D,0xE7,0xFF,0x5D,0xE7,0xFF,0x5D,0xE7,0xFF,0x7D,0xE7,0xFF,
0x7E,0xEF,0xFF,0x7E,0xEF,0xFF,0x9E,0xEF,0xFF,0x9E,0xEF,0xFF,
0x9E,0xEF,0xFF,0xBE,0xF7,0xFF,0xBE,0xF7,0xFF,0xBE,0xF7,0xFE,
0xDF,0xF7,0xFF,0xDF,0xF7,0xFF,0xDF,0xFF,0xFF,0xDF,0xFF,0xFF,
0xDF,0xF7,0xFF,0xDF,0xF7,0xFF,0xBE,0xF7,0xFF,0xBE,0xF7,0xFF,
0xBE,0xF7,0xFF,0x9E,0xEF,0xFF,0x9E,0xEF,0xFF,0x9E,0xEF,0xFF,
0x9E,0xEF,0xFF,0x7B,0xBE,0xFF,0xF8,0x64,0xFF,0xDA,0x3C,0xFE,
0x1B,0x3D,0xFF,0x1B,0x3D,0xFF,0x1B,0x3D,0xFF,0x1B,0x3D,0xFF,
0x1B,0x45,0xFF,0x1B,0x45,0xFF,0x1B,0x45,0xFF,0x1B,0x45,0xFF,
0x1B,0x45,0xFF,0x1B,0x45,0xFF,0x1B,0x45,0xFF,0xFB,0x44,0xFF,
0xFB,0x44,0xFF,0xFB,0x44,0xFF,0xFA,0x44,0xFF,0xDA,0x44,0xFE,
0xDA,0x3C,0xFF,0xDA,0x3C,0xFF,0xB9,0x3C,0xFF,0xB9,0x3C,0xFF,
0x98,0x3C,0xFF,0x98,0x3C,0xFF,0x78,0x3C,0xFF,0x77,0x3C,0xFF,
0x77,0x3C,0xFF,0x77,0x3C,0xFF,0x98,0x44,0xFF,0x59,0x7D,0xFF,
0x9B,0xC6,0xFA,0xD7,0xAD,0x79,0x9A,0xCE,0x90,0x7D,0xE7,0xA7,
0xBE,0xEF,0xB1,0xBE,0xE7,0xB1,0x9E,0xDF,0xB0,0x7E,0xDF,0xB0,
0x7E,0xCF,0xB1,0x5E,0xC7,0xB0,0x5E,0xC7,0xB0,0x5E,0xC7,0xB0,
0x5E,0xC7,0xAF,0x77,0x9D,0x42,0x00,0x00,0x00,0x00,0x00,0x00,
0x00,0x00,0x00,0x00,0x00,0x00,0x00,0x00,0x00,0x00,0x00,0x00,
0x00,0x00,0x00,0x00,0x00,0x00,0x00,0x00,0x00,0x00,0x00,0x00,
0x00,0x00,0x00,0x00,0x00,0x00,0x00,0x00,0x00,0x00,0x00,0x00,
0x00,0x00,0x00,0x00,0x00,0x00,0x00,0x00,0x00,0x00,0x00,0x00,
0x00,0x00,0x00,0x00,0x00,0x00,0x00,0x00,0x00,0x00,0x00,0x00,
0x00,0x00,0x00,0x00,0x00,0x00,0x00,0x00,0x00,0x00,0x00,0x00,
0x00,0x00,0x00,0x00,0x00,0x00,0x00,0x00,0x00,0x00,0x00,0x00,
0x00,0x00,0x00,0x00,0x00,0x00,0x00,0x00,0x00,0x79,0x7D,0x06,
0xB9,0x8D,0x2D,0x56,0x95,0x67,0x7B,0xBE,0xA8,0xDC,0xCE,0xDA,
0x1D,0xD7,0xF7,0xDD,0xBE,0xFF,0x3C,0x96,0xFF,0xBC,0x75,0xFF,
0x5B,0x55,0xFF,0x1B,0x45,0xFF,0x1B,0x3D,0xFF,0x1B,0x3D,0xFF,
0x1B,0x3D,0xFF,0x1B,0x3D,0xFF,0x1B,0x3D,0xFF,0xFB,0x3C,0xFF,
0xFB,0x3C,0xFF,0xFB,0x3C,0xFF,0xBA,0x3C,0xFF,0x98,0x3C,0xFE,
0xF5,0x33,0xFF,0xF6,0x7C,0xFF,0xFC,0xD6,0xFF,0x3D,0xE7,0xFF,
0x3D,0xE7,0xFF,0x5D,0xE7,0xFF,0x5D,0xE7,0xFF,0x5D,0xE7,0xFF,
0x7D,0xE7,0xFF,0x7E,0xEF,0xFF,0x9E,0xEF,0xFF,0x9E,0xEF,0xFF,
0x9E,0xEF,0xFF,0xBE,0xF7,0xFF,0xBE,0xF7,0xFF,0xBE,0xF7,0xFE,
0xDF,0xF7,0xFF,0xDF,0xF7,0xFF,0xDF,0xFF,0xFF,0xDF,0xFF,0xFF,
0xDF,0xF7,0xFF,0xDE,0xF7,0xFF,0xBE,0xF7,0xFF,0xBE,0xF7,0xFF,
0xBE,0xF7,0xFF,0x9E,0xEF,0xFF,0x9E,0xEF,0xFF,0x9E,0xEF,0xFF,
0x7E,0xEF,0xFF,0x7E,0xEF,0xFF,0x5D,0xE7,0xFF,0x99,0x8D,0xFE,
0xB9,0x44,0xFF,0x1B,0x3D,0xFF,0x1B,0x45,0xFF,0x1B,0x45,0xFF,
0x1B,0x45,0xFF,0x1B,0x45,0xFF,0x1B,0x45,0xFF,0xFB,0x44,0xFF,
0xFB,0x44,0xFF,0xFB,0x44,0xFF,0xFB,0x44,0xFF,0xFA,0x44,0xFF,
0xDA,0x44,0xFF,0xDA,0x3C,0xFF,0xDA,0x3C,0xFF,0xB9,0x3C,0xFE,
0xB9,0x3C,0xFF,0x99,0x3C,0xFF,0x98,0x3C,0xFF,0x78,0x3C,0xFF,
0x77,0x3C,0xFF,0x57,0x3C,0xFF,0x57,0x3C,0xFF,0x97,0x4C,0xFF,
0x18,0x65,0xFF,0x9A,0x85,0xFF,0x3C,0x9E,0xFF,0xDD,0xBE,0xFF,
0x5E,0xDF,0xFD,0x9E,0xE7,0xB9,0x7E,0xDF,0xB2,0x7E,0xD7,0xB2,
0x5E,0xCF,0xB2,0x5E,0xC7,0xB2,0x3E,0xC7,0xB2,0x3E,0xC7,0xB1,
0x3E,0xBF,0xB1,0x3E,0xBF,0xB1,0x3E,0xBF,0xB0,0x3E,0xBF,0xAF,
0xFD,0xBE,0xA7,0xB7,0xA5,0x21,0x00,0x00,0x00,0x00,0x00,0x00,
0x00,0x00,0x00,0x00,0x00,0x00,0x00,0x00,0x00,0x00,0x00,0x00,
0x00,0x00,0x00,0x00,0x00,0x00,0x00,0x00,0x00,0x00,0x00,0x00,
0x00,0x00,0x00,0x00,0x00,0x00,0x00,0x00,0x00,0x00,0x00,0x00,
0x00,0x00,0x00,0x00,0x00,0x00,0x00,0x00,0x00,0x00,0x00,0x00,
0x00,0x00,0x00,0x00,0x00,0x00,0x00,0x00,0x00,0x00,0x00,0x00,
0x00,0x00,0x00,0x00,0x00,0x00,0x00,0x00,0x00,0x00,0x00,0x00,
0x00,0x00,0x00,0x00,0x00,0x00,0x00,0x00,0x00,0x00,0x00,0x00,
0x95,0x74,0x13,0xB9,0x9D,0x4E,0xF8,0xAD,0x92,0xDC,0xCE,0xD0,
0x1D,0xD7,0xF0,0xFD,0xCE,0xFD,0x7C,0xA6,0xFF,0xDC,0x7D,0xFE,
0x5B,0x5D,0xFF,0x3B,0x45,0xFF,0x1B,0x45,0xFF,0x1B,0x3D,0xFF,
0x1B,0x3D,0xFF,0x1B,0x3D,0xFF,0x1B,0x3D,0xFF,0x1B,0x3D,0xFF,
0x1B,0x3D,0xFF,0x1B,0x3D,0xFF,0x1B,0x3D,0xFF,0xFB,0x3C,0xFF,
0xDA,0x3C,0xFF,0xB9,0x3C,0xFF,0x78,0x34,0xFF,0xD4,0x3B,0xFE,
0xF9,0xAD,0xFF,0x3D,0xDF,0xFF,0x1D,0xDF,0xFF,0x3D,0xDF,0xFF,
0x3D,0xDF,0xFF,0x3D,0xE7,0xFF,0x5D,0xE7,0xFF,0x5D,0xE7,0xFF,
0x7D,0xE7,0xFF,0x7E,0xEF,0xFF,0x7E,0xEF,0xFF,0x9E,0xEF,0xFF,
0x9E,0xEF,0xFF,0xBE,0xF7,0xFF,0xBE,0xF7,0xFF,0xBE,0xF7,0xFE,
0xDF,0xF7,0xFF,0xDF,0xF7,0xFF,0xDF,0xFF,0xFF,0xDF,0xFF,0xFF,
0xDF,0xF7,0xFF,0xDF,0xF7,0xFF,0xBE,0xF7,0xFF,0xBE,0xF7,0xFF,
0xBE,0xF7,0xFF,0x9E,0xEF,0xFF,0x9E,0xEF,0xFF,0x9E,0xEF,0xFF,
0x7E,0xEF,0xFF,0x7D,0xEF,0xFF,0x7D,0xE7,0xFF,0x7D,0xE7,0xFE,
0x7B,0xBE,0xFF,0x98,0x4C,0xFF,0xFB,0x3C,0xFF,0x1B,0x45,0xFF,
0xFB,0x44,0xFF,0xFB,0x44,0xFF,0xFB,0x44,0xFF,0xFB,0x44,0xFF,
0xFA,0x44,0xFF,0xDA,0x44,0xFF,0xDA,0x3C,0xFF,0xDA,0x3C,0xFF,
0xB9,0x3C,0xFF,0xB9,0x3C,0xFF,0x99,0x3C,0xFF,0x98,0x3C,0xFE,
0x78,0x3C,0xFF,0x77,0x3C,0xFF,0x57,0x3C,0xFF,0x97,0x4C,0xFF,
0x18,0x65,0xFF,0x9A,0x85,0xFF,0x3B,0x9E,0xFF,0x9C,0xAE,0xFF,
0xBD,0xB6,0xFF,0xBD,0xAE,0xFF,0xBD,0xAE,0xFF,0xDD,0xB6,0xFF,
0x3D,0xCF,0xFD,0x3E,0xC7,0xBB,0x3D,0xBF,0xB4,0x3D,0xBF,0xB3,
0x3D,0xBF,0xB3,0x3D,0xBF,0xB2,0x3D,0xBF,0xB2,0x3D,0xBF,0xB2,
0x3D,0xBF,0xB1,0x3D,0xBF,0xB1,0x3D,0xBF,0xB0,0x3D,0xBF,0xAF,
0x7B,0xB6,0x90,0x5A,0xAE,0x0C,0xBC,0xB6,0x01,0x00,0x00,0x00,
0x00,0x00,0x00,0x00,0x00,0x00,0x00,0x00,0x00,0x00,0x00,0x00,
0x00,0x00,0x00,0x00,0x00,0x00,0x00,0x00,0x00,0x00,0x00,0x00,
0x00,0x00,0x00,0x00,0x00,0x00,0x00,0x00,0x00,0x00,0x00,0x00,
0x00,0x00,0x00,0x00,0x00,0x00,0x00,0x00,0x00,0x00,0x00,0x00,
0x00,0x00,0x00,0x00,0x00,0x00,0x00,0x00,0x00,0x00,0x00,0x00,
0x00,0x00,0x00,0x00,0x00,0x00,0x00,0x00,0x00,0x00,0x00,0x00,
0x00,0x00,0x00,0xF6,0x7C,0x0E,0xD5,0x84,0x56,0x19,0xB6,0xB5,
0x1D,0xD7,0xF3,0x1D,0xD7,0xFD,0xBD,0xB6,0xFE,0x1C,0x8E,0xFF,
0x7B,0x65,0xFF,0x3B,0x45,0xFF,0x1B,0x3D,0xFF,0x1B,0x45,0xFE,
0x1B,0x3D,0xFF,0x1B,0x3D,0xFF,0x1B,0x3D,0xFF,0x1B,0x3D,0xFF,
0x1B,0x3D,0xFF,0x1B,0x3D,0xFF,0x1B,0x3D,0xFF,0x1B,0x3D,0xFF,
0x1B,0x3D,0xFF,0xFB,0x3C,0xFF,0xFB,0x3C,0xFF,0xDA,0x3C,0xFF,
0x99,0x3C,0xFF,0x57,0x34,0xFF,0xF4,0x43,0xFF,0x5A,0xBE,0xFE,
0x1C,0xDF,0xFF,0x1C,0xDF,0xFF,0x1C,0xDF,0xFF,0x1D,0xDF,0xFF,
0x3D,0xDF,0xFF,0x3D,0xDF,0xFF,0x5D,0xE7,0xFF,0x5D,0xE7,0xFF,
0x7D,0xE7,0xFF,0x7D,0xEF,0xFF,0x7E,0xEF,0xFF,0x9E,0xEF,0xFF,
0x9E,0xEF,0xFF,0x9E,0xEF,0xFF,0xBE,0xF7,0xFF,0xBE,0xF7,0xFE,
0xDE,0xF7,0xFF,0xDF,0xF7,0xFF,0xDF,0xFF,0xFF,0xDF,0xF7,0xFF,
0xDF,0xF7,0xFF,0xDE,0xF7,0xFF,0xBE,0xF7,0xFF,0xBE,0xF7,0xFF,
0xBE,0xF7,0xFF,0x9E,0xEF,0xFF,0x9E,0xEF,0xFF,0x9E,0xEF,0xFF,
0x7E,0xEF,0xFF,0x7D,0xE7,0xFF,0x5D,0xE7,0xFF,0x5D,0xE7,0xFE,
0x3D,0xE7,0xFF,0xDC,0xCE,0xFF,0xB7,0x54,0xFF,0xFA,0x3C,0xFF,
0xFB,0x44,0xFF,0xFA,0x44,0xFF,0xDA,0x44,0xFF,0xDA,0x3C,0xFF,
0xB9,0x3C,0xFF,0xB9,0x3C,0xFF,0xB9,0x3C,0xFF,0x98,0x3C,0xFF,
0x98,0x3C,0xFF,0x78,0x3C,0xFF,0x77,0x3C,0xFF,0x77,0x44,0xFE,
0xF8,0x5C,0xFF,0x7A,0x7D,0xFF,0x3B,0x9E,0xFF,0x9C,0xAE,0xFF,
0xBD,0xB6,0xFF,0xBD,0xAE,0xFF,0xBD,0xAE,0xFF,0x9D,0xA6,0xFF,
0x7D,0x9E,0xFF,0x7D,0x96,0xFF,0x7D,0x96,0xFF,0xBD,0xA6,0xFF,
0x1D,0xC7,0xFD,0x3D,0xBF,0xBA,0x3D,0xBF,0xB5,0x3D,0xBF,0xB5,
0x3D,0xBF,0xB4,0x3D,0xBF,0xB3,0x3D,0xBF,0xB3,0x3D,0xBF,0xB2,
0x3D,0xBF,0xB1,0x1D,0xBF,0xB1,0x1D,0xBF,0xB1,0x1D,0xBF,0xB0,
0x9B,0xB6,0x6A,0xBC,0xB6,0x01,0x9B,0xB6,0x01,0x3A,0xAE,0x01,
0x00,0x00,0x00,0x00,0x00,0x00,0x00,0x00,0x00,0x00,0x00,0x00,
0x00,0x00,0x00,0x00,0x00,0x00,0x00,0x00,0x00,0x00,0x00,0x00,
0x00,0x00,0x00,0x00,0x00,0x00,0x00,0x00,0x00,0x00,0x00,0x00,
0x00,0x00,0x00,0x00,0x00,0x00,0x00,0x00,0x00,0x00,0x00,0x00,
0x00,0x00,0x00,0x00,0x00,0x00,0x00,0x00,0x00,0x00,0x00,0x00,
0x00,0x00,0x00,0x00,0x00,0x00,0x00,0x00,0x00,0x17,0x7D,0x01,
0x53,0x74,0x38,0x39,0xBE,0xC9,0x1D,0xD7,0xFD,0x7C,0xAE,0xFF,
0xBC,0x75,0xFF,0x3B,0x4D,0xFF,0x1B,0x45,0xFF,0x1B,0x3D,0xFF,
0x1B,0x3D,0xFF,0x1B,0x3D,0xFF,0x1B,0x3D,0xFF,0xFB,0x3C,0xFE,
0x1B,0x3D,0xFF,0x1B,0x3D,0xFF,0x1B,0x3D,0xFF,0x1B,0x3D,0xFF,
0x1B,0x3D,0xFF,0x1B,0x3D,0xFF,0x1B,0x3D,0xFF,0x1B,0x3D,0xFF,
0xFB,0x3C,0xFF,0xFB,0x3C,0xFF,0xDA,0x3C,0xFF,0x99,0x3C,0xFF,
0x57,0x34,0xFF,0xF4,0x4B,0xFF,0x3A,0xB6,0xFF,0xFC,0xD6,0xFE,
0xFC,0xD6,0xFF,0xFC,0xD6,0xFF,0x1C,0xDF,0xFF,0x1C,0xDF,0xFF,
0x1D,0xDF,0xFF,0x3D,0xDF,0xFF,0x3D,0xDF,0xFF,0x5D,0xE7,0xFF,
0x5D,0xE7,0xFF,0x7D,0xE7,0xFF,0x7E,0xEF,0xFF,0x9E,0xEF,0xFF,
0x9E,0xEF,0xFF,0x9E,0xEF,0xFF,0xBE,0xF7,0xFF,0xBE,0xF7,0xFE,
0xDF,0xF7,0xFF,0xDF,0xF7,0xFF,0xDF,0xFF,0xFF,0xDF,0xFF,0xFF,
0xDF,0xF7,0xFF,0xDE,0xF7,0xFF,0xBE,0xF7,0xFF,0xBE,0xF7,0xFF,
0xBE,0xF7,0xFF,0x9E,0xEF,0xFF,0x9E,0xEF,0xFF,0x7E,0xEF,0xFF,
0x7D,0xE7,0xFF,0x5D,0xE7,0xFF,0x5D,0xE7,0xFF,0x3D,0xDF,0xFE,
0x1C,0xDF,0xFF,0x1C,0xDF,0xFF,0x7B,0xC6,0xFF,0xB7,0x54,0xFF,
0xB9,0x3C,0xFF,0xB9,0x3C,0xFF,0xB9,0x3C,0xFF,0xB9,0x3C,0xFF,
0x98,0x3C,0xFF,0x98,0x3C,0xFF,0x78,0x3C,0xFF,0x77,0x44,0xFF,
0xB8,0x54,0xFF,0x39,0x6D,0xFF,0xFB,0x8D,0xFF,0x7C,0xAE,0xFE,
0xBD,0xB6,0xFF,0xBD,0xB6,0xFF,0xBD,0xAE,0xFF,0x9D,0xA6,0xFF,
0x7D,0x9E,0xFF,0x7D,0x96,0xFF,0x7D,0x96,0xFF,0x7D,0x96,0xFF,
0x7D,0x96,0xFF,0x7D,0x96,0xFF,0x7D,0x96,0xFF,0xBD,0xA6,0xFF,
0x1D,0xBF,0xFD,0x1D,0xBF,0xBD,0x1D,0xBF,0xB7,0x1D,0xBF,0xB6,
0x1D,0xBF,0xB6,0x1D,0xBF,0xB5,0x1D,0xBF,0xB3,0x1D,0xBF,0xB2,
0x1D,0xBF,0xB1,0x1D,0xBF,0xB1,0x1D,0xB7,0xB4,0xFD,0xB6,0xB0,
0xD8,0xA5,0x3B,0xBC,0xB6,0x02,0x9B,0xB6,0x01,0x39,0xAE,0x01,
0x00,0x00,0x00,0x00,0x00,0x00,0x00,0x00,0x00,0x00,0x00,0x00,
0x00,0x00,0x00,0x00,0x00,0x00,0x00,0x00,0x00,0x00,0x00,0x00,
0x00,0x00,0x00,0x00,0x00,0x00,0x00,0x00,0x00,0x00,0x00,0x00,
0x00,0x00,0x00,0x00,0x00,0x00,0x00,0x00,0x00,0x00,0x00,0x00,
0x00,0x00,0x00,0x00,0x00,0x00,0x00,0x00,0x00,0x00,0x00,0x00,
0x00,0x00,0x00,0x00,0x00,0x00,0x00,0x00,0x00,0xF1,0x6B,0x24,
0x7B,0xC6,0xDD,0xBD,0xB6,0xFE,0x7B,0x65,0xFE,0x1B,0x45,0xFE,
0x1B,0x3D,0xFE,0x1B,0x3D,0xFE,0x1B,0x3D,0xFE,0xFB,0x3C,0xFE,
0xFB,0x3C,0xFE,0xFB,0x3C,0xFE,0xFB,0x3C,0xFE,0xFB,0x3C,0xFE,
0xFB,0x3C,0xFE,0xFB,0x3C,0xFE,0xFB,0x3C,0xFE,0xFB,0x3C,0xFE,
0xFB,0x3C,0xFE,0xFB,0x3C,0xFE,0xFB,0x3C,0xFE,0xFB,0x3C,0xFE,
0xFB,0x3C,0xFE,0xDA,0x3C,0xFE,0x99,0x3C,0xFE,0x57,0x34,0xFE,
0xD3,0x43,0xFE,0x19,0xB6,0xFE,0xBB,0xCE,0xFE,0xDB,0xCE,0xFE,
0xDC,0xD6,0xFE,0xFC,0xD6,0xFE,0xFC,0xD6,0xFE,0x1C,0xDF,0xFE,
0x1C,0xDF,0xFE,0x1D,0xDF,0xFE,0x3D,0xDF,0xFE,0x3D,0xE7,0xFE,
0x5D,0xE7,0xFE,0x7D,0xE7,0xFE,0x7D,0xEF,0xFE,0x7E,0xEF,0xFE,
0x9E,0xEF,0xFE,0x9E,0xEF,0xFE,0xBE,0xF7,0xFE,0xBE,0xF7,0xFE,
0xDE,0xF7,0xFE,0xDF,0xF7,0xFE,0xDF,0xF7,0xFE,0xDF,0xF7,0xFE,
0xDF,0xF7,0xFE,0xDE,0xF7,0xFE,0xBE,0xF7,0xFE,0xBE,0xF7,0xFE,
0x9E,0xEF,0xFE,0x9E,0xEF,0xFE,0x7D,0xEF,0xFE,0x7D,0xE7,0xFE,
0x5D,0xE7,0xFE,0x3D,0xDF,0xFE,0x1C,0xDF,0xFE,0xFC,0xDE,0xFE,
0xDB,0xD6,0xFE,0xBB,0xCE,0xFE,0x9B,0xCE,0xFE,0x19,0xBE,0xFE,
0x76,0x54,0xFE,0x98,0x3C,0xFE,0x98,0x3C,0xFE,0x77,0x3C,0xFE,
0x97,0x44,0xFE,0xF8,0x5C,0xFE,0x7A,0x7D,0xFE,0x3B,0x9E,0xFE,
0x9C,0xAE,0xFE,0xBD,0xB6,0xFE,0xBD,0xAE,0xFE,0x9D,0xA6,0xFE,
0x7D,0x9E,0xFE,0x7D,0x96,0xFE,0x7D,0x96,0xFE,0x7D,0x96,0xFE,
0x7D,0x96,0xFE,0x7D,0x96,0xFE,0x7D,0x96,0xFE,0x7D,0x96,0xFE,
0x7D,0x96,0xFE,0x7D,0x96,0xFE,0x7D,0x96,0xFE,0xBD,0xA6,0xFE,
0xFD,0xBE,0xFD,0x1D,0xBF,0xBF,0x1D,0xBF,0xB8,0x1D,0xBF,0xB7,
0x1D,0xBF,0xB6,0x1D,0xBF,0xB5,0x1D,0xBF,0xB4,0x1D,0xBF,0xB3,
0xFD,0xB6,0xB5,0xFD,0xB6,0xBA,0xDD,0xAE,0xBE,0xBC,0xB6,0xA6,
0x5A,0xAE,0x17,0xBC,0xAE,0x02,0x7B,0xAE,0x01,0x19,0xAE,0x01,
0x00,0x00,0x00,0x00,0x00,0x00,0x00,0x00,0x00,0x00,0x00,0x00,
0x00,0x00,0x00,0x00,0x00,0x00,0x00,0x00,0x00,0x00,0x00,0x00,
0x00,0x00,0x00,0x00,0x00,0x00,0x00,0x00,0x00,0x00,0x00,0x00,
0x00,0x00,0x00,0x00,0x00,0x00,0x00,0x00,0x00,0x00,0x00,0x00,
0x00,0x00,0x00,0x00,0x00,0x00,0x00,0x00,0x00,0x00,0x00,0x00,
0x00,0x00,0x00,0x00,0x00,0x00,0xF1,0x6B,0x03,0xF0,0x73,0x7C,
0xFD,0xCE,0xFF,0x5B,0x5D,0xFF,0xFB,0x3C,0xFF,0xFB,0x3C,0xFF,
0xFB,0x3C,0xFF,0xFB,0x3C,0xFF,0xFB,0x3C,0xFF,0xFB,0x3C,0xFF,
0xFB,0x3C,0xFF,0xFB,0x3C,0xFF,0xFB,0x3C,0xFF,0xFB,0x3C,0xFE,
0x1B,0x3D,0xFF,0x1B,0x3D,0xFF,0x1B,0x3D,0xFF,0x1B,0x3D,0xFF,
0x1B,0x3D,0xFF,0x1B,0x3D,0xFF,0x1B,0x3D,0xFF,0xFB,0x3C,0xFF,
0xFB,0x3C,0xFF,0xB9,0x3C,0xFF,0x57,0x34,0xFF,0xB4,0x3B,0xFF,
0xB8,0xA5,0xFF,0xBB,0xCE,0xFF,0x9B,0xCE,0xFF,0xBB,0xCE,0xFE,
0xDB,0xCE,0xFF,0xDC,0xD6,0xFF,0xFC,0xD6,0xFF,0xFC,0xD6,0xFF,
0x1C,0xDF,0xFF,0x1D,0xDF,0xFF,0x3D,0xDF,0xFF,0x3D,0xDF,0xFF,
0x5D,0xE7,0xFF,0x5D,0xE7,0xFF,0x7D,0xE7,0xFF,0x7E,0xEF,0xFF,
0x9E,0xEF,0xFF,0x9E,0xEF,0xFF,0xBE,0xF7,0xFF,0xBE,0xF7,0xFE,
0xDF,0xF7,0xFF,0xDF,0xF7,0xFF,0xDF,0xF7,0xFF,0xDF,0xF7,0xFF,
0xDF,0xF7,0xFF,0xBE,0xF7,0xFF,0xBE,0xF7,0xFF,0x9E,0xEF,0xFF,
0x9E,0xEF,0xFF,0x7D,0xEF,0xFF,0x5D,0xE7,0xFF,0x3D,0xE7,0xFF,
0x1C,0xDF,0xFF,0xFC,0xDE,0xFF,0xDB,0xD6,0xFF,0xBB,0xCE,0xFE,
0x9A,0xCE,0xFF,0x7A,0xC6,0xFF,0x59,0xC6,0xFF,0x39,0xBE,0xFF,
0x97,0xA5,0xFF,0x55,0x4C,0xFF,0x19,0x65,0xFF,0xDA,0x85,0xFF,
0x5C,0xA6,0xFF,0xBD,0xAE,0xFF,0xBD,0xB6,0xFF,0xBD,0xAE,0xFF,
0x9D,0xA6,0xFF,0x7D,0x9E,0xFF,0x7D,0x96,0xFF,0x5D,0x96,0xFE,
0x7D,0x96,0xFF,0x7D,0x96,0xFF,0x7D,0x96,0xFF,0x7D,0x96,0xFF,
0x7D,0x96,0xFF,0x7D,0x96,0xFF,0x7D,0x96,0xFF,0x7D,0x96,0xFF,
0x7D,0x96,0xFF,0x7D,0x96,0xFF,0x7D,0x96,0xFF,0xBD,0xA6,0xFF,
0xFD,0xBE,0xFD,0x1D,0xBF,0xC1,0x1D,0xB7,0xBA,0x1D,0xBF,0xB9,
0xFD,0xB6,0xB8,0xFD,0xB6,0xB7,0xFD,0xB6,0xB8,0xDD,0xB6,0xBB,
0xBD,0xAE,0xC0,0xBD,0xAE,0xC2,0xBD,0xAE,0xBF,0x9B,0xB6,0x8A,
0x5B,0xAE,0x06,0x9C,0xAE,0x02,0x7B,0xAE,0x02,0xF8,0xA5,0x01,
0x00,0x00,0x00,0x00,0x00,0x00,0x00,0x00,0x00,0x00,0x00,0x00,
0x00,0x00,0x00,0x00,0x00,0x00,0x00,0x00,0x00,0x00,0x00,0x00,
0x00,0x00,0x00,0x00,0x00,0x00,0x00,0x00,0x00,0x00,0x00,0x00,
0x00,0x00,0x00,0x00,0x00,0x00,0x00,0x00,0x00,0x00,0x00,0x00,
0x00,0x00,0x00,0x00,0x00,0x00,0x00,0x00,0x00,0x00,0x00,0x00,
0x00,0x00,0x00,0x00,0x00,0x00,0x8B,0x42,0x07,0x52,0x84,0xA3,
0xBD,0xBE,0xFF,0x1B,0x45,0xFF,0xFB,0x3C,0xFF,0xFB,0x3C,0xFF,
0xFB,0x3C,0xFF,0xFB,0x3C,0xFF,0xFB,0x3C,0xFF,0xFB,0x3C,0xFF,
0xFB,0x3C,0xFF,0xFB,0x3C,0xFF,0xFB,0x3C,0xFF,0xFB,0x3C,0xFE,
0xFB,0x3C,0xFF,0xFB,0x3C,0xFF,0x1B,0x3D,0xFF,0xFB,0x3C,0xFF,
0x1B,0x3D,0xFF,0x1B,0x3D,0xFF,0xFB,0x3C,0xFF,0xFB,0x3C,0xFF,
0xBA,0x3C,0xFF,0x78,0x34,0xFF,0xD5,0x33,0xFF,0xF6,0x84,0xFF,
0x9B,0xC6,0xFF,0x7B,0xC6,0xFF,0x9B,0xC6,0xFF,0x9B,0xCE,0xFE,
0xBB,0xCE,0xFF,0xBB,0xCE,0xFF,0xDC,0xD6,0xFF,0xFC,0xD6,0xFF,
0x1C,0xD7,0xFF,0x1C,0xDF,0xFF,0x1D,0xDF,0xFF,0x3D,0xDF,0xFF,
0x3D,0xE7,0xFF,0x5D,0xE7,0xFF,0x7D,0xE7,0xFF,0x7D,0xEF,0xFF,
0x9E,0xEF,0xFF,0x9E,0xEF,0xFF,0x9E,0xF7,0xFF,0xBE,0xF7,0xFE,
0xDE,0xF7,0xFF,0xDF,0xF7,0xFF,0xDF,0xFF,0xFF,0xDF,0xF7,0xFF,
0xBE,0xF7,0xFF,0xBE,0xF7,0xFF,0x9E,0xEF,0xFF,0x7D,0xEF,0xFF,
0x5D,0xE7,0xFF,0x3C,0xE7,0xFF,0x1C,0xDF,0xFF,0xFB,0xDE,0xFF,
0xDB,0xD6,0xFF,0xBA,0xCE,0xFF,0x7A,0xCE,0xFF,0x7A,0xC6,0xFE,
0x39,0xBE,0xFF,0x18,0xBE,0xFF,0x18,0xBE,0xFF,0x5A,0xC6,0xFF,
0xDB,0xCE,0xFF,0xBC,0xC6,0xFF,0x9C,0xB6,0xFF,0xBD,0xAE,0xFF,
0x9D,0xA6,0xFF,0x7D,0x9E,0xFF,0x7D,0x96,0xFF,0x5D,0x96,0xFF,
0x5D,0x96,0xFF,0x5D,0x96,0xFF,0x7D,0x96,0xFF,0x7D,0x96,0xFE,
0x7D,0x96,0xFF,0x7D,0x96,0xFF,0x7D,0x96,0xFF,0x7D,0x96,0xFF,
0x7D,0x96,0xFF,0x7D,0x96,0xFF,0x7D,0x9E,0xFF,0x7D,0x9E,0xFF,
0x7D,0x9E,0xFF,0x7D,0x9E,0xFF,0x7D,0x9E,0xFF,0xBD,0xA6,0xFF,
0xFD,0xBE,0xFD,0x1D,0xBF,0xC3,0x1D,0xBF,0xBC,0xFD,0xBE,0xBA,
0xFD,0xB6,0xBA,0xDD,0xB6,0xBE,0xBD,0xAE,0xC3,0xBD,0xAE,0xC3,
0xBD,0xA6,0xC3,0xBD,0xA6,0xC3,0xDD,0xAE,0xBC,0x3A,0xAE,0x60,
0x9C,0xAE,0x02,0x9B,0xAE,0x03,0x5A,0xAE,0x02,0x97,0xA5,0x01,
0x00,0x00,0x00,0x00,0x00,0x00,0x00,0x00,0x00,0x00,0x00,0x00,
0x00,0x00,0x00,0x00,0x00,0x00,0x00,0x00,0x00,0x00,0x00,0x00,
0x00,0x00,0x00,0x00,0x00,0x00,0x00,0x00,0x00,0x00,0x00,0x00,
0x00,0x00,0x00,0x00,0x00,0x00,0x00,0x00,0x00,0x00,0x00,0x00,
0x00,0x00,0x00,0x00,0x00,0x00,0x00,0x00,0x00,0x00,0x00,0x00,
0x00,0x00,0x00,0x00,0x00,0x00,0x8B,0x42,0x08,0x10,0x7C,0x96,
0xDD,0xC6,0xFF,0xFB,0x44,0xFF,0xDB,0x3C,0xFF,0xDB,0x3C,0xFF,
0xDB,0x3C,0xFF,0xDB,0x3C,0xFF,0xFB,0x3C,0xFF,0xDB,0x3C,0xFF,
0xFB,0x3C,0xFF,0xFB,0x3C,0xFF,0xFB,0x3C,0xFF,0xFB,0x3C,0xFE,
0xFB,0x3C,0xFF,0xFB,0x3C,0xFF,0xFB,0x3C,0xFF,0xFB,0x3C,0xFF,
0xFB,0x3C,0xFF,0xFB,0x3C,0xFF,0xFB,0x3C,0xFF,0xDA,0x3C,0xFF,
0x78,0x3C,0xFF,0x16,0x34,0xFF,0x13,0x5C,0xFF,0x7B,0xC6,0xFF,
0x5A,0xBE,0xFF,0x7B,0xBE,0xFF,0x7B,0xC6,0xFF,0x9B,0xC6,0xFE,
0x9B,0xC6,0xFF,0xBB,0xCE,0xFF,0xBB,0xCE,0xFF,0xDC,0xD6,0xFF,
0xFC,0xD6,0xFF,0x1C,0xDF,0xFF,0x1C,0xDF,0xFF,0x1C,0xDF,0xFF,
0x3D,0xDF,0xFF,0x5D,0xE7,0xFF,0x5D,0xE7,0xFF,0x7D,0xE7,0xFF,
0x7E,0xEF,0xFF,0x9E,0xEF,0xFF,0x9E,0xEF,0xFF,0xBE,0xF7,0xFE,
0xDE,0xF7,0xFF,0xDF,0xF7,0xFF,0xDE,0xF7,0xFF,0xBE,0xF7,0xFF,
0xBE,0xF7,0xFF,0x9D,0xEF,0xFF,0x5D,0xE7,0xFF,0x3C,0xE7,0xFF,
0x1C,0xDF,0xFF,0xDB,0xD6,0xFF,0xBB,0xD6,0xFF,0x9A,0xCE,0xFF,
0x7A,0xCE,0xFF,0x59,0xC6,0xFF,0x39,0xBE,0xFF,0x19,0xBE,0xFE,
0x7A,0xC6,0xFF,0xDC,0xD6,0xFF,0x3D,0xDF,0xFF,0x3D,0xDF,0xFF,
0x3D,0xD7,0xFF,0x1D,0xCF,0xFF,0x7C,0xA6,0xFF,0x5C,0x96,0xFF,
0x5D,0x8E,0xFF,0x5D,0x96,0xFF,0x7D,0x96,0xFF,0x7D,0x96,0xFF,
0x7D,0x96,0xFF,0x7D,0x96,0xFF,0x7D,0x96,0xFF,0x7D,0x96,0xFE,
0x7D,0x96,0xFF,0x7D,0x96,0xFF,0x7D,0x9E,0xFF,0x7D,0x9E,0xFF,
0x7D,0x9E,0xFF,0x7D,0x9E,0xFF,0x7D,0x9E,0xFF,0x7D,0x9E,0xFF,
0x7D,0x9E,0xFF,0x7D,0x9E,0xFF,0x7D,0x9E,0xFF,0x9D,0xA6,0xFF,
0xFD,0xBE,0xFD,0xFD,0xBE,0xC6,0xFD,0xB6,0xC0,0xDD,0xB6,0xC2,
0xBD,0xAE,0xC6,0x9D,0xAE,0xC6,0x9D,0xA6,0xC6,0x9D,0xA6,0xC5,
0x9D,0xA6,0xC3,0x9D,0xA6,0xC2,0xDD,0xAE,0xB8,0x3A,0xAE,0x34,
0x9C,0xAE,0x04,0x7B,0xAE,0x03,0x5A,0xAE,0x02,0x35,0x95,0x01,
0x00,0x00,0x00,0x00,0x00,0x00,0x00,0x00,0x00,0x00,0x00,0x00,
0x00,0x00,0x00,0x00,0x00,0x00,0x00,0x00,0x00,0x00,0x00,0x00,
0x00,0x00,0x00,0x00,0x00,0x00,0x00,0x00,0x00,0x00,0x00,0x00,
0x00,0x00,0x00,0x00,0x00,0x00,0x00,0x00,0x00,0x00,0x00,0x00,
0x00,0x00,0x00,0x00,0x00,0x00,0x00,0x00,0x00,0x00,0x00,0x00,
0x00,0x00,0x00,0x00,0x00,0x00,0x6B,0x42,0x07,0xCB,0x52,0x6E,
0x1D,0xCF,0xFF,0x1B,0x4D,0xFF,0xDB,0x3C,0xFF,0xDB,0x3C,0xFF,
0xDB,0x3C,0xFF,0xDB,0x3C,0xFF,0xDB,0x3C,0xFF,0xDB,0x3C,0xFF,
0xDB,0x3C,0xFF,0xDB,0x3C,0xFF,0xDB,0x3C,0xFF,0xFB,0x3C,0xFE,
0xDB,0x3C,0xFF,0xDB,0x3C,0xFF,0xFB,0x3C,0xFF,0xFB,0x3C,0xFF,
0xFB,0x3C,0xFF,0xFB,0x3C,0xFF,0xDA,0x3C,0xFF,0x99,0x34,0xFF,
0x37,0x34,0xFF,0x92,0x3B,0xFF,0xD9,0xAD,0xFF,0x3A,0xBE,0xFF,
0x5A,0xBE,0xFF,0x5A,0xBE,0xFF,0x5A,0xBE,0xFF,0x7B,0xC6,0xFE,
0x7B,0xC6,0xFF,0x9B,0xC6,0xFF,0xBB,0xCE,0xFF,0xDB,0xCE,0xFF,
0xDC,0xD6,0xFF,0xFC,0xD6,0xFF,0xFC,0xD6,0xFF,0x1C,0xDF,0xFF,
0x3D,0xDF,0xFF,0x3D,0xE7,0xFF,0x5D,0xE7,0xFF,0x7D,0xE7,0xFF,
0x7E,0xEF,0xFF,0x9E,0xEF,0xFF,0x9E,0xEF,0xFF,0xBE,0xF7,0xFE,
0xBE,0xF7,0xFF,0xDE,0xF7,0xFF,0xBE,0xF7,0xFF,0x9E,0xF7,0xFF,
0x7D,0xEF,0xFF,0x3C,0xE7,0xFF,0xFB,0xDE,0xFF,0xDB,0xD6,0xFF,
0xBA,0xD6,0xFF,0x9A,0xCE,0xFF,0x59,0xC6,0xFF,0x39,0xC6,0xFF,
0x39,0xC6,0xFF,0x7A,0xC6,0xFF,0xDC,0xD6,0xFF,0x3D,0xDF,0xFE,
0x3D,0xDF,0xFF,0x3D,0xD7,0xFF,0x1D,0xCF,0xFF,0xFD,0xC6,0xFF,
0xDD,0xBE,0xFF,0xDD,0xB6,0xFF,0xDD,0xB6,0xFF,0x3C,0x96,0xFF,
0x5D,0x96,0xFF,0x5D,0x96,0xFF,0x5D,0x96,0xFF,0x5D,0x96,0xFF,
0x5D,0x96,0xFF,0x7D,0x96,0xFF,0x7D,0x9E,0xFF,0x7D,0x9E,0xFE,
0x7D,0x9E,0xFF,0x7D,0x9E,0xFF,0x7D,0x9E,0xFF,0x9D,0x9E,0xFF,
0x9D,0x9E,0xFF,0x9D,0x9E,0xFF,0x9D,0x9E,0xFF,0x9D,0x9E,0xFF,
0x9D,0x9E,0xFF,0x9D,0x9E,0xFF,0x9D,0x9E,0xFF,0x9D,0xA6,0xFF,
0xFD,0xBE,0xFE,0xFD,0xB6,0xCC,0xDD,0xAE,0xCA,0xBD,0xAE,0xCA,
0xBD,0xAE,0xCA,0xBD,0xAE,0xC8,0x9D,0xA6,0xC6,0x9D,0xA6,0xC5,
0x9D,0xA6,0xC4,0xBD,0xA6,0xC1,0xBC,0xAE,0xAA,0x3A,0xAE,0x14,
0x9C,0xAE,0x04,0x7B,0xAE,0x03,0x5A,0xB6,0x02,0x92,0x84,0x01,
0x00,0x00,0x00,0x00,0x00,0x00,0x00,0x00,0x00,0x00,0x00,0x00,
0x00,0x00,0x00,0x00,0x00,0x00,0x00,0x00,0x00,0x00,0x00,0x00,
0x00,0x00,0x00,0x00,0x00,0x00,0x00,0x00,0x00,0x00,0x00,0x00,
0x00,0x00,0x00,0x00,0x00,0x00,0x00,0x00,0x00,0x00,0x00,0x00,
0x00,0x00,0x00,0x00,0x00,0x00,0x00,0x00,0x00,0x00,0x00,0x00,
0x00,0x00,0x00,0x00,0x00,0x00,0x0D,0x53,0x03,0xA7,0x31,0x4D,
0x1D,0xD7,0xFE,0x5B,0x65,0xFF,0xBB,0x3C,0xFF,0xDB,0x3C,0xFF,
0xDB,0x3C,0xFF,0xDB,0x3C,0xFF,0xDB,0x3C,0xFF,0xDB,0x3C,0xFF,
0xDB,0x3C,0xFF,0xDB,0x3C,0xFF,0xDB,0x3C,0xFF,0xDB,0x3C,0xFE,
0xDB,0x3C,0xFF,0xDB,0x3C,0xFF,0xDB,0x3C,0xFF,0xDA,0x3C,0xFF,
0xDA,0x3C,0xFF,0xBA,0x34,0xFF,0x58,0x34,0xFF,0x16,0x34,0xFF,
0x52,0x23,0xFF,0xF2,0x63,0xFF,0x98,0xA5,0xFF,0xB8,0xAD,0xFF,
0xF9,0xAD,0xFF,0x19,0xB6,0xFF,0x3A,0xBE,0xFF,0x5A,0xBE,0xFE,
0x7B,0xC6,0xFF,0x9B,0xC6,0xFF,0x9B,0xC6,0xFF,0xBB,0xCE,0xFF,
0xBB,0xCE,0xFF,0xDC,0xD6,0xFF,0xFC,0xD6,0xFF,0x1C,0xDF,0xFF,
0x1C,0xDF,0xFF,0x3D,0xDF,0xFF,0x3D,0xE7,0xFF,0x5D,0xE7,0xFF,
0x7D,0xEF,0xFF,0x7E,0xEF,0xFF,0x9E,0xEF,0xFF,0xBE,0xF7,0xFE,
0xBE,0xF7,0xFF,0xBE,0xF7,0xFF,0x9E,0xF7,0xFF,0x5D,0xEF,0xFF,
0x3C,0xE7,0xFF,0xFB,0xDE,0xFF,0xBA,0xD6,0xFF,0x7A,0xCE,0xFF,
0x59,0xC6,0xFF,0x59,0xC6,0xFF,0x9A,0xCE,0xFF,0xFC,0xD6,0xFF,
0x3D,0xDF,0xFF,0x5D,0xDF,0xFF,0x3D,0xD7,0xFF,0x1D,0xCF,0xFE,
0xFD,0xC6,0xFF,0xDD,0xBE,0xFF,0xDD,0xB6,0xFF,0xDD,0xB6,0xFF,
0xDD,0xB6,0xFF,0xDD,0xB6,0xFF,0xDD,0xB6,0xFF,0x7C,0xAE,0xFF,
0x5C,0x96,0xFF,0x7D,0x96,0xFF,0x7D,0x96,0xFF,0x7D,0x96,0xFF,
0x7D,0x9E,0xFF,0x7D,0x9E,0xFF,0x7D,0x9E,0xFF,0x7D,0x9E,0xFE,
0x9D,0x9E,0xFF,0x9D,0x9E,0xFF,0x9D,0xA6,0xFF,0x9D,0xA6,0xFF,
0x9D,0xA6,0xFF,0xBD,0xA6,0xFF,0x9D,0xA6,0xFF,0x9D,0xA6,0xFF,
0x9D,0xA6,0xFF,0x9D,0xA6,0xFF,0x9D,0x9E,0xFF,0x9D,0xA6,0xFF,
0xDD,0xB6,0xFE,0xBD,0xAE,0xD4,0xBD,0xAE,0xCE,0xBD,0xAE,0xCC,
0xBD,0xAE,0xCA,0x9D,0xA6,0xC9,0x9D,0xA6,0xC7,0x9D,0xA6,0xC6,
0x9D,0xA6,0xC4,0xBD,0xA6,0xBF,0x9B,0xB6,0x89,0x7B,0xAE,0x06,
0x9C,0xAE,0x05,0x7B,0xB6,0x03,0x7A,0xBE,0x02,0xAB,0x4A,0x01,
0x00,0x00,0x00,0x00,0x00,0x00,0x00,0x00,0x00,0x00,0x00,0x00,
0x00,0x00,0x00,0x00,0x00,0x00,0x00,0x00,0x00,0x00,0x00,0x00,
0x00,0x00,0x00,0x00,0x00,0x00,0x00,0x00,0x00,0x00,0x00,0x00,
0x00,0x00,0x00,0x00,0x00,0x00,0x00,0x00,0x00,0x00,0x00,0x00,
0x00,0x00,0x00,0x00,0x00,0x00,0x00,0x00,0x00,0x00,0x00,0x00,
0x00,0x00,0x00,0x00,0x00,0x00,0x95,0x74,0x01,0x25,0x21,0x3A,
0xFD,0xD6,0xF7,0x5B,0x6D,0xFF,0x9B,0x3C,0xFF,0xBB,0x3C,0xFF,
0xBB,0x3C,0xFF,0xBB,0x3C,0xFF,0xBB,0x3C,0xFF,0xBB,0x3C,0xFF,
0xBB,0x3C,0xFF,0xDB,0x3C,0xFF,0xDB,0x3C,0xFF,0xBA,0x3C,0xFE,
0x9A,0x34,0xFF,0x79,0x34,0xFF,0x37,0x34,0xFF,0xD5,0x2B,0xFF,
0xD4,0x33,0xFF,0x35,0x4C,0xFF,0x95,0x64,0xFF,0xF6,0x7C,0xFF,
0x57,0x95,0xFF,0xB8,0xAD,0xFF,0xD8,0xB5,0xFF,0xD9,0xAD,0xFF,
0xB8,0xAD,0xFF,0x98,0xA5,0xFF,0x57,0x95,0xFF,0x16,0x95,0xFE,
0x36,0x9D,0xFF,0x19,0xB6,0xFF,0x7B,0xC6,0xFF,0x9B,0xC6,0xFF,
0xBB,0xCE,0xFF,0xDB,0xCE,0xFF,0xDC,0xD6,0xFF,0xFC,0xD6,0xFF,
0x1C,0xDF,0xFF,0x1D,0xDF,0xFF,0x3D,0xDF,0xFF,0x5D,0xE7,0xFF,
0x7D,0xE7,0xFF,0x7E,0xEF,0xFF,0x9E,0xEF,0xFF,0x9E,0xEF,0xFE,
0x9E,0xF7,0xFF,0x9D,0xEF,0xFF,0x5D,0xEF,0xFF,0x1C,0xE7,0xFF,
0xDB,0xD6,0xFF,0x9A,0xCE,0xFF,0x59,0xC6,0xFF,0x9A,0xCE,0xFF,
0xFC,0xD6,0xFF,0x3D,0xDF,0xFF,0x5D,0xDF,0xFF,0x3D,0xDF,0xFF,
0x1D,0xCF,0xFF,0xFD,0xC6,0xFF,0xDD,0xBE,0xFF,0xDD,0xB6,0xFE,
0xDD,0xB6,0xFF,0xDD,0xB6,0xFF,0xDD,0xB6,0xFF,0xDD,0xB6,0xFF,
0xDD,0xB6,0xFF,0xDD,0xB6,0xFF,0xBD,0xB6,0xFF,0xBD,0xB6,0xFF,
0x5C,0x9E,0xFF,0x7D,0x96,0xFF,0x7D,0x9E,0xFF,0x7D,0x9E,0xFF,
0x7D,0x9E,0xFF,0x7D,0x9E,0xFF,0x9D,0x9E,0xFF,0x9D,0xA6,0xFE,
0x9D,0xA6,0xFF,0x9D,0xA6,0xFF,0xBD,0xA6,0xFF,0xBD,0xA6,0xFF,
0xBD,0xA6,0xFF,0xBD,0xA6,0xFF,0xBD,0xA6,0xFF,0xBD,0xA6,0xFF,
0x9D,0xA6,0xFF,0x9D,0xA6,0xFF,0x9D,0x9E,0xFF,0x9D,0xA6,0xFF,
0xBD,0xB6,0xFE,0xBD,0xAE,0xD7,0x9D,0xAE,0xD0,0x9D,0xAE,0xCD,
0x9D,0xA6,0xCB,0x9D,0xA6,0xC9,0x9D,0xA6,0xC7,0x9D,0xA6,0xC6,
0x9D,0xA6,0xC4,0xBD,0xA6,0xBD,0x5A,0xB6,0x58,0xBC,0xB6,0x06,
0x9C,0xB6,0x05,0x9B,0xB6,0x03,0x9B,0xC6,0x02,0x0C,0x63,0x01,
0x00,0x00,0x00,0x00,0x00,0x00,0x00,0x00,0x00,0x00,0x00,0x00,
0x00,0x00,0x00,0x00,0x00,0x00,0x00,0x00,0x00,0x00,0x00,0x00,
0x00,0x00,0x00,0x00,0x00,0x00,0x00,0x00,0x00,0x00,0x00,0x00,
0x00,0x00,0x00,0x00,0x00,0x00,0x00,0x00,0x00,0x00,0x00,0x00,
0x00,0x00,0x00,0x00,0x00,0x00,0x00,0x00,0x00,0x00,0x00,0x00,
0x00,0x00,0x00,0x00,0x00,0x00,0xB5,0x7C,0x01,0x04,0x21,0x33,
0xFD,0xD6,0xF2,0x5B,0x6D,0xFF,0x9A,0x3C,0xFF,0x9A,0x3C,0xFF,
0x9B,0x3C,0xFF,0x9B,0x3C,0xFF,0x9B,0x3C,0xFF,0x9B,0x3C,0xFF,
0x9B,0x3C,0xFF,0x9A,0x34,0xFF,0x59,0x34,0xFF,0x17,0x34,0xFE,
0x94,0x2B,0xFF,0xD4,0x43,0xFF,0xF6,0x7C,0xFF,0x3A,0xB6,0xFF,
0x3D,0xDF,0xFF,0x9E,0xEF,0xFF,0xDE,0xF7,0xFF,0xDF,0xF7,0xFF,
0xDF,0xF7,0xFF,0xDF,0xFF,0xFF,0xDF,0xFF,0xFF,0xDF,0xFF,0xFF,
0xDF,0xFF,0xFF,0xDF,0xF7,0xFF,0xDE,0xF7,0xFF,0x9E,0xEF,0xFE,
0x1C,0xDF,0xFF,0x5A,0xC6,0xFF,0x77,0xA5,0xFF,0xB8,0xAD,0xFF,
0x5A,0xBE,0xFF,0xBB,0xCE,0xFF,0xDB,0xCE,0xFF,0xDC,0xD6,0xFF,
0xFC,0xD6,0xFF,0x1C,0xDF,0xFF,0x3D,0xDF,0xFF,0x3D,0xE7,0xFF,
0x5D,0xE7,0xFF,0x7D,0xE7,0xFF,0x7E,0xEF,0xFF,0x9E,0xEF,0xFE,
0x7D,0xEF,0xFF,0x5D,0xE7,0xFF,0x1C,0xE7,0xFF,0xBA,0xD6,0xFF,
0x79,0xCE,0xFF,0xBB,0xD6,0xFF,0x3D,0xDF,0xFF,0x5E,0xDF,0xFF,
0x5E,0xDF,0xFF,0x3D,0xD7,0xFF,0x1D,0xC7,0xFF,0xFD,0xBE,0xFF,
0xDD,0xB6,0xFF,0xDD,0xB6,0xFF,0xDD,0xB6,0xFF,0xDD,0xB6,0xFE,
0xDD,0xB6,0xFF,0xDD,0xB6,0xFF,0xDD,0xB6,0xFF,0xDD,0xB6,0xFF,
0xDD,0xB6,0xFF,0xBD,0xB6,0xFF,0xBD,0xB6,0xFF,0xBD,0xB6,0xFF,
0x9C,0xAE,0xFF,0x7C,0x9E,0xFF,0x9D,0x9E,0xFF,0x9D,0x9E,0xFF,
0x9D,0xA6,0xFF,0x9D,0xA6,0xFF,0x9D,0xA6,0xFF,0x9D,0xA6,0xFE,
0x9D,0xA6,0xFF,0xBD,0xA6,0xFF,0xBD,0xA6,0xFF,0xBD,0xA6,0xFF,
0xBD,0xA6,0xFF,0xBD,0xAE,0xFF,0xBD,0xA6,0xFF,0x9D,0xA6,0xFF,
0x9D,0xA6,0xFF,0x7D,0x9E,0xFF,0x7D,0x9E,0xFF,0x7D,0xA6,0xFF,
0xBD,0xAE,0xFE,0x9D,0xAE,0xD8,0x9D,0xA6,0xD1,0x9D,0xA6,0xCE,
0x9D,0xA6,0xCB,0x9D,0xA6,0xCA,0x9D,0xA6,0xC7,0x9D,0xA6,0xC6,
0x7D,0x9E,0xC3,0xBD,0xAE,0xBA,0x5A,0xB6,0x2D,0xDC,0xBE,0x07,
0x9C,0xB6,0x05,0x9B,0xBE,0x03,0xDB,0xCE,0x02,0x6E,0x6B,0x01,
0x00,0x00,0x00,0x00,0x00,0x00,0x00,0x00,0x00,0x00,0x00,0x00,
0x00,0x00,0x00,0x00,0x00,0x00,0x00,0x00,0x00,0x00,0x00,0x00,
0x00,0x00,0x00,0x00,0x00,0x00,0x00,0x00,0x00,0x00,0x00,0x00,
0x00,0x00,0x00,0x00,0x00,0x00,0x00,0x00,0x00,0x00,0x00,0x00,
0x00,0x00,0x00,0x00,0x00,0x00,0x00,0x00,0x00,0x00,0x00,0x00,
0x00,0x00,0x00,0x00,0x00,0x00,0xF7,0x7C,0x01,0xE7,0x39,0x4A,
0x1D,0xD7,0xFD,0x3B,0x65,0xFF,0x7A,0x3C,0xFF,0x9A,0x3C,0xFF,
0x9A,0x3C,0xFF,0x9A,0x3C,0xFF,0x9A,0x3C,0xFF,0x79,0x34,0xFF,
0x18,0x34,0xFF,0xD6,0x2B,0xFF,0x94,0x33,0xFF,0x55,0x64,0xFE,
0x3A,0xB6,0xFF,0x7E,0xEF,0xFF,0xBE,0xF7,0xFF,0x9E,0xEF,0xFF,
0x9E,0xEF,0xFF,0x9E,0xEF,0xFF,0xBE,0xF7,0xFF,0xBE,0xF7,0xFF,
0xBE,0xF7,0xFF,0xDE,0xF7,0xFF,0xDF,0xF7,0xFF,0xDF,0xFF,0xFF,
0xDF,0xFF,0xFF,0xDF,0xFF,0xFF,0xDF,0xFF,0xFF,0xDF,0xF7,0xFE,
0xDF,0xF7,0xFF,0xDF,0xF7,0xFF,0xDF,0xF7,0xFF,0x5D,0xE7,0xFF,
0x19,0xBE,0xFF,0xB8,0xAD,0xFF,0x39,0xBE,0xFF,0xBB,0xCE,0xFF,
0xFC,0xD6,0xFF,0x1C,0xD7,0xFF,0x1C,0xDF,0xFF,0x3D,0xDF,0xFF,
0x5D,0xE7,0xFF,0x5D,0xE7,0xFF,0x7D,0xEF,0xFF,0x7D,0xEF,0xFE,
0x5D,0xE7,0xFF,0x1C,0xE7,0xFF,0xDB,0xD6,0xFF,0x59,0xCE,0xFF,
0xBB,0xCE,0xFF,0x5E,0xE7,0xFF,0x5D,0xDF,0xFF,0x1D,0xC7,0xFF,
0xFD,0xBE,0xFF,0xDD,0xB6,0xFF,0xDD,0xB6,0xFF,0xDD,0xB6,0xFF,
0xDD,0xB6,0xFF,0xDD,0xB6,0xFF,0xDD,0xB6,0xFF,0xDD,0xB6,0xFE,
0xBD,0xB6,0xFF,0xBD,0xB6,0xFF,0xBD,0xB6,0xFF,0xBD,0xB6,0xFF,
0xBD,0xB6,0xFF,0xBD,0xB6,0xFF,0xBC,0xB6,0xFF,0xBC,0xB6,0xFF,
0xBC,0xB6,0xFF,0x7C,0xA6,0xFF,0x9D,0xA6,0xFF,0x9D,0xA6,0xFF,
0x9D,0xA6,0xFF,0x9D,0xA6,0xFF,0xBD,0xA6,0xFF,0xBD,0xA6,0xFE,
0xBD,0xAE,0xFF,0xBD,0xAE,0xFF,0xBD,0xAE,0xFF,0xBD,0xAE,0xFF,
0xBD,0xAE,0xFF,0xBD,0xAE,0xFF,0x9D,0xA6,0xFF,0x9D,0xA6,0xFF,
0x9D,0x9E,0xFF,0x9D,0x9E,0xFF,0x7D,0x9E,0xFF,0x9D,0x9E,0xFF,
0xBD,0xAE,0xFF,0x9D,0xAE,0xD9,0x9D,0xA6,0xD2,0x9D,0xA6,0xCF,
0x9D,0xA6,0xCC,0x9D,0xA6,0xCB,0x9D,0x9E,0xC8,0x9D,0x9E,0xC6,
0x9D,0x9E,0xC3,0xBD,0xAE,0xAC,0x5A,0xBE,0x18,0xDC,0xC6,0x07,
0xBC,0xBE,0x05,0xBB,0xC6,0x03,0xFC,0xD6,0x02,0x6E,0x6B,0x01,
0x00,0x00,0x00,0x00,0x00,0x00,0x00,0x00,0x00,0x00,0x00,0x00,
0x00,0x00,0x00,0x00,0x00,0x00,0x00,0x00,0x00,0x00,0x00,0x00,
0x00,0x00,0x00,0x00,0x00,0x00,0x00,0x00,0x00,0x00,0x00,0x00,
0x00,0x00,0x00,0x00,0x00,0x00,0x00,0x00,0x00,0x00,0x00,0x00,
0x00,0x00,0x00,0x00,0x00,0x00,0x00,0x00,0x00,0x00,0x00,0x00,
0x00,0x00,0x00,0x00,0x00,0x00,0xB7,0x74,0x08,0xD4,0x94,0xA9,
0xBD,0xBE,0xFF,0xBA,0x4C,0xFF,0x7A,0x3C,0xFF,0x7A,0x3C,0xFF,
0x7A,0x3C,0xFF,0x59,0x34,0xFF,0x18,0x34,0xFF,0xB6,0x2B,0xFF,
0x74,0x33,0xFF,0xB6,0x74,0xFF,0x9B,0xC6,0xFF,0x7E,0xEF,0xFE,
0x7E,0xEF,0xFF,0x7E,0xEF,0xFF,0x9E,0xEF,0xFF,0x9E,0xEF,0xFF,
0x9E,0xEF,0xFF,0x9E,0xEF,0xFF,0xBE,0xF7,0xFF,0xBE,0xF7,0xFF,
0xBE,0xF7,0xFF,0xDE,0xF7,0xFF,0xDF,0xF7,0xFF,0xDF,0xFF,0xFF,
0xDF,0xFF,0xFF,0xDF,0xFF,0xFF,0xDF,0xFF,0xFF,0xDF,0xF7,0xFE,
0xDE,0xF7,0xFF,0xBE,0xF7,0xFF,0xBE,0xF7,0xFF,0xBE,0xF7,0xFF,
0xBE,0xF7,0xFF,0x7E,0xEF,0xFF,0x9B,0xCE,0xFF,0xD8,0xAD,0xFF,
0x5A,0xC6,0xFF,0xFC,0xD6,0xFF,0xFC,0xD6,0xFF,0x1C,0xDF,0xFF,
0x3D,0xDF,0xFF,0x5D,0xE7,0xFF,0x7D,0xE7,0xFF,0x5D,0xE7,0xFE,
0xBB,0xD6,0xFF,0xD8,0xB5,0xFF,0x55,0xA5,0xFF,0x35,0xA5,0xFF,
0xFC,0xD6,0xFF,0x3D,0xD7,0xFF,0xFD,0xBE,0xFF,0xFD,0xB6,0xFF,
0xDD,0xB6,0xFF,0xDD,0xB6,0xFF,0xDD,0xB6,0xFF,0xDD,0xB6,0xFF,
0xBD,0xB6,0xFF,0xBD,0xB6,0xFF,0xBD,0xB6,0xFF,0xBD,0xB6,0xFE,
0xBD,0xB6,0xFF,0xBD,0xB6,0xFF,0xBD,0xB6,0xFF,0xBC,0xB6,0xFF,
0xBC,0xB6,0xFF,0xBC,0xB6,0xFF,0xBC,0xB6,0xFF,0xBC,0xB6,0xFF,
0xDD,0xB6,0xFF,0x9C,0xAE,0xFF,0xBD,0xA6,0xFF,0xBD,0xA6,0xFF,
0xBD,0xAE,0xFF,0xBD,0xAE,0xFF,0xBD,0xAE,0xFF,0xBD,0xAE,0xFE,
0xDD,0xAE,0xFF,0xDD,0xAE,0xFF,0xDD,0xAE,0xFF,0xDD,0xAE,0xFF,
0xBD,0xAE,0xFF,0xBD,0xA6,0xFF,0x9D,0xA6,0xFF,0x9D,0xA6,0xFF,
0x9D,0xA6,0xFF,0x9D,0x9E,0xFF,0x7D,0x9E,0xFF,0x7D,0x9E,0xFF,
0xBD,0xAE,0xFF,0xBD,0xAE,0xDC,0x9D,0xA6,0xD2,0x9D,0xA6,0xD0,
0x9D,0xA6,0xCC,0x9D,0x9E,0xCB,0x9D,0x9E,0xC8,0x9D,0x9E,0xC7,
0x9D,0x9E,0xC1,0x9C,0xAE,0x96,0x9B,0xC6,0x0E,0xFC,0xCE,0x07,
0xBC,0xBE,0x05,0xBB,0xC6,0x03,0x1C,0xD7,0x02,0x6E,0x6B,0x01,
0x00,0x00,0x00,0x00,0x00,0x00,0x00,0x00,0x00,0x00,0x00,0x00,
0x00,0x00,0x00,0x00,0x00,0x00,0x00,0x00,0x00,0x00,0x00,0x00,
0x00,0x00,0x00,0x00,0x00,0x00,0x00,0x00,0x00,0x00,0x00,0x00,
0x00,0x00,0x00,0x00,0x00,0x00,0x00,0x00,0x00,0x00,0x00,0x00,
0x00,0x00,0x00,0x00,0x00,0x00,0x00,0x00,0x00,0x00,0x00,0x00,
0x55,0x6C,0x0A,0xB5,0x7C,0x3C,0x97,0xA5,0xA3,0xFD,0xCE,0xFC,
0x5B,0x75,0xFF,0x5A,0x3C,0xFF,0x5A,0x3C,0xFF,0x5A,0x3C,0xFF,
0x18,0x34,0xFF,0xD6,0x33,0xFF,0x54,0x2B,0xFF,0x14,0x54,0xFF,
0x3A,0xBE,0xFF,0x5D,0xE7,0xFF,0x5D,0xE7,0xFF,0x5D,0xE7,0xFE,
0x7D,0xE7,0xFF,0x7D,0xEF,0xFF,0x7E,0xEF,0xFF,0x9E,0xEF,0xFF,
0x9E,0xEF,0xFF,0x9E,0xEF,0xFF,0xBE,0xF7,0xFF,0xBE,0xF7,0xFF,
0xBE,0xF7,0xFF,0xDE,0xF7,0xFF,0xDF,0xF7,0xFF,0xDF,0xFF,0xFF,
0xDF,0xFF,0xFF,0xDF,0xFF,0xFF,0xDF,0xF7,0xFF,0xDF,0xF7,0xFE,
0xBE,0xF7,0xFF,0xBE,0xF7,0xFF,0xBE,0xF7,0xFF,0xBE,0xF7,0xFF,
0x9E,0xEF,0xFF,0x9E,0xEF,0xFF,0x9E,0xEF,0xFF,0x7D,0xE7,0xFF,
0x5A,0xC6,0xFF,0xD8,0xAD,0xFF,0xBB,0xCE,0xFF,0xFC,0xD6,0xFF,
0x1C,0xDF,0xFF,0xFC,0xDE,0xFF,0xB8,0xAD,0xFF,0x12,0x6C,0xFE,
0xCD,0x4A,0xFF,0x2A,0x32,0xFF,0xC8,0x29,0xFF,0xAC,0x4A,0xFF,
0xB7,0xA5,0xFF,0x98,0x95,0xFF,0x1A,0x9E,0xFF,0xDD,0xB6,0xFF,
0xDD,0xB6,0xFF,0xDD,0xB6,0xFF,0xBD,0xB6,0xFF,0xBD,0xB6,0xFF,
0xBD,0xB6,0xFF,0xBD,0xB6,0xFF,0xBD,0xB6,0xFF,0xBD,0xB6,0xFE,
0xBD,0xB6,0xFF,0xBD,0xB6,0xFF,0xBC,0xB6,0xFF,0xBC,0xB6,0xFF,
0xBC,0xB6,0xFF,0xBC,0xB6,0xFF,0xBD,0xB6,0xFF,0xBD,0xB6,0xFF,
0xDD,0xB6,0xFF,0xDD,0xB6,0xFF,0x9D,0xAE,0xFF,0xBD,0xAE,0xFF,
0xBD,0xAE,0xFF,0xBD,0xAE,0xFF,0xDD,0xB6,0xFF,0xDD,0xB6,0xFE,
0xDD,0xB6,0xFF,0xDD,0xB6,0xFF,0xDD,0xAE,0xFF,0xBD,0xAE,0xFF,
0xBD,0xAE,0xFF,0xBD,0xA6,0xFF,0x9D,0xA6,0xFF,0x9D,0xA6,0xFF,
0x9D,0xA6,0xFF,0x7D,0x9E,0xFF,0x7D,0x9E,0xFF,0x7D,0x9E,0xFF,
0xBD,0xAE,0xFF,0xBD,0xA6,0xDD,0x9D,0xA6,0xD3,0x9D,0x9E,0xD0,
0x9D,0x9E,0xCD,0x7D,0x9E,0xCB,0x7D,0x9E,0xC9,0x7D,0x96,0xC7,
0x9D,0x9E,0xC0,0x7B,0xB6,0x74,0xDC,0xCE,0x0B,0xDC,0xC6,0x07,
0xBC,0xBE,0x05,0xDC,0xCE,0x03,0x1D,0xD7,0x02,0x6E,0x6B,0x01,
0x00,0x00,0x00,0x00,0x00,0x00,0x00,0x00,0x00,0x00,0x00,0x00,
0x00,0x00,0x00,0x00,0x00,0x00,0x00,0x00,0x00,0x00,0x00,0x00,
0x00,0x00,0x00,0x00,0x00,0x00,0x00,0x00,0x00,0x00,0x00,0x00,
0x00,0x00,0x00,0x00,0x00,0x00,0x00,0x00,0x00,0x00,0x00,0x00,
0x00,0x00,0x00,0x00,0x00,0x00,0x95,0x7C,0x30,0x15,0x95,0x87,
0x7B,0xC6,0xD2,0xFD,0xD6,0xF4,0x9D,0xBE,0xFE,0x3B,0x6D,0xFF,
0x5A,0x3C,0xFF,0x5A,0x3C,0xFF,0x3A,0x3C,0xFF,0xF8,0x33,0xFF,
0x96,0x2B,0xFF,0x32,0x33,0xFF,0xF6,0x84,0xFF,0x1C,0xDF,0xFF,
0x3D,0xDF,0xFF,0x3D,0xDF,0xFF,0x5D,0xE7,0xFF,0x5D,0xE7,0xFE,
0x5D,0xE7,0xFF,0x7D,0xE7,0xFF,0x7E,0xEF,0xFF,0x9E,0xEF,0xFF,
0x9E,0xEF,0xFF,0x9E,0xEF,0xFF,0xBE,0xF7,0xFF,0xBE,0xF7,0xFF,
0xBE,0xF7,0xFF,0xBE,0xF7,0xFF,0xDF,0xF7,0xFF,0xDF,0xFF,0xFF,
0xDF,0xFF,0xFF,0xDF,0xFF,0xFF,0xDF,0xF7,0xFF,0xDE,0xF7,0xFE,
0xBE,0xF7,0xFF,0xBE,0xF7,0xFF,0xBE,0xF7,0xFF,0xBE,0xF7,0xFF,
0x9E,0xEF,0xFF,0x9E,0xEF,0xFF,0x7E,0xEF,0xFF,0x7D,0xEF,0xFF,
0x7D,0xEF,0xFF,0xFC,0xD6,0xFF,0x97,0xAD,0xFF,0x5A,0xC6,0xFF,
0x3A,0xBE,0xFF,0xB5,0x84,0xFF,0x91,0x5B,0xFF,0xAD,0x3A,0xFE,
0xAD,0x32,0xFF,0x8D,0x32,0xFF,0x8D,0x32,0xFF,0x53,0x74,0xFF,
0xF9,0xA5,0xFF,0x78,0x85,0xFF,0x37,0x7D,0xFF,0x57,0x85,0xFF,
0x5B,0xA6,0xFF,0xDD,0xB6,0xFF,0xBD,0xB6,0xFF,0xBD,0xB6,0xFF,
0xBD,0xB6,0xFF,0xBD,0xB6,0xFF,0xBD,0xB6,0xFF,0xBD,0xB6,0xFE,
0xBC,0xB6,0xFF,0xBC,0xB6,0xFF,0xBD,0xB6,0xFF,0xBD,0xB6,0xFF,
0xBD,0xB6,0xFF,0xBD,0xB6,0xFF,0xBD,0xB6,0xFF,0xDD,0xB6,0xFF,
0xDD,0xB6,0xFF,0xDD,0xB6,0xFF,0x9C,0xAE,0xFF,0xBD,0xAE,0xFF,
0xBD,0xB6,0xFF,0xDD,0xB6,0xFF,0xDD,0xB6,0xFF,0xDD,0xB6,0xFE,
0xDD,0xB6,0xFF,0xBD,0xAE,0xFF,0xBD,0xAE,0xFF,0xBD,0xAE,0xFF,
0xBD,0xAE,0xFF,0xBD,0xAE,0xFF,0x9D,0xAE,0xFF,0x9D,0xA6,0xFF,
0x9D,0xA6,0xFF,0x7D,0x9E,0xFF,0x7D,0x9E,0xFF,0x7D,0x9E,0xFF,
0x9D,0xAE,0xFF,0xBD,0xA6,0xDE,0x9D,0xA6,0xD3,0x9D,0x9E,0xD0,
0x7D,0x9E,0xCE,0x7D,0x9E,0xCB,0x7D,0x96,0xC9,0x7D,0x96,0xC7,
0x9D,0x9E,0xBD,0x7A,0xB6,0x4F,0xFC,0xD6,0x0A,0xDC,0xC6,0x07,
0xBC,0xC6,0x05,0xDC,0xCE,0x03,0x1D,0xD7,0x02,0x6E,0x6B,0x01,
0x00,0x00,0x00,0x00,0x00,0x00,0x00,0x00,0x00,0x00,0x00,0x00,
0x00,0x00,0x00,0x00,0x00,0x00,0x00,0x00,0x00,0x00,0x00,0x00,
0x00,0x00,0x00,0x00,0x00,0x00,0x00,0x00,0x00,0x00,0x00,0x00,
0x00,0x00,0x00,0x00,0x00,0x00,0x00,0x00,0x00,0x96,0x74,0x01,
0x54,0x74,0x30,0xD8,0xAD,0xB4,0x1D,0xD7,0xF8,0x9D,0xBE,0xFE,
0x9B,0x8D,0xFF,0xBA,0x54,0xFF,0x3A,0x3C,0xFF,0x3A,0x3C,0xFF,
0x3A,0x3C,0xFF,0x19,0x34,0xFF,0xB7,0x33,0xFF,0x75,0x2B,0xFF,
0x73,0x43,0xFF,0x19,0xB6,0xFF,0x3D,0xDF,0xFF,0x1C,0xDF,0xFF,
0x3D,0xDF,0xFF,0x3D,0xDF,0xFF,0x3D,0xDF,0xFF,0x5D,0xE7,0xFE,
0x5D,0xE7,0xFF,0x5D,0xE7,0xFF,0x7E,0xEF,0xFF,0x7E,0xEF,0xFF,
0x9E,0xEF,0xFF,0x9E,0xEF,0xFF,0x9E,0xEF,0xFF,0xBE,0xF7,0xFF,
0xBE,0xF7,0xFF,0xBE,0xF7,0xFF,0xDF,0xF7,0xFF,0xDF,0xF7,0xFF,
0xDF,0xF7,0xFF,0xDF,0xF7,0xFF,0xDF,0xF7,0xFF,0xDE,0xF7,0xFE,
0xBE,0xF7,0xFF,0xBE,0xF7,0xFF,0xBE,0xF7,0xFF,0x9E,0xEF,0xFF,
0x9E,0xEF,0xFF,0x7E,0xEF,0xFF,0x7D,0xE7,0xFF,0x5D,0xE7,0xFF,
0x3C,0xE7,0xFF,0x1C,0xDF,0xFF,0xFB,0xD6,0xFF,0x77,0xA5,0xFF,
0x73,0x7C,0xFF,0x12,0x6C,0xFF,0xAE,0x32,0xFF,0xCE,0x32,0xFE,
0xF0,0x32,0xFF,0x30,0x3B,0xFF,0x30,0x3B,0xFF,0xB9,0x9D,0xFF,
0xFA,0x9D,0xFF,0x9A,0x85,0xFF,0x99,0x85,0xFF,0x99,0x85,0xFF,
0x78,0x85,0xFF,0x3B,0xA6,0xFF,0xBD,0xB6,0xFF,0xBD,0xB6,0xFF,
0xBD,0xB6,0xFF,0xBD,0xB6,0xFF,0xBD,0xB6,0xFF,0xBD,0xB6,0xFE,
0xBD,0xB6,0xFF,0xBD,0xB6,0xFF,0xBD,0xB6,0xFF,0xBD,0xB6,0xFF,
0xBD,0xB6,0xFF,0xBD,0xB6,0xFF,0xDD,0xB6,0xFF,0xDD,0xB6,0xFF,
0xDD,0xB6,0xFF,0xDD,0xB6,0xFF,0xBD,0xB6,0xFF,0xDD,0xB6,0xFF,
0xDD,0xB6,0xFF,0xDD,0xB6,0xFF,0xDD,0xB6,0xFF,0xDD,0xB6,0xFE,
0xDD,0xAE,0xFF,0xBD,0xAE,0xFF,0xBD,0xAE,0xFF,0xBD,0xAE,0xFF,
0xBD,0xAE,0xFF,0xBD,0xAE,0xFF,0x9D,0xAE,0xFF,0x9D,0xA6,0xFF,
0x9D,0xA6,0xFF,0x7D,0x9E,0xFF,0x7D,0x9E,0xFF,0x7D,0x9E,0xFF,
0x9D,0xA6,0xFF,0x9D,0xA6,0xDE,0x9D,0x9E,0xD3,0x7D,0x9E,0xD0,
0x7D,0x96,0xCD,0x7D,0x96,0xCB,0x5D,0x96,0xC9,0x5D,0x96,0xC6,
0x9D,0xA6,0xB5,0x5A,0xBE,0x2F,0x1D,0xD7,0x09,0xDC,0xCE,0x07,
0xBC,0xC6,0x05,0xFC,0xD6,0x03,0x1D,0xD7,0x02,0x2D,0x63,0x01,
0x00,0x00,0x00,0x00,0x00,0x00,0x00,0x00,0x00,0x00,0x00,0x00,
0x00,0x00,0x00,0x00,0x00,0x00,0x00,0x00,0x00,0x00,0x00,0x00,
0x00,0x00,0x00,0x00,0x00,0x00,0x00,0x00,0x00,0x00,0x00,0x00,
0x00,0x00,0x00,0x00,0x00,0x00,0x54,0x74,0x01,0xD1,0x6B,0x3C,
0x9B,0xC6,0xEA,0x7C,0xB6,0xFF,0xFB,0x64,0xFF,0x1A,0x3C,0xFE,
0x1A,0x3C,0xFF,0x1A,0x3C,0xFF,0x1A,0x3C,0xFF,0x1A,0x3C,0xFF,
0xF9,0x33,0xFF,0x96,0x33,0xFF,0x54,0x2B,0xFF,0xB3,0x4B,0xFF,
0x7B,0xC6,0xFF,0x1C,0xDF,0xFF,0x1C,0xDF,0xFF,0x1C,0xDF,0xFF,
0x1D,0xDF,0xFF,0x3D,0xDF,0xFF,0x3D,0xDF,0xFF,0x5D,0xE7,0xFE,
0x5D,0xE7,0xFF,0x5D,0xE7,0xFF,0x7D,0xE7,0xFF,0x7E,0xEF,0xFF,
0x7E,0xEF,0xFF,0x9E,0xEF,0xFF,0x9E,0xEF,0xFF,0xBE,0xF7,0xFF,
0xBE,0xF7,0xFF,0xBE,0xF7,0xFF,0xDE,0xF7,0xFF,0xDF,0xF7,0xFF,
0xDF,0xFF,0xFF,0xDF,0xF7,0xFF,0xDF,0xF7,0xFF,0xDE,0xF7,0xFE,
0xBE,0xF7,0xFF,0xBE,0xF7,0xFF,0x9E,0xF7,0xFF,0x9E,0xEF,0xFF,
0x7D,0xEF,0xFF,0x5D,0xE7,0xFF,0x3C,0xE7,0xFF,0x1C,0xDF,0xFF,
0xDB,0xD6,0xFF,0x9A,0xCE,0xFF,0x79,0xC6,0xFF,0x39,0xC6,0xFF,
0x15,0x95,0xFF,0x8D,0x32,0xFF,0xF0,0x32,0xFF,0x31,0x3B,0xFE,
0x92,0x43,0xFF,0x92,0x4B,0xFF,0x34,0x5C,0xFF,0x5B,0xB6,0xFF,
0x1B,0x96,0xFF,0xDB,0x8D,0xFF,0xDB,0x85,0xFF,0xBA,0x85,0xFF,
0xBA,0x8D,0xFF,0xBA,0x95,0xFF,0x5C,0xA6,0xFF,0xBD,0xAE,0xFF,
0xBD,0xAE,0xFF,0xBD,0xAE,0xFF,0xBD,0xAE,0xFF,0xBD,0xAE,0xFE,
0xBD,0xB6,0xFF,0xBD,0xB6,0xFF,0xBD,0xB6,0xFF,0xBD,0xB6,0xFF,
0xDD,0xB6,0xFF,0xDD,0xB6,0xFF,0xDD,0xB6,0xFF,0xDD,0xB6,0xFF,
0xDD,0xB6,0xFF,0xDD,0xBE,0xFF,0xDD,0xBE,0xFF,0xDD,0xB6,0xFF,
0xDD,0xB6,0xFF,0xDD,0xB6,0xFF,0xDD,0xB6,0xFF,0xBD,0xAE,0xFE,
0xBD,0xAE,0xFF,0xBD,0xAE,0xFF,0xBD,0xAE,0xFF,0xBD,0xAE,0xFF,
0xBD,0xAE,0xFF,0xBD,0xAE,0xFF,0x9D,0xAE,0xFF,0x9D,0xA6,0xFF,
0x9D,0xA6,0xFF,0x7D,0x9E,0xFF,0x7D,0x9E,0xFF,0x7D,0x9E,0xFF,
0x9D,0xA6,0xFF,0x9D,0xA6,0xE0,0x7D,0x9E,0xD4,0x7D,0x9E,0xD0,
0x7D,0x96,0xCD,0x5D,0x96,0xCB,0x5D,0x96,0xC8,0x5D,0x96,0xC4,
0x7C,0xA6,0xA3,0x7A,0xBE,0x19,0x1D,0xD7,0x09,0xDC,0xCE,0x07,
0xDC,0xCE,0x05,0xFC,0xD6,0x03,0x1D,0xD7,0x02,0x21,0x08,0x01,
0x00,0x00,0x00,0x00,0x00,0x00,0x00,0x00,0x00,0x00,0x00,0x00,
0x00,0x00,0x00,0x00,0x00,0x00,0x00,0x00,0x00,0x00,0x00,0x00,
0x00,0x00,0x00,0x00,0x00,0x00,0x00,0x00,0x00,0x00,0x00,0x00,
0x00,0x00,0x00,0x00,0x00,0x00,0x6B,0x42,0x05,0xD0,0x73,0x86,
0xBD,0xBE,0xFF,0x3A,0x4C,0xFF,0xF9,0x3B,0xFF,0xF9,0x3B,0xFE,
0xFA,0x3B,0xFF,0xFA,0x3B,0xFF,0xFA,0x3B,0xFF,0xD9,0x33,0xFF,
0x76,0x33,0xFF,0x34,0x2B,0xFF,0xB3,0x53,0xFF,0x7B,0xC6,0xFF,
0xFC,0xD6,0xFF,0xFC,0xD6,0xFF,0xFC,0xD6,0xFF,0x1C,0xDF,0xFF,
0x1C,0xDF,0xFF,0x1D,0xDF,0xFF,0x3D,0xDF,0xFF,0x3D,0xDF,0xFE,
0x5D,0xE7,0xFF,0x5D,0xE7,0xFF,0x7D,0xE7,0xFF,0x7E,0xEF,0xFF,
0x7E,0xEF,0xFF,0x9E,0xEF,0xFF,0x9E,0xEF,0xFF,0x9E,0xF7,0xFF,
0xBE,0xF7,0xFF,0xBE,0xF7,0xFF,0xDF,0xF7,0xFF,0xDF,0xF7,0xFF,
0xDF,0xFF,0xFF,0xDF,0xFF,0xFF,0xDF,0xF7,0xFF,0xBE,0xF7,0xFE,
0xBE,0xF7,0xFF,0x9E,0xEF,0xFF,0x7D,0xEF,0xFF,0x5D,0xE7,0xFF,
0x3C,0xE7,0xFF,0x1C,0xDF,0xFF,0xDB,0xD6,0xFF,0x9A,0xCE,0xFF,
0x59,0xC6,0xFF,0x18,0xBE,0xFF,0xD7,0xB5,0xFF,0x96,0xAD,0xFF,
0x76,0xAD,0xFF,0x93,0x84,0xFF,0x30,0x43,0xFF,0x72,0x43,0xFE,
0x51,0x43,0xFF,0x72,0x43,0xFF,0x78,0x95,0xFF,0x3B,0xAE,0xFF,
0xDB,0x8D,0xFF,0xDB,0x85,0xFF,0xFB,0x8D,0xFF,0xFB,0x8D,0xFF,
0xDA,0x8D,0xFF,0xDA,0x95,0xFF,0xFA,0x95,0xFF,0x9C,0xAE,0xFF,
0x9D,0xAE,0xFF,0x9D,0xAE,0xFF,0xBD,0xAE,0xFF,0xBD,0xAE,0xFE,
0xBD,0xB6,0xFF,0xBD,0xB6,0xFF,0xBD,0xB6,0xFF,0xBD,0xB6,0xFF,
0xDD,0xB6,0xFF,0xDD,0xB6,0xFF,0xDD,0xB6,0xFF,0xDD,0xB6,0xFF,
0xDD,0xBE,0xFF,0xDD,0xBE,0xFF,0xDD,0xBE,0xFF,0xDD,0xB6,0xFF,
0xDD,0xB6,0xFF,0xDD,0xB6,0xFF,0xDD,0xB6,0xFF,0xDD,0xB6,0xFE,
0xDD,0xB6,0xFF,0xDD,0xB6,0xFF,0xDD,0xB6,0xFF,0xBD,0xB6,0xFF,
0xBD,0xAE,0xFF,0xBD,0xAE,0xFF,0x9D,0xAE,0xFF,0x9D,0xA6,0xFF,
0x9D,0xA6,0xFF,0x9D,0x9E,0xFF,0x7D,0x9E,0xFF,0x7D,0x9E,0xFF,
0x9D,0xA6,0xFF,0x9D,0xA6,0xE1,0x7D,0x9E,0xD4,0x7D,0x96,0xD0,
0x5D,0x96,0xCD,0x5D,0x96,0xCB,0x5D,0x96,0xC8,0x5D,0x96,0xC3,
0x7B,0xAE,0x91,0x9B,0xCE,0x12,0x1D,0xD7,0x09,0xDC,0xCE,0x07,
0xDC,0xCE,0x04,0xFC,0xD6,0x03,0x1D,0xD7,0x02,0x21,0x08,0x01,
0x00,0x00,0x00,0x00,0x00,0x00,0x00,0x00,0x00,0x00,0x00,0x00,
0x00,0x00,0x00,0x00,0x00,0x00,0x00,0x00,0x00,0x00,0x00,0x00,
0x00,0x00,0x00,0x00,0x00,0x00,0x00,0x00,0x00,0x00,0x00,0x00,
0x00,0x00,0x00,0x00,0x00,0x00,0xA8,0x29,0x08,0x6E,0x6B,0x8B,
0x5C,0xB6,0xFF,0xD9,0x3B,0xFF,0xD9,0x3B,0xFF,0xD9,0x3B,0xFE,
0xD9,0x3B,0xFF,0xD9,0x3B,0xFF,0xD9,0x3B,0xFF,0x56,0x33,0xFF,
0x14,0x2B,0xFF,0x72,0x4B,0xFF,0x5A,0xBE,0xFF,0xDB,0xCE,0xFF,
0xDC,0xCE,0xFF,0xDC,0xD6,0xFF,0xFC,0xD6,0xFF,0xFC,0xD6,0xFF,
0x1C,0xDF,0xFF,0x1C,0xDF,0xFF,0x3D,0xDF,0xFF,0x3D,0xDF,0xFE,
0x3D,0xE7,0xFF,0x5D,0xE7,0xFF,0x5D,0xE7,0xFF,0x7D,0xEF,0xFF,
0x7E,0xEF,0xFF,0x7E,0xEF,0xFF,0x9E,0xEF,0xFF,0x9E,0xEF,0xFF,
0xBE,0xF7,0xFF,0xBE,0xF7,0xFF,0xDE,0xF7,0xFF,0xDF,0xF7,0xFF,
0xDF,0xF7,0xFF,0xDE,0xF7,0xFF,0xBE,0xF7,0xFF,0x9E,0xF7,0xFE,
0x9D,0xEF,0xFF,0x5D,0xEF,0xFF,0x3C,0xE7,0xFF,0x1C,0xDF,0xFF,
0xDB,0xD6,0xFF,0x9A,0xCE,0xFF,0x59,0xC6,0xFF,0xF8,0xBD,0xFF,
0xB7,0xB5,0xFF,0x96,0xAD,0xFF,0x56,0xA5,0xFF,0x55,0xA5,0xFF,
0x35,0xA5,0xFF,0x55,0xA5,0xFF,0x93,0x84,0xFF,0x71,0x4B,0xFE,
0x75,0x6C,0xFF,0x99,0x95,0xFF,0x5B,0xB6,0xFF,0x1B,0x96,0xFF,
0xDB,0x85,0xFF,0xDB,0x8D,0xFF,0xFB,0x8D,0xFF,0x1B,0x96,0xFF,
0x1B,0x96,0xFF,0xFB,0x95,0xFF,0x1B,0x9E,0xFF,0x3B,0xA6,0xFF,
0x9C,0xAE,0xFF,0x9C,0xAE,0xFF,0xBD,0xAE,0xFF,0xBD,0xB6,0xFE,
0xBD,0xB6,0xFF,0xBD,0xB6,0xFF,0xBD,0xB6,0xFF,0xDD,0xB6,0xFF,
0xDD,0xB6,0xFF,0xDD,0xB6,0xFF,0xDD,0xB6,0xFF,0xFD,0xBE,0xFF,
0xFD,0xBE,0xFF,0xFD,0xBE,0xFF,0xDD,0xBE,0xFF,0xBD,0xB6,0xFF,
0xDD,0xB6,0xFF,0xDD,0xB6,0xFF,0xDD,0xB6,0xFF,0xDD,0xB6,0xFE,
0xDD,0xB6,0xFF,0xDD,0xB6,0xFF,0xDD,0xB6,0xFF,0xBD,0xAE,0xFF,
0xBD,0xAE,0xFF,0xBD,0xAE,0xFF,0x9D,0xA6,0xFF,0x9D,0xA6,0xFF,
0x9D,0xA6,0xFF,0x7C,0x9E,0xFF,0x7C,0x96,0xFF,0x5C,0x96,0xFF,
0x9C,0xA6,0xFF,0x9C,0x9E,0xE1,0x7C,0x9E,0xD3,0x5D,0x96,0xD0,
0x5D,0x96,0xCD,0x5D,0x96,0xCB,0x3D,0x8E,0xC8,0x5D,0x96,0xC1,
0x7B,0xAE,0x7C,0x9C,0xCE,0x0E,0x1D,0xD7,0x09,0xDC,0xC6,0x06,
0xDC,0xCE,0x04,0xFD,0xD6,0x03,0x1D,0xD7,0x02,0x21,0x08,0x01,
0x00,0x00,0x00,0x00,0x00,0x00,0x00,0x00,0x00,0x00,0x00,0x00,
0x00,0x00,0x00,0x00,0x00,0x00,0x00,0x00,0x00,0x00,0x00,0x00,
0x00,0x00,0x00,0x00,0x00,0x00,0x00,0x00,0x00,0x00,0x00,0x00,
0x00,0x00,0x00,0x00,0x00,0x00,0xA8,0x29,0x09,0x6E,0x6B,0x8B,
0x5C,0xB6,0xFE,0xD9,0x3B,0xFE,0xB9,0x3B,0xFE,0xB9,0x3B,0xFE,
0xD9,0x3B,0xFE,0xB9,0x3B,0xFE,0x56,0x33,0xFE,0x14,0x2B,0xFE,
0x12,0x3B,0xFE,0xF9,0xB5,0xFE,0xBB,0xCE,0xFE,0xBB,0xCE,0xFE,
0xBB,0xCE,0xFE,0xDB,0xCE,0xFE,0xDC,0xD6,0xFE,0xFC,0xD6,0xFE,
0xFC,0xD6,0xFE,0x1C,0xDF,0xFE,0x1C,0xDF,0xFE,0x3D,0xDF,0xFE,
0x3D,0xDF,0xFE,0x5D,0xE7,0xFE,0x5D,0xE7,0xFE,0x7D,0xE7,0xFE,
0x7D,0xEF,0xFE,0x7E,0xEF,0xFE,0x9E,0xEF,0xFE,0x9E,0xEF,0xFE,
0xBE,0xF7,0xFE,0xBE,0xF7,0xFE,0xBE,0xF7,0xFE,0xBE,0xF7,0xFE,
0xBE,0xF7,0xFE,0x9E,0xF7,0xFE,0x9D,0xEF,0xFE,0x5D,0xEF,0xFE,
0x3C,0xE7,0xFE,0xFB,0xDE,0xFE,0xBB,0xD6,0xFE,0x7A,0xCE,0xFE,
0x38,0xC6,0xFE,0xF8,0xBD,0xFE,0xB7,0xB5,0xFE,0x96,0xAD,0xFE,
0x55,0xA5,0xFE,0x55,0xA5,0xFE,0x55,0xA5,0xFE,0x35,0xA5,0xFE,
0x55,0xA5,0xFE,0x97,0xAD,0xFE,0x5A,0xBE,0xFE,0x7B,0xBE,0xFE,
0x3B,0xAE,0xFE,0x3B,0xAE,0xFE,0xFB,0x95,0xFE,0xBB,0x85,0xFE,
0xDB,0x85,0xFE,0xFB,0x8D,0xFE,0xFB,0x8D,0xFE,0x1B,0x8E,0xFE,
0x3C,0x96,0xFE,0x1B,0x96,0xFE,0x3B,0x9E,0xFE,0x1B,0x9E,0xFE,
0x9C,0xAE,0xFE,0x9C,0xAE,0xFE,0xBD,0xAE,0xFE,0xBD,0xB6,0xFE,
0xBD,0xB6,0xFE,0xDD,0xB6,0xFE,0xDD,0xB6,0xFE,0xDD,0xB6,0xFE,
0xDD,0xB6,0xFE,0xDD,0xBE,0xFE,0xFD,0xBE,0xFE,0xFD,0xBE,0xFE,
0xFD,0xBE,0xFE,0xDD,0xB6,0xFE,0xDD,0xB6,0xFE,0xBD,0xB6,0xFE,
0xDD,0xB6,0xFE,0xDD,0xB6,0xFE,0xDD,0xB6,0xFE,0xDD,0xB6,0xFE,
0xDD,0xB6,0xFE,0xDD,0xB6,0xFE,0xDD,0xB6,0xFE,0xBD,0xAE,0xFE,
0xBD,0xAE,0xFE,0x9D,0xAE,0xFE,0x9D,0xA6,0xFE,0x9D,0xA6,0xFE,
0x9D,0x9E,0xFE,0x7C,0x9E,0xFE,0x5C,0x96,0xFE,0x5C,0x96,0xFE,
0x7C,0x9E,0xFE,0x7D,0x9E,0xE2,0x5D,0x96,0xD3,0x5D,0x96,0xD0,
0x5D,0x96,0xCC,0x3D,0x8E,0xCA,0x3D,0x8E,0xC8,0x5D,0x96,0xBF,
0x5B,0xB6,0x65,0xBC,0xC6,0x0D,0xFD,0xD6,0x09,0xBC,0xC6,0x06,
0xDC,0xCE,0x04,0xFD,0xD6,0x03,0x1D,0xD7,0x02,0x21,0x08,0x01,
0x00,0x00,0x00,0x00,0x00,0x00,0x00,0x00,0x00,0x00,0x00,0x00,
0x00,0x00,0x00,0x00,0x00,0x00,0x00,0x00,0x00,0x00,0x00,0x00,
0x00,0x00,0x00,0x00,0x00,0x00,0x00,0x00,0x00,0x00,0x00,0x00,
0x00,0x00,0x00,0x00,0x00,0x00,0x87,0x29,0x09,0x6E,0x6B,0x8B,
0x5C,0xB6,0xFF,0xB9,0x3B,0xFF,0x99,0x3B,0xFF,0xB9,0x3B,0xFE,
0xB9,0x3B,0xFF,0x57,0x33,0xFF,0x15,0x2B,0xFF,0xD2,0x32,0xFF,
0x78,0x9D,0xFF,0x9B,0xC6,0xFF,0x9B,0xC6,0xFF,0x9B,0xCE,0xFF,
0xBB,0xCE,0xFF,0xBB,0xCE,0xFF,0xDB,0xCE,0xFF,0xDC,0xD6,0xFF,
0xFC,0xD6,0xFF,0x1C,0xDF,0xFF,0x1C,0xDF,0xFF,0x1D,0xDF,0xFE,
0x3D,0xDF,0xFF,0x3D,0xE7,0xFF,0x5D,0xE7,0xFF,0x7D,0xE7,0xFF,
0x7D,0xE7,0xFF,0x7E,0xEF,0xFF,0x9E,0xEF,0xFF,0x9E,0xEF,0xFF,
0x9E,0xEF,0xFF,0xBE,0xF7,0xFF,0xBE,0xF7,0xFF,0x9E,0xF7,0xFF,
0x7D,0xEF,0xFF,0x5D,0xEF,0xFF,0x3C,0xE7,0xFF,0xFB,0xDE,0xFE,
0xBA,0xD6,0xFF,0x79,0xCE,0xFF,0x18,0xC6,0xFF,0xD7,0xBD,0xFF,
0xB6,0xB5,0xFF,0x76,0xAD,0xFF,0x76,0xAD,0xFF,0x55,0xA5,0xFF,
0x55,0xA5,0xFF,0x55,0xA5,0xFF,0x76,0xA5,0xFF,0xF8,0xB5,0xFF,
0xBB,0xCE,0xFF,0xFC,0xD6,0xFF,0x1D,0xD7,0xFF,0xFD,0xCE,0xFE,
0x3B,0xA6,0xFF,0xBB,0x85,0xFF,0xBB,0x85,0xFF,0xDB,0x85,0xFF,
0xDB,0x85,0xFF,0xDB,0x8D,0xFF,0x1B,0x96,0xFF,0x1C,0x96,0xFF,
0x3C,0x96,0xFF,0x3C,0x9E,0xFF,0x3B,0x9E,0xFF,0x3B,0xA6,0xFF,
0x9C,0xAE,0xFF,0x9D,0xAE,0xFF,0xBD,0xB6,0xFF,0xBD,0xB6,0xFE,
0xDD,0xB6,0xFF,0xDD,0xB6,0xFF,0xDD,0xB6,0xFF,0xDD,0xB6,0xFF,
0xFD,0xB6,0xFF,0xFD,0xBE,0xFF,0xFD,0xBE,0xFF,0xDD,0xB6,0xFF,
0xDD,0xB6,0xFF,0xDD,0xB6,0xFF,0xDD,0xB6,0xFF,0xDD,0xB6,0xFF,
0xDD,0xB6,0xFF,0xDD,0xB6,0xFF,0xDD,0xB6,0xFF,0xDD,0xB6,0xFE,
0xDD,0xB6,0xFF,0xDD,0xB6,0xFF,0xBD,0xB6,0xFF,0xBD,0xAE,0xFF,
0x9D,0xAE,0xFF,0x9D,0xA6,0xFF,0x9D,0xA6,0xFF,0x7D,0xA6,0xFF,
0x7D,0x9E,0xFF,0x5C,0x96,0xFF,0x5C,0x96,0xFF,0x3C,0x8E,0xFF,
0x5C,0x9E,0xFF,0x7D,0x9E,0xE3,0x5D,0x96,0xD2,0x3D,0x8E,0xCF,
0x3D,0x8E,0xCD,0x1D,0x8E,0xCA,0x1D,0x86,0xC7,0x5D,0x96,0xBA,
0x5A,0xB6,0x48,0xFC,0xCE,0x0C,0xFD,0xD6,0x08,0xBC,0xC6,0x06,
0xDC,0xCE,0x04,0xFD,0xD6,0x03,0x1D,0xD7,0x02,0x21,0x08,0x01,
0x00,0x00,0x00,0x00,0x00,0x00,0x00,0x00,0x00,0x00,0x00,0x00,
0x00,0x00,0x00,0x00,0x00,0x00,0x00,0x00,0x00,0x00,0x00,0x00,
0x00,0x00,0x00,0x00,0x00,0x00,0x00,0x00,0x00,0x00,0x00,0x00,
0x00,0x00,0x00,0x00,0x00,0x00,0x87,0x29,0x08,0x6E,0x6B,0x8A,
0x5C,0xB6,0xFF,0x99,0x3B,0xFF,0x99,0x3B,0xFF,0x99,0x3B,0xFE,
0x78,0x33,0xFF,0x15,0x33,0xFF,0xB3,0x2A,0xFF,0x75,0x7C,0xFF,
0x7B,0xC6,0xFF,0x7B,0xBE,0xFF,0x7B,0xC6,0xFF,0x9B,0xC6,0xFF,
0x9B,0xC6,0xFF,0x9B,0xCE,0xFF,0xBB,0xCE,0xFF,0xDB,0xCE,0xFF,
0xDC,0xD6,0xFF,0xFC,0xD6,0xFF,0x1C,0xDF,0xFF,0x1C,0xDF,0xFE,
0x1C,0xDF,0xFF,0x3D,0xDF,0xFF,0x5D,0xE7,0xFF,0x5D,0xE7,0xFF,
0x5D,0xE7,0xFF,0x7D,0xEF,0xFF,0x7D,0xEF,0xFF,0x7D,0xEF,0xFF,
0x7D,0xEF,0xFF,0x7D,0xEF,0xFF,0x5D,0xEF,0xFF,0x3C,0xE7,0xFF,
0x1C,0xDF,0xFF,0xDB,0xDE,0xFF,0x9A,0xD6,0xFF,0x59,0xCE,0xFE,
0x18,0xC6,0xFF,0xD7,0xBD,0xFF,0xB6,0xB5,0xFF,0x96,0xAD,0xFF,
0x76,0xAD,0xFF,0x75,0xAD,0xFF,0x55,0xA5,0xFF,0x76,0xAD,0xFF,
0xB7,0xB5,0xFF,0x7A,0xC6,0xFF,0xFC,0xD6,0xFF,0x1D,0xD7,0xFF,
0xFD,0xCE,0xFF,0xDD,0xBE,0xFF,0x9C,0xAE,0xFF,0x7C,0xA6,0xFE,
0x7C,0xA6,0xFF,0xDB,0x8D,0xFF,0xDC,0x85,0xFF,0xFC,0x8D,0xFF,
0xFC,0x8D,0xFF,0xFB,0x8D,0xFF,0x1B,0x96,0xFF,0x3C,0x96,0xFF,
0x5C,0x9E,0xFF,0x5C,0xA6,0xFF,0x5C,0xA6,0xFF,0x7C,0xA6,0xFF,
0x7C,0xAE,0xFF,0xBD,0xAE,0xFF,0xBD,0xB6,0xFF,0xBD,0xB6,0xFE,
0xDD,0xB6,0xFF,0xDD,0xB6,0xFF,0xDD,0xB6,0xFF,0xDD,0xB6,0xFF,
0xFD,0xB6,0xFF,0xDD,0xB6,0xFF,0xDD,0xB6,0xFF,0xDD,0xB6,0xFF,
0xDD,0xB6,0xFF,0xDD,0xB6,0xFF,0xDD,0xB6,0xFF,0xDD,0xB6,0xFF,
0xDD,0xB6,0xFF,0xDD,0xB6,0xFF,0xDD,0xB6,0xFF,0xDD,0xB6,0xFE,
0xBD,0xB6,0xFF,0xBD,0xB6,0xFF,0xBD,0xAE,0xFF,0x9D,0xAE,0xFF,
0x9D,0xAE,0xFF,0x9D,0xA6,0xFF,0x9D,0xA6,0xFF,0x7D,0x9E,0xFF,
0x7C,0x9E,0xFF,0x5C,0x96,0xFF,0x3C,0x96,0xFF,0x3C,0x8E,0xFF,
0x5C,0x9E,0xFF,0x5D,0x96,0xE3,0x3D,0x96,0xD2,0x3D,0x8E,0xCF,
0x3D,0x8E,0xCC,0x1D,0x86,0xCA,0x1D,0x86,0xC6,0x5D,0x96,0xB1,
0x5A,0xBE,0x30,0xFD,0xCE,0x0B,0xFD,0xD6,0x08,0xBC,0xC6,0x06,
0xDC,0xCE,0x04,0xFD,0xD6,0x03,0x9B,0xC6,0x02,0x20,0x00,0x01,
0x00,0x00,0x00,0x00,0x00,0x00,0x00,0x00,0x00,0x00,0x00,0x00,
0x00,0x00,0x00,0x00,0x00,0x00,0x00,0x00,0x00,0x00,0x00,0x00,
0x00,0x00,0x00,0x00,0x00,0x00,0x00,0x00,0x00,0x00,0x00,0x00,
0x00,0x00,0x00,0x00,0x00,0x00,0x87,0x29,0x07,0x6E,0x63,0x85,
0x7D,0xB6,0xFF,0x99,0x3B,0xFF,0x79,0x3B,0xFF,0x78,0x3B,0xFE,
0x16,0x33,0xFF,0xD4,0x2A,0xFF,0x31,0x4B,0xFF,0x5A,0xBE,0xFF,
0x5A,0xBE,0xFF,0x5A,0xBE,0xFF,0x5A,0xBE,0xFF,0x7B,0xC6,0xFF,
0x7B,0xC6,0xFF,0x9B,0xC6,0xFF,0x9B,0xCE,0xFF,0xBB,0xCE,0xFF,
0xDB,0xCE,0xFF,0xFC,0xD6,0xFF,0xFC,0xD6,0xFF,0xFC,0xD6,0xFE,
0x1C,0xDF,0xFF,0x1D,0xDF,0xFF,0x3D,0xDF,0xFF,0x3D,0xE7,0xFF,
0x5D,0xE7,0xFF,0x5D,0xE7,0xFF,0x3D,0xE7,0xFF,0x3C,0xE7,0xFF,
0x3C,0xE7,0xFF,0x1C,0xDF,0xFF,0xFB,0xDE,0xFF,0xBA,0xD6,0xFF,
0x9A,0xCE,0xFF,0x59,0xC6,0xFF,0x18,0xBE,0xFF,0xD7,0xBD,0xFE,
0xB6,0xB5,0xFF,0x96,0xAD,0xFF,0x76,0xAD,0xFF,0x76,0xAD,0xFF,
0x76,0xAD,0xFF,0xB7,0xAD,0xFF,0x39,0xBE,0xFF,0xBB,0xCE,0xFF,
0xFC,0xD6,0xFF,0x1D,0xD7,0xFF,0xDD,0xC6,0xFF,0xBC,0xB6,0xFF,
0x7C,0xAE,0xFF,0x7C,0xA6,0xFF,0x7C,0xA6,0xFF,0x7C,0xA6,0xFE,
0x7C,0xA6,0xFF,0x5C,0xA6,0xFF,0xFB,0x8D,0xFF,0xFC,0x8D,0xFF,
0x1C,0x8E,0xFF,0x1C,0x96,0xFF,0x1B,0x96,0xFF,0x3C,0x9E,0xFF,
0x5C,0x9E,0xFF,0x7C,0xA6,0xFF,0x7C,0xA6,0xFF,0x7C,0xAE,0xFF,
0x9C,0xAE,0xFF,0xBD,0xB6,0xFF,0xBD,0xB6,0xFF,0xDD,0xB6,0xFE,
0xDD,0xB6,0xFF,0xDD,0xB6,0xFF,0xDD,0xB6,0xFF,0xDD,0xB6,0xFF,
0xDD,0xB6,0xFF,0xBD,0xB6,0xFF,0xBD,0xB6,0xFF,0xBD,0xB6,0xFF,
0xBD,0xB6,0xFF,0xBD,0xB6,0xFF,0xBD,0xB6,0xFF,0xBD,0xB6,0xFF,
0xDD,0xB6,0xFF,0xDD,0xB6,0xFF,0xDD,0xB6,0xFF,0xBD,0xB6,0xFE,
0xBD,0xB6,0xFF,0xBD,0xB6,0xFF,0xBD,0xAE,0xFF,0xBD,0xAE,0xFF,
0x9D,0xA6,0xFF,0x9D,0xA6,0xFF,0x7D,0xA6,0xFF,0x7D,0x9E,0xFF,
0x5C,0x96,0xFF,0x5C,0x96,0xFF,0x3C,0x8E,0xFF,0x1C,0x8E,0xFF,
0x5C,0x96,0xFF,0x5D,0x96,0xE3,0x3D,0x8E,0xD1,0x3D,0x8E,0xCE,
0x1D,0x86,0xCC,0x1D,0x86,0xC9,0x1D,0x86,0xC4,0x7C,0x9E,0xA4,
0x7A,0xBE,0x20,0xFD,0xCE,0x0B,0xDC,0xCE,0x08,0xBC,0xC6,0x06,
0xDC,0xCE,0x03,0xFD,0xCE,0x02,0x10,0x7C,0x01,0x00,0x00,0x01,
0x00,0x00,0x00,0x00,0x00,0x00,0x00,0x00,0x00,0x00,0x00,0x00,
0x00,0x00,0x00,0x00,0x00,0x00,0x00,0x00,0x00,0x00,0x00,0x00,
0x00,0x00,0x00,0x00,0x00,0x00,0x00,0x00,0x00,0x00,0x00,0x00,
0x00,0x00,0x00,0x00,0x00,0x00,0x87,0x29,0x06,0x4D,0x63,0x7B,
0x9D,0xBE,0xFF,0x99,0x43,0xFF,0x58,0x3B,0xFF,0x17,0x33,0xFE,
0xD4,0x2A,0xFF,0x91,0x2A,0xFF,0x57,0x9D,0xFF,0x3A,0xBE,0xFF,
0x3A,0xB6,0xFF,0x3A,0xBE,0xFF,0x5A,0xBE,0xFF,0x5A,0xBE,0xFF,
0x7B,0xC6,0xFF,0x7B,0xC6,0xFF,0x9B,0xC6,0xFF,0x9B,0xCE,0xFF,
0xBB,0xCE,0xFF,0xDB,0xCE,0xFF,0xDC,0xD6,0xFF,0xFC,0xD6,0xFE,
0xFC,0xD6,0xFF,0x1C,0xDF,0xFF,0x1C,0xDF,0xFF,0x1C,0xDF,0xFF,
0x1C,0xDF,0xFF,0xFC,0xDE,0xFF,0xFB,0xDE,0xFF,0xDB,0xD6,0xFF,
0xBA,0xD6,0xFF,0x7A,0xCE,0xFF,0x59,0xCE,0xFF,0x38,0xC6,0xFF,
0xF7,0xBD,0xFF,0xD7,0xB5,0xFF,0xB6,0xB5,0xFF,0x96,0xB5,0xFE,
0x96,0xAD,0xFF,0x96,0xAD,0xFF,0x96,0xAD,0xFF,0xF8,0xB5,0xFF,
0x9B,0xCE,0xFF,0xFC,0xD6,0xFF,0x1D,0xD7,0xFF,0xFD,0xCE,0xFF,
0xDD,0xBE,0xFF,0x9D,0xAE,0xFF,0x7C,0xA6,0xFF,0x7C,0xA6,0xFF,
0x7C,0xA6,0xFF,0x7C,0xA6,0xFF,0x7C,0xA6,0xFF,0x7C,0xA6,0xFE,
0x7C,0xA6,0xFF,0x7C,0xA6,0xFF,0x3C,0x9E,0xFF,0xFC,0x8D,0xFF,
0x1C,0x96,0xFF,0x1C,0x96,0xFF,0x3C,0x9E,0xFF,0x5C,0x9E,0xFF,
0x5C,0xA6,0xFF,0x7C,0xA6,0xFF,0x7C,0xA6,0xFF,0x9D,0xAE,0xFF,
0x9C,0xAE,0xFF,0xBD,0xB6,0xFF,0xBD,0xB6,0xFF,0xDD,0xB6,0xFE,
0xDD,0xB6,0xFF,0xDD,0xB6,0xFF,0xDD,0xB6,0xFF,0xDD,0xB6,0xFF,
0xBD,0xAE,0xFF,0xBD,0xAE,0xFF,0xBD,0xAE,0xFF,0xBD,0xB6,0xFF,
0xBD,0xB6,0xFF,0xBD,0xB6,0xFF,0xBD,0xB6,0xFF,0xDD,0xB6,0xFF,
0xDD,0xB6,0xFF,0xBD,0xB6,0xFF,0xBD,0xB6,0xFF,0xBD,0xB6,0xFE,
0xBD,0xB6,0xFF,0xBD,0xAE,0xFF,0xBD,0xAE,0xFF,0x9D,0xAE,0xFF,
0x9D,0xA6,0xFF,0x7D,0xA6,0xFF,0x7D,0x9E,0xFF,0x5D,0x9E,0xFF,
0x5C,0x96,0xFF,0x3C,0x8E,0xFF,0x1C,0x8E,0xFF,0x1C,0x86,0xFF,
0x3C,0x96,0xFF,0x5D,0x96,0xE5,0x3D,0x8E,0xD1,0x1D,0x86,0xCE,
0x1D,0x86,0xCB,0xFD,0x7D,0xC9,0x1D,0x86,0xC2,0x5C,0xA6,0x90,
0x9B,0xC6,0x14,0xFD,0xCE,0x0A,0xDC,0xC6,0x07,0xBC,0xC6,0x05,
0xDC,0xCE,0x04,0xFD,0xCE,0x02,0x11,0x7C,0x02,0x00,0x00,0x01,
0x00,0x00,0x00,0x00,0x00,0x00,0x00,0x00,0x00,0x00,0x00,0x00,
0x00,0x00,0x00,0x00,0x00,0x00,0x00,0x00,0x00,0x00,0x00,0x00,
0x00,0x00,0x00,0x00,0x00,0x00,0x00,0x00,0x00,0x00,0x00,0x00,
0x00,0x00,0x00,0x00,0x00,0x00,0x0F,0x53,0x06,0xCC,0x52,0x6E,
0x9D,0xC6,0xFE,0x79,0x43,0xFF,0x38,0x33,0xFF,0xD5,0x32,0xFE,
0x93,0x2A,0xFF,0xB3,0x5B,0xFF,0x3A,0xB6,0xFF,0x1A,0xB6,0xFF,
0x1A,0xB6,0xFF,0x1A,0xB6,0xFF,0x3A,0xBE,0xFF,0x3A,0xBE,0xFF,
0x5A,0xBE,0xFF,0x7A,0xBE,0xFF,0x7B,0xC6,0xFF,0x9B,0xC6,0xFF,
0x9B,0xCE,0xFF,0xBB,0xCE,0xFF,0xBB,0xCE,0xFF,0xDB,0xD6,0xFE,
0xDB,0xD6,0xFF,0xDB,0xD6,0xFF,0xDB,0xD6,0xFF,0xBB,0xD6,0xFF,
0x9A,0xCE,0xFF,0x9A,0xCE,0xFF,0x79,0xCE,0xFF,0x39,0xC6,0xFF,
0x18,0xBE,0xFF,0xF7,0xBD,0xFF,0xD7,0xB5,0xFF,0xB7,0xB5,0xFF,
0xB6,0xB5,0xFF,0xB6,0xB5,0xFF,0xB6,0xB5,0xFF,0x96,0xB5,0xFE,
0xD7,0xB5,0xFF,0x7A,0xC6,0xFF,0xDC,0xD6,0xFF,0x1D,0xD7,0xFF,
0x1D,0xD7,0xFF,0xDD,0xC6,0xFF,0xBD,0xB6,0xFF,0x7D,0xA6,0xFF,
0x7C,0xA6,0xFF,0x7C,0xA6,0xFF,0x5C,0xA6,0xFF,0x5C,0xA6,0xFF,
0x5C,0xA6,0xFF,0x7C,0xA6,0xFF,0x7C,0xA6,0xFF,0x7C,0xA6,0xFE,
0x7C,0xA6,0xFF,0x7C,0xA6,0xFF,0x7C,0xA6,0xFF,0x1C,0x96,0xFF,
0x1C,0x96,0xFF,0x1C,0x96,0xFF,0x3C,0x9E,0xFF,0x5C,0x9E,0xFF,
0x5C,0xA6,0xFF,0x7C,0xA6,0xFF,0x7C,0xAE,0xFF,0x9D,0xAE,0xFF,
0xBD,0xB6,0xFF,0xBD,0xB6,0xFF,0xDD,0xB6,0xFF,0xDD,0xB6,0xFE,
0xDD,0xB6,0xFF,0xDD,0xB6,0xFF,0xBD,0xAE,0xFF,0xBD,0xAE,0xFF,
0xBD,0xAE,0xFF,0xBD,0xAE,0xFF,0xBD,0xB6,0xFF,0xBD,0xB6,0xFF,
0xBD,0xB6,0xFF,0xBD,0xB6,0xFF,0xBD,0xB6,0xFF,0xBD,0xB6,0xFF,
0xDD,0xB6,0xFF,0xBD,0xAE,0xFF,0xBD,0xAE,0xFF,0xBD,0xAE,0xFE,
0xBD,0xAE,0xFF,0xBD,0xAE,0xFF,0x9D,0xAE,0xFF,0x9D,0xA6,0xFF,
0x7D,0xA6,0xFF,0x7D,0x9E,0xFF,0x7D,0x9E,0xFF,0x5D,0x96,0xFF,
0x3C,0x96,0xFF,0x1C,0x8E,0xFF,0xFC,0x85,0xFF,0xFC,0x85,0xFF,
0x3C,0x8E,0xFF,0x3D,0x8E,0xE7,0x1D,0x86,0xD1,0x1D,0x86,0xCE,
0xFD,0x7D,0xCB,0xFD,0x7D,0xC9,0x1D,0x86,0xC1,0x5B,0xAE,0x7C,
0x9B,0xC6,0x0F,0xFD,0xCE,0x0A,0xDC,0xC6,0x07,0xBC,0xC6,0x05,
0xDC,0xCE,0x03,0xFD,0xCE,0x02,0x11,0x7C,0x01,0x00,0x00,0x01,
0x00,0x00,0x00,0x00,0x00,0x00,0x00,0x00,0x00,0x00,0x00,0x00,
0x00,0x00,0x00,0x00,0x00,0x00,0x00,0x00,0x00,0x00,0x00,0x00,
0x00,0x00,0x00,0x00,0x00,0x00,0x00,0x00,0x00,0x00,0x00,0x00,
0x00,0x00,0x00,0x00,0x00,0x00,0x50,0x5B,0x04,0xE8,0x39,0x5F,
0xBC,0xC6,0xFD,0x79,0x43,0xFF,0xD6,0x32,0xFF,0x94,0x2A,0xFE,
0x71,0x32,0xFF,0x57,0x9D,0xFF,0xF9,0xB5,0xFF,0xF9,0xB5,0xFF,
0xF9,0xB5,0xFF,0x1A,0xB6,0xFF,0x1A,0xB6,0xFF,0x3A,0xBE,0xFF,
0x3A,0xBE,0xFF,0x5A,0xBE,0xFF,0x5A,0xBE,0xFF,0x7A,0xBE,0xFF,
0x7B,0xC6,0xFF,0x7B,0xC6,0xFF,0x7B,0xC6,0xFF,0x7A,0xC6,0xFE,
0x7A,0xC6,0xFF,0x7A,0xC6,0xFF,0x59,0xC6,0xFF,0x39,0xBE,0xFF,
0x18,0xBE,0xFF,0xF8,0xBD,0xFF,0xD7,0xB5,0xFF,0xB6,0xB5,0xFF,
0xB6,0xB5,0xFF,0x96,0xB5,0xFF,0xB6,0xB5,0xFF,0xB6,0xB5,0xFF,
0xB7,0xB5,0xFF,0xD7,0xB5,0xFF,0x39,0xBE,0xFF,0xBB,0xCE,0xFE,
0x1D,0xD7,0xFF,0x1D,0xD7,0xFF,0xFD,0xCE,0xFF,0xBD,0xB6,0xFF,
0x9D,0xA6,0xFF,0x7C,0xA6,0xFF,0x7C,0xA6,0xFF,0x7C,0x9E,0xFF,
0x5C,0x9E,0xFF,0x5C,0x9E,0xFF,0x5C,0x9E,0xFF,0x5C,0x9E,0xFF,
0x5C,0x9E,0xFF,0x5C,0x9E,0xFF,0x5C,0x9E,0xFF,0x5C,0x9E,0xFE,
0x5C,0xA6,0xFF,0x5C,0xA6,0xFF,0x7C,0xA6,0xFF,0x3C,0x9E,0xFF,
0x1C,0x96,0xFF,0x3C,0x9E,0xFF,0x5C,0x9E,0xFF,0x5C,0xA6,0xFF,
0x7D,0xA6,0xFF,0x7D,0xA6,0xFF,0x9D,0xAE,0xFF,0x9D,0xAE,0xFF,
0xBD,0xB6,0xFF,0xBD,0xB6,0xFF,0xDD,0xB6,0xFF,0xDD,0xB6,0xFE,
0xBD,0xAE,0xFF,0xBD,0xAE,0xFF,0xBD,0xAE,0xFF,0xBD,0xAE,0xFF,
0xBD,0xAE,0xFF,0xBD,0xAE,0xFF,0xBD,0xAE,0xFF,0xBD,0xAE,0xFF,
0xBD,0xAE,0xFF,0xBD,0xB6,0xFF,0xBD,0xB6,0xFF,0xBD,0xB6,0xFF,
0xDD,0xAE,0xFF,0xBD,0xAE,0xFF,0xBD,0xAE,0xFF,0xBD,0xAE,0xFE,
0xBD,0xAE,0xFF,0xBD,0xAE,0xFF,0x9D,0xA6,0xFF,0x7D,0xA6,0xFF,
0x7D,0x9E,0xFF,0x5D,0x9E,0xFF,0x5D,0x96,0xFF,0x3C,0x96,0xFF,
0x3C,0x8E,0xFF,0x1C,0x8E,0xFF,0xFC,0x85,0xFF,0xDC,0x7D,0xFF,
0x1C,0x8E,0xFF,0x3D,0x8E,0xE8,0xFD,0x85,0xD1,0xFD,0x7D,0xCD,
0xFC,0x7D,0xCB,0xDC,0x7D,0xC8,0x1D,0x86,0xBF,0x5B,0xAE,0x70,
0x7B,0xC6,0x0D,0xDD,0xCE,0x09,0xBC,0xC6,0x07,0xBC,0xC6,0x05,
0xDC,0xCE,0x03,0xFD,0xCE,0x02,0x49,0x42,0x01,0x00,0x00,0x01,
0x00,0x00,0x00,0x00,0x00,0x00,0x00,0x00,0x00,0x00,0x00,0x00,
0x00,0x00,0x00,0x00,0x00,0x00,0x00,0x00,0x00,0x00,0x00,0x00,
0x00,0x00,0x00,0x00,0x00,0x00,0x00,0x00,0x00,0x00,0x00,0x00,
0x00,0x00,0x00,0x00,0x00,0x00,0x30,0x5B,0x04,0xE8,0x39,0x5A,
0xBC,0xC6,0xFB,0x78,0x4B,0xFF,0xB5,0x32,0xFF,0x73,0x2A,0xFE,
0x72,0x5B,0xFF,0xF9,0xAD,0xFF,0xD9,0xAD,0xFF,0xD9,0xAD,0xFF,
0xF9,0xAD,0xFF,0xF9,0xB5,0xFF,0xF9,0xB5,0xFF,0x1A,0xB6,0xFF,
0x1A,0xB6,0xFF,0x3A,0xB6,0xFF,0x3A,0xBE,0xFF,0x3A,0xBE,0xFF,
0x3A,0xBE,0xFF,0x3A,0xBE,0xFF,0x19,0xBE,0xFF,0x19,0xBE,0xFE,
0xF8,0xB5,0xFF,0xD8,0xB5,0xFF,0xD7,0xB5,0xFF,0xB7,0xAD,0xFF,
0x96,0xAD,0xFF,0x76,0xAD,0xFF,0x76,0xAD,0xFF,0x76,0xAD,0xFF,
0x96,0xAD,0xFF,0x96,0xB5,0xFF,0xB7,0xB5,0xFF,0x18,0xBE,0xFF,
0x9B,0xCE,0xFF,0x1C,0xD7,0xFF,0x3D,0xDF,0xFF,0x1D,0xD7,0xFE,
0xDD,0xC6,0xFF,0x9D,0xAE,0xFF,0x7D,0xA6,0xFF,0x7D,0xA6,0xFF,
0x7D,0x9E,0xFF,0x5D,0x9E,0xFF,0x5C,0x9E,0xFF,0x5C,0x9E,0xFF,
0x5C,0x9E,0xFF,0x5C,0x9E,0xFF,0x5C,0x9E,0xFF,0x5C,0x9E,0xFF,
0x5C,0x9E,0xFF,0x5C,0x9E,0xFF,0x5C,0x9E,0xFF,0x5C,0x9E,0xFE,
0x5C,0x9E,0xFF,0x5C,0x9E,0xFF,0x5C,0xA6,0xFF,0x7C,0xA6,0xFF,
0x3C,0x9E,0xFF,0x5C,0x9E,0xFF,0x5C,0x9E,0xFF,0x7D,0xA6,0xFF,
0x7D,0xA6,0xFF,0x7D,0xAE,0xFF,0x9D,0xAE,0xFF,0x9D,0xB6,0xFF,
0xBD,0xB6,0xFF,0xBD,0xB6,0xFF,0xBD,0xAE,0xFF,0xBD,0xAE,0xFE,
0xBD,0xAE,0xFF,0xBD,0xAE,0xFF,0xBD,0xAE,0xFF,0xBD,0xAE,0xFF,
0xBD,0xAE,0xFF,0xBD,0xAE,0xFF,0xBD,0xAE,0xFF,0xBD,0xAE,0xFF,
0xBD,0xAE,0xFF,0xBD,0xAE,0xFF,0xBD,0xAE,0xFF,0xBD,0xAE,0xFF,
0xBD,0xAE,0xFF,0xBD,0xAE,0xFF,0xBD,0xAE,0xFF,0xBD,0xAE,0xFE,
0x9D,0xAE,0xFF,0x9D,0xA6,0xFF,0x9D,0xA6,0xFF,0x7D,0xA6,0xFF,
0x7D,0x9E,0xFF,0x5D,0x9E,0xFF,0x5D,0x96,0xFF,0x3C,0x96,0xFF,
0x1C,0x8E,0xFF,0xFC,0x85,0xFF,0xFC,0x7D,0xFF,0xDC,0x7D,0xFF,
0x1C,0x86,0xFF,0x3D,0x8E,0xE9,0xFD,0x7D,0xD0,0xFC,0x7D,0xCD,
0xFC,0x75,0xCB,0xDC,0x75,0xC8,0x1D,0x86,0xBD,0x5B,0xB6,0x5C,
0x9B,0xC6,0x0D,0xDC,0xCE,0x09,0xBC,0xC6,0x07,0xBC,0xC6,0x05,
0xDC,0xCE,0x04,0xFD,0xCE,0x02,0xC3,0x18,0x01,0x00,0x00,0x01,
0x00,0x00,0x00,0x00,0x00,0x00,0x00,0x00,0x00,0x00,0x00,0x00,
0x00,0x00,0x00,0x00,0x00,0x00,0x00,0x00,0x00,0x00,0x00,0x00,
0x00,0x00,0x00,0x00,0x00,0x00,0x00,0x00,0x00,0x00,0x00,0x00,
0x00,0x00,0x00,0x00,0x00,0x00,0x2F,0x5B,0x03,0xC7,0x39,0x51,
0xDC,0xCE,0xF8,0x77,0x4B,0xFF,0x74,0x2A,0xFF,0x30,0x2A,0xFE,
0xF6,0x8C,0xFF,0xD9,0xAD,0xFF,0xD9,0xAD,0xFF,0xD9,0xAD,0xFF,
0xD9,0xAD,0xFF,0xF9,0xAD,0xFF,0xF9,0xAD,0xFF,0xF9,0xB5,0xFF,
0xF9,0xB5,0xFF,0xF9,0xB5,0xFF,0xF9,0xB5,0xFF,0xF9,0xB5,0xFF,
0xD8,0xAD,0xFF,0xB8,0xAD,0xFF,0x97,0xAD,0xFF,0x76,0xA5,0xFE,
0x56,0xA5,0xFF,0x56,0xA5,0xFF,0x55,0xA5,0xFF,0x55,0xA5,0xFF,
0x55,0xA5,0xFF,0x55,0xA5,0xFF,0x76,0xAD,0xFF,0x76,0xAD,0xFF,
0xD7,0xB5,0xFF,0x5A,0xC6,0xFF,0xFC,0xD6,0xFF,0x3D,0xD7,0xFF,
0x1D,0xD7,0xFF,0xFD,0xCE,0xFF,0xBD,0xB6,0xFF,0x9D,0xA6,0xFE,
0x7D,0xA6,0xFF,0x7D,0x9E,0xFF,0x5D,0x9E,0xFF,0x5D,0x9E,0xFF,
0x5D,0x9E,0xFF,0x5C,0x9E,0xFF,0x5C,0x9E,0xFF,0x5C,0x9E,0xFF,
0x5C,0x9E,0xFF,0x5C,0x9E,0xFF,0x5C,0x9E,0xFF,0x5C,0x9E,0xFF,
0x5C,0x9E,0xFF,0x5C,0x9E,0xFF,0x5C,0x9E,0xFF,0x5C,0x9E,0xFE,
0x5C,0x9E,0xFF,0x5C,0xA6,0xFF,0x5C,0xA6,0xFF,0x7C,0xA6,0xFF,
0x5C,0xA6,0xFF,0x5C,0x9E,0xFF,0x5D,0xA6,0xFF,0x7D,0xA6,0xFF,
0x7D,0xAE,0xFF,0x9D,0xAE,0xFF,0x9D,0xAE,0xFF,0xBD,0xAE,0xFF,
0xBD,0xAE,0xFF,0xBD,0xAE,0xFF,0x9D,0xA6,0xFF,0x9D,0xA6,0xFE,
0xBD,0xA6,0xFF,0xBD,0xAE,0xFF,0x9D,0xAE,0xFF,0xBD,0xAE,0xFF,
0xBD,0xAE,0xFF,0xBD,0xAE,0xFF,0x9D,0xAE,0xFF,0xBD,0xAE,0xFF,
0x9D,0xAE,0xFF,0x9D,0xAE,0xFF,0xBD,0xAE,0xFF,0xBD,0xAE,0xFF,
0xBD,0xAE,0xFF,0xBD,0xA6,0xFF,0xBD,0xA6,0xFF,0xBD,0xA6,0xFE,
0x9D,0xA6,0xFF,0x9D,0xA6,0xFF,0x7D,0xA6,0xFF,0x7D,0x9E,0xFF,
0x5D,0x9E,0xFF,0x5D,0x96,0xFF,0x3C,0x96,0xFF,0x1C,0x8E,0xFF,
0x1C,0x86,0xFF,0xFC,0x85,0xFF,0xDC,0x7D,0xFF,0xDC,0x75,0xFF,
0xFC,0x85,0xFF,0x1D,0x86,0xEA,0xFD,0x75,0xD0,0xDC,0x75,0xCC,
0xDC,0x75,0xCA,0xDC,0x75,0xC7,0x1D,0x86,0xB8,0x1A,0xB6,0x42,
0x9C,0xC6,0x0D,0xDC,0xCE,0x09,0xBC,0xC6,0x07,0xBC,0xC6,0x05,
0xDC,0xCE,0x03,0xDD,0xCE,0x02,0xC3,0x18,0x02,0x00,0x00,0x01,
0x00,0x00,0x00,0x00,0x00,0x00,0x00,0x00,0x00,0x00,0x00,0x00,
0x00,0x00,0x00,0x00,0x00,0x00,0x00,0x00,0x00,0x00,0x00,0x00,
0x00,0x00,0x00,0x00,0x00,0x00,0x00,0x00,0x00,0x00,0x00,0x00,
0x00,0x00,0x00,0x00,0x00,0x00,0x0F,0x5B,0x02,0x86,0x31,0x46,
0xBC,0xC6,0xF3,0x56,0x4B,0xFF,0x53,0x2A,0xFF,0xD1,0x42,0xFE,
0xB8,0xA5,0xFF,0xB9,0xA5,0xFF,0xB9,0xA5,0xFF,0xB9,0xA5,0xFF,
0xD9,0xAD,0xFF,0xD9,0xAD,0xFF,0xD9,0xAD,0xFF,0xD9,0xAD,0xFF,
0xD9,0xAD,0xFF,0xD9,0xAD,0xFF,0xB8,0xAD,0xFF,0x97,0xA5,0xFF,
0x76,0xA5,0xFF,0x36,0x9D,0xFF,0x15,0x9D,0xFF,0xF5,0x94,0xFE,
0xF4,0x94,0xFF,0xF4,0x94,0xFF,0x14,0x9D,0xFF,0x35,0x9D,0xFF,
0x35,0xA5,0xFF,0x76,0xAD,0xFF,0x19,0xBE,0xFF,0xBB,0xCE,0xFF,
0x1D,0xD7,0xFF,0xFD,0xD6,0xFF,0x9C,0xBE,0xFF,0x1B,0xA6,0xFF,
0xBA,0x8D,0xFF,0xBA,0x8D,0xFF,0xFB,0x8D,0xFF,0x5C,0x9E,0xFE,
0x7D,0x9E,0xFF,0x5D,0x9E,0xFF,0x5D,0x9E,0xFF,0x5C,0x9E,0xFF,
0x5C,0x9E,0xFF,0x5C,0x9E,0xFF,0x3C,0x9E,0xFF,0x3C,0x9E,0xFF,
0x3C,0x9E,0xFF,0x3C,0x9E,0xFF,0x3C,0x9E,0xFF,0x3C,0x9E,0xFF,
0x3C,0x9E,0xFF,0x5C,0x9E,0xFF,0x3C,0x9E,0xFF,0x5C,0x9E,0xFE,
0x5C,0x9E,0xFF,0x5C,0x9E,0xFF,0x5C,0xA6,0xFF,0x5C,0xA6,0xFF,
0x5C,0xA6,0xFF,0x5C,0x9E,0xFF,0x7D,0xA6,0xFF,0x7D,0xA6,0xFF,
0x7D,0xAE,0xFF,0x9D,0xAE,0xFF,0x9D,0xAE,0xFF,0x9D,0xAE,0xFF,
0x9D,0xA6,0xFF,0x9D,0xA6,0xFF,0x9D,0xA6,0xFF,0x9D,0xA6,0xFE,
0x9D,0xA6,0xFF,0x9D,0xA6,0xFF,0x9D,0xA6,0xFF,0x9D,0xA6,0xFF,
0x9D,0xA6,0xFF,0x9D,0xA6,0xFF,0x9D,0xA6,0xFF,0x9D,0xA6,0xFF,
0x9D,0xAE,0xFF,0x9D,0xAE,0xFF,0x9D,0xAE,0xFF,0x9D,0xA6,0xFF,
0xBD,0xA6,0xFF,0xBD,0xA6,0xFF,0xBD,0xA6,0xFF,0x9D,0xA6,0xFE,
0x9D,0xA6,0xFF,0x7D,0x9E,0xFF,0x7C,0x9E,0xFF,0x5C,0x9E,0xFF,
0x5C,0x96,0xFF,0x3C,0x96,0xFF,0x1C,0x8E,0xFF,0x1C,0x8E,0xFF,
0xFC,0x85,0xFF,0xFC,0x7D,0xFF,0xBC,0x75,0xFF,0xBC,0x75,0xFF,
0xFC,0x85,0xFF,0xFD,0x7D,0xEA,0xDC,0x75,0xCF,0xBC,0x75,0xCC,
0xBC,0x6D,0xCA,0xBC,0x6D,0xC6,0x1C,0x86,0xB2,0x19,0xB6,0x2D,
0x9C,0xC6,0x0C,0xDC,0xCE,0x09,0x7B,0xBE,0x06,0xBC,0xC6,0x05,
0xBC,0xCE,0x03,0xDD,0xCE,0x02,0xC3,0x18,0x01,0x00,0x00,0x01,
0x00,0x00,0x00,0x00,0x00,0x00,0x00,0x00,0x00,0x00,0x00,0x00,
0x00,0x00,0x00,0x00,0x00,0x00,0x00,0x00,0x00,0x00,0x00,0x00,
0x00,0x00,0x00,0x00,0x00,0x00,0x00,0x00,0x00,0x00,0x00,0x00,
0x00,0x00,0x00,0x00,0x00,0x00,0x0E,0x5B,0x02,0x04,0x21,0x38,
0x5A,0xBE,0xED,0x55,0x53,0xFF,0x12,0x2A,0xFF,0xD2,0x63,0xFE,
0xB8,0xA5,0xFF,0x98,0xA5,0xFF,0x98,0xA5,0xFF,0xB8,0xA5,0xFF,
0xB9,0xA5,0xFF,0xB9,0xA5,0xFF,0xB9,0xA5,0xFF,0xB9,0xAD,0xFF,
0xB8,0xA5,0xFF,0x98,0xA5,0xFF,0x77,0xA5,0xFF,0x36,0x9D,0xFF,
0xF5,0x94,0xFF,0xB4,0x8C,0xFF,0xB3,0x8C,0xFF,0xB3,0x8C,0xFE,
0xB4,0x94,0xFF,0xD4,0x94,0xFF,0x15,0x9D,0xFF,0x97,0xAD,0xFF,
0x5A,0xBE,0xFF,0xDC,0xCE,0xFF,0xFD,0xCE,0xFF,0xBC,0xC6,0xFF,
0xDA,0x9D,0xFF,0x38,0x7D,0xFF,0xD7,0x6C,0xFF,0xD7,0x6C,0xFF,
0xD7,0x64,0xFF,0xD7,0x64,0xFF,0xB7,0x64,0xFF,0xB7,0x64,0xFE,
0x59,0x7D,0xFF,0x1C,0x96,0xFF,0x5C,0x9E,0xFF,0x5C,0x9E,0xFF,
0x3C,0x9E,0xFF,0x3C,0x9E,0xFF,0x3C,0x9E,0xFF,0x3C,0x96,0xFF,
0x3C,0x9E,0xFF,0x3C,0x96,0xFF,0x3C,0x9E,0xFF,0x3C,0x9E,0xFF,
0x3C,0x9E,0xFF,0x3C,0x9E,0xFF,0x3C,0x9E,0xFF,0x5C,0x9E,0xFE,
0x5C,0x9E,0xFF,0x5C,0x9E,0xFF,0x5C,0x9E,0xFF,0x5C,0xA6,0xFF,
0x7C,0xA6,0xFF,0x5C,0xA6,0xFF,0x7C,0xA6,0xFF,0x7D,0xA6,0xFF,
0x7D,0xAE,0xFF,0x9D,0xAE,0xFF,0x9D,0xA6,0xFF,0x7D,0xA6,0xFF,
0x9D,0xA6,0xFF,0x9D,0xA6,0xFF,0x9D,0xA6,0xFF,0x9D,0xA6,0xFE,
0x9D,0xA6,0xFF,0x9D,0xA6,0xFF,0x9D,0xA6,0xFF,0x9D,0xA6,0xFF,
0x9D,0xA6,0xFF,0x9D,0xA6,0xFF,0x9D,0xA6,0xFF,0x9D,0xA6,0xFF,
0x9D,0xA6,0xFF,0x9D,0xA6,0xFF,0x9D,0xA6,0xFF,0x9D,0xA6,0xFF,
0x9D,0xA6,0xFF,0x9D,0xA6,0xFF,0x9D,0xA6,0xFF,0x9D,0xA6,0xFE,
0x7D,0x9E,0xFF,0x7C,0x9E,0xFF,0x5C,0x9E,0xFF,0x3C,0x96,0xFF,
0x3C,0x96,0xFF,0x1C,0x8E,0xFF,0x1C,0x8E,0xFF,0xFC,0x85,0xFF,
0xFC,0x7D,0xFF,0xDC,0x7D,0xFF,0xBC,0x75,0xFF,0xBC,0x75,0xFF,
0xDC,0x7D,0xFF,0xFD,0x7D,0xEB,0xDC,0x75,0xCE,0xBC,0x6D,0xCC,
0xBC,0x6D,0xCA,0xBC,0x6D,0xC5,0x1C,0x8E,0xA8,0x19,0xB6,0x1D,
0xBC,0xC6,0x0C,0xBC,0xCE,0x08,0x7B,0xBE,0x06,0x9C,0xC6,0x05,
0xBC,0xCE,0x03,0xDD,0xCE,0x02,0xC3,0x18,0x01,0x00,0x00,0x01,
0x00,0x00,0x00,0x00,0x00,0x00,0x00,0x00,0x00,0x00,0x00,0x00,
0x00,0x00,0x00,0x00,0x00,0x00,0x00,0x00,0x00,0x00,0x00,0x00,
0x00,0x00,0x00,0x00,0x00,0x00,0x00,0x00,0x00,0x00,0x00,0x00,
0x00,0x00,0x00,0x00,0x00,0x00,0xED,0x52,0x01,0xE4,0x18,0x34,
0x19,0xB6,0xEB,0x95,0x5B,0xFF,0xEF,0x29,0xFF,0x16,0x8D,0xFE,
0x78,0x9D,0xFF,0x78,0x9D,0xFF,0x98,0x9D,0xFF,0x98,0xA5,0xFF,
0x98,0xA5,0xFF,0xB8,0xA5,0xFF,0xB8,0xA5,0xFF,0x98,0xA5,0xFF,
0x98,0xA5,0xFF,0x57,0x9D,0xFF,0x16,0x95,0xFF,0xD4,0x8C,0xFF,
0x93,0x84,0xFF,0x72,0x84,0xFF,0x52,0x84,0xFF,0x93,0x84,0xFE,
0x15,0x95,0xFF,0xF8,0xAD,0xFF,0x9B,0xC6,0xFF,0xDC,0xCE,0xFF,
0xBC,0xC6,0xFF,0x9C,0xB6,0xFF,0xDB,0x95,0xFF,0x5A,0x7D,0xFF,
0x19,0x6D,0xFF,0xF8,0x6C,0xFF,0x18,0x6D,0xFF,0x18,0x6D,0xFF,
0x19,0x6D,0xFF,0x19,0x75,0xFF,0x39,0x75,0xFF,0x39,0x75,0xFE,
0x18,0x75,0xFF,0xF7,0x6C,0xFF,0x7A,0x85,0xFF,0x3C,0x96,0xFF,
0x3C,0x96,0xFF,0x3C,0x96,0xFF,0x3C,0x96,0xFF,0x1C,0x96,0xFF,
0x1C,0x96,0xFF,0x1C,0x96,0xFF,0x3C,0x96,0xFF,0x3C,0x9E,0xFF,
0x3C,0x9E,0xFF,0x3C,0x9E,0xFF,0x3C,0x9E,0xFF,0x3C,0x9E,0xFE,
0x5C,0x9E,0xFF,0x5C,0x9E,0xFF,0x5C,0x9E,0xFF,0x7C,0xA6,0xFF,
0x7C,0xA6,0xFF,0x7C,0xA6,0xFF,0x7D,0xA6,0xFF,0x7D,0xA6,0xFF,
0x7D,0xA6,0xFF,0x7D,0xA6,0xFF,0x7D,0x9E,0xFF,0x7D,0x9E,0xFF,
0x7D,0x9E,0xFF,0x7D,0xA6,0xFF,0x7D,0x9E,0xFF,0x9D,0x9E,0xFE,
0x9D,0x9E,0xFF,0x9D,0x9E,0xFF,0x9D,0x9E,0xFF,0x9D,0x9E,0xFF,
0x7D,0x9E,0xFF,0x5C,0xA6,0xFF,0x5B,0xA6,0xFF,0x5B,0xAE,0xFF,
0x5B,0xA6,0xFF,0x3B,0xA6,0xFF,0x1A,0xA6,0xFF,0xF9,0x9D,0xFF,
0xD9,0x9D,0xFF,0xD9,0x9D,0xFF,0xFA,0x9D,0xFF,0x3B,0x9E,0xFE,
0x5C,0x9E,0xFF,0x5C,0x9E,0xFF,0x5C,0x96,0xFF,0x3C,0x96,0xFF,
0x1C,0x8E,0xFF,0x1C,0x8E,0xFF,0x1C,0x8E,0xFF,0xFC,0x85,0xFF,
0xDC,0x7D,0xFF,0xBC,0x75,0xFF,0xBC,0x75,0xFF,0x9C,0x6D,0xFF,
0xDC,0x7D,0xFF,0xFD,0x7D,0xED,0xDC,0x6D,0xCD,0xBC,0x6D,0xCB,
0xBC,0x6D,0xC9,0xBC,0x6D,0xC3,0x1B,0x96,0x99,0x3A,0xB6,0x13,
0xBC,0xC6,0x0B,0xBC,0xC6,0x08,0x7B,0xBE,0x06,0x9C,0xC6,0x04,
0xBC,0xC6,0x03,0x7B,0xC6,0x02,0xA3,0x18,0x01,0x00,0x00,0x01,
0x00,0x00,0x00,0x00,0x00,0x00,0x00,0x00,0x00,0x00,0x00,0x00,
0x00,0x00,0x00,0x00,0x00,0x00,0x00,0x00,0x00,0x00,0x00,0x00,
0x00,0x00,0x00,0x00,0x00,0x00,0x00,0x00,0x00,0x00,0x00,0x00,
0x00,0x00,0x00,0x00,0x00,0x00,0xCD,0x52,0x01,0xE4,0x18,0x2F,
0xD8,0xAD,0xE7,0x75,0x5B,0xFF,0x2F,0x32,0xFF,0x57,0x95,0xFE,
0x57,0x95,0xFF,0x57,0x9D,0xFF,0x78,0x9D,0xFF,0x78,0x9D,0xFF,
0x98,0x9D,0xFF,0x98,0x9D,0xFF,0x98,0x9D,0xFF,0x98,0xA5,0xFF,
0x77,0x9D,0xFF,0x36,0x95,0xFF,0xD4,0x8C,0xFF,0x73,0x84,0xFF,
0x32,0x7C,0xFF,0x32,0x7C,0xFF,0x52,0x84,0xFF,0xB8,0xAD,0xFE,
0x9B,0xBE,0xFF,0x9C,0xBE,0xFF,0x5C,0xB6,0xFF,0x3C,0xA6,0xFF,
0xFB,0x95,0xFF,0x9A,0x7D,0xFF,0x7A,0x7D,0xFF,0x19,0x6D,0xFF,
0x18,0x6D,0xFF,0x39,0x75,0xFF,0x5A,0x75,0xFF,0x5A,0x75,0xFF,
0x7A,0x7D,0xFF,0x7A,0x7D,0xFF,0x7A,0x7D,0xFF,0x7A,0x7D,0xFE,
0x59,0x7D,0xFF,0x59,0x7D,0xFF,0x38,0x75,0xFF,0x7A,0x7D,0xFF,
0x1C,0x96,0xFF,0x1C,0x96,0xFF,0x1C,0x96,0xFF,0x1C,0x96,0xFF,
0x1C,0x96,0xFF,0x1C,0x96,0xFF,0x1C,0x96,0xFF,0x1C,0x96,0xFF,
0x1C,0x96,0xFF,0x3C,0x9E,0xFF,0x3C,0x9E,0xFF,0x3C,0x9E,0xFE,
0x5C,0x9E,0xFF,0x5C,0x9E,0xFF,0x5C,0x9E,0xFF,0x7C,0xA6,0xFF,
0x7D,0xA6,0xFF,0x7D,0xA6,0xFF,0x7D,0xA6,0xFF,0x7D,0xA6,0xFF,
0x5D,0x9E,0xFF,0x5D,0x9E,0xFF,0x5D,0x9E,0xFF,0x5D,0x9E,0xFF,
0x7D,0x9E,0xFF,0x7D,0x9E,0xFF,0x7D,0x9E,0xFF,0x7D,0x9E,0xFE,
0x7D,0x9E,0xFF,0x7D,0x9E,0xFF,0x1B,0x9E,0xFF,0xF9,0x9D,0xFF,
0x19,0xB6,0xFF,0x18,0xBE,0xFF,0xB6,0xB5,0xFF,0x34,0xA5,0xFF,
0xD2,0x9C,0xFF,0xB2,0x94,0xFF,0x92,0x8C,0xFF,0x92,0x94,0xFF,
0x91,0x94,0xFF,0x71,0x94,0xFF,0x71,0x94,0xFF,0x92,0x94,0xFE,
0xD3,0x94,0xFF,0x56,0x95,0xFF,0xDA,0x95,0xFF,0x1C,0x96,0xFF,
0x1C,0x8E,0xFF,0x1C,0x86,0xFF,0xFC,0x85,0xFF,0xDC,0x7D,0xFF,
0xBC,0x75,0xFF,0xBC,0x75,0xFF,0x9C,0x6D,0xFF,0x7C,0x6D,0xFF,
0xBC,0x75,0xFF,0xDC,0x7D,0xF0,0xBC,0x6D,0xCD,0x9C,0x65,0xCB,
0x7C,0x65,0xC9,0xBC,0x6D,0xC2,0x1B,0x9E,0x87,0x3A,0xB6,0x0E,
0xBC,0xC6,0x0B,0x9C,0xC6,0x08,0x7B,0xBE,0x06,0x9C,0xC6,0x04,
0xBC,0xC6,0x03,0x93,0x84,0x02,0x00,0x00,0x01,0x00,0x00,0x01,
0x00,0x00,0x00,0x00,0x00,0x00,0x00,0x00,0x00,0x00,0x00,0x00,
0x00,0x00,0x00,0x00,0x00,0x00,0x00,0x00,0x00,0x00,0x00,0x00,
0x00,0x00,0x00,0x00,0x00,0x00,0x00,0x00,0x00,0x00,0x00,0x00,
0x00,0x00,0x00,0x00,0x00,0x00,0xCD,0x52,0x01,0xE4,0x18,0x29,
0x56,0xA5,0xE2,0x33,0x5B,0xFF,0x11,0x53,0xFF,0x57,0x95,0xFE,
0x57,0x95,0xFF,0x57,0x95,0xFF,0x57,0x95,0xFF,0x57,0x95,0xFF,
0x57,0x9D,0xFF,0x57,0x9D,0xFF,0x77,0x9D,0xFF,0x77,0x9D,0xFF,
0x57,0x95,0xFF,0xF5,0x8C,0xFF,0x93,0x84,0xFF,0x32,0x7C,0xFF,
0x11,0x74,0xFF,0x11,0x74,0xFF,0x36,0x9D,0xFF,0x7B,0xBE,0xFE,
0x3B,0xAE,0xFF,0xDB,0x8D,0xFF,0xBB,0x85,0xFF,0xBB,0x85,0xFF,
0x7A,0x7D,0xFF,0x9B,0x7D,0xFF,0xD8,0x64,0xFF,0xF8,0x6C,0xFF,
0x5A,0x75,0xFF,0x5A,0x7D,0xFF,0x7A,0x7D,0xFF,0x7A,0x7D,0xFF,
0x9B,0x7D,0xFF,0x9B,0x7D,0xFF,0x9B,0x7D,0xFF,0x9B,0x85,0xFE,
0x9B,0x85,0xFF,0x7A,0x7D,0xFF,0x7A,0x7D,0xFF,0x7A,0x7D,0xFF,
0x9B,0x85,0xFF,0x1C,0x96,0xFF,0x1C,0x96,0xFF,0x1C,0x96,0xFF,
0x1C,0x96,0xFF,0x1C,0x96,0xFF,0x1C,0x96,0xFF,0x1C,0x96,0xFF,
0x1C,0x96,0xFF,0x3C,0x96,0xFF,0x3C,0x96,0xFF,0x3C,0x9E,0xFE,
0x5C,0x9E,0xFF,0x5C,0x9E,0xFF,0x5C,0x9E,0xFF,0x5C,0x9E,0xFF,
0x5D,0xA6,0xFF,0x5D,0x9E,0xFF,0x5D,0x9E,0xFF,0x5D,0x9E,0xFF,
0x5D,0x9E,0xFF,0x5D,0x9E,0xFF,0x5D,0x9E,0xFF,0x5D,0x9E,0xFF,
0x7D,0x9E,0xFF,0x7D,0x9E,0xFF,0x7D,0x9E,0xFF,0x7D,0x9E,0xFE,
0x1B,0x96,0xFF,0x77,0x95,0xFF,0xD7,0xB5,0xFF,0x79,0xCE,0xFF,
0xB6,0xB5,0xFF,0xF4,0x9C,0xFF,0x92,0x8C,0xFF,0x92,0x8C,0xFF,
0x91,0x8C,0xFF,0x91,0x94,0xFF,0x92,0x94,0xFF,0x92,0x94,0xFF,
0x91,0x94,0xFF,0x72,0x94,0xFF,0x72,0x94,0xFF,0x72,0x94,0xFE,
0x71,0x94,0xFF,0x71,0x8C,0xFF,0x72,0x8C,0xFF,0xF4,0x8C,0xFF,
0x99,0x8D,0xFF,0xFC,0x85,0xFF,0xDC,0x85,0xFF,0xDC,0x7D,0xFF,
0xBC,0x75,0xFF,0x9C,0x6D,0xFF,0x7C,0x6D,0xFF,0x7C,0x65,0xFF,
0xBC,0x6D,0xFF,0xDC,0x75,0xF1,0x9C,0x65,0xCD,0x9C,0x65,0xCB,
0x7C,0x65,0xC9,0x9C,0x6D,0xC0,0xFB,0x9D,0x7A,0x3A,0xBE,0x0D,
0x9B,0xC6,0x0A,0x9B,0xBE,0x07,0x7B,0xBE,0x05,0x9C,0xC6,0x04,
0xBC,0xC6,0x03,0x93,0x84,0x02,0x00,0x00,0x01,0x00,0x00,0x00,
0x00,0x00,0x00,0x00,0x00,0x00,0x00,0x00,0x00,0x00,0x00,0x00,
0x00,0x00,0x00,0x00,0x00,0x00,0x00,0x00,0x00,0x00,0x00,0x00,
0x00,0x00,0x00,0x00,0x00,0x00,0x00,0x00,0x00,0x00,0x00,0x00,
0x00,0x00,0x00,0x00,0x00,0x00,0x00,0x00,0x00,0x25,0x21,0x23,
0xD4,0x8C,0xDC,0x52,0x5B,0xFF,0x91,0x5B,0xFF,0x57,0x95,0xFE,
0x37,0x95,0xFF,0x37,0x95,0xFF,0x37,0x95,0xFF,0x37,0x95,0xFF,
0x57,0x95,0xFF,0x37,0x95,0xFF,0x57,0x95,0xFF,0x37,0x95,0xFF,
0x16,0x8D,0xFF,0xB4,0x84,0xFF,0x53,0x7C,0xFF,0x11,0x74,0xFF,
0xF1,0x73,0xFF,0x11,0x74,0xFF,0xF9,0xAD,0xFF,0x1B,0xAE,0xFE,
0x9B,0x85,0xFF,0x9B,0x7D,0xFF,0x9B,0x7D,0xFF,0x7B,0x75,0xFF,
0x5A,0x75,0xFF,0xF9,0x64,0xFF,0x98,0x5C,0xFF,0xF8,0x6C,0xFF,
0x7A,0x7D,0xFF,0x7A,0x7D,0xFF,0x7A,0x7D,0xFF,0x7A,0x7D,0xFF,
0x7A,0x7D,0xFF,0x7A,0x7D,0xFF,0x9A,0x7D,0xFF,0x9B,0x85,0xFE,
0xBB,0x85,0xFF,0xBB,0x85,0xFF,0x9B,0x85,0xFF,0x9A,0x85,0xFF,
0x7A,0x7D,0xFF,0xDB,0x8D,0xFF,0xFC,0x95,0xFF,0xFC,0x95,0xFF,
0xFC,0x95,0xFF,0x1C,0x96,0xFF,0x1C,0x96,0xFF,0x1C,0x96,0xFF,
0x1C,0x96,0xFF,0x1C,0x96,0xFF,0x3C,0x96,0xFF,0x3C,0x9E,0xFE,
0x5C,0x9E,0xFF,0x5C,0x9E,0xFF,0x5D,0x9E,0xFF,0x5D,0x9E,0xFF,
0x5C,0x9E,0xFF,0x5C,0x96,0xFF,0x5C,0x96,0xFF,0x5C,0x9E,0xFF,
0x5D,0x96,0xFF,0x5D,0x96,0xFF,0x5D,0x96,0xFF,0x5D,0x96,0xFF,
0x7D,0x96,0xFF,0x5D,0x9E,0xFF,0x5C,0x96,0xFF,0x57,0x8D,0xFE,
0x35,0xA5,0xFF,0x99,0xD6,0xFF,0x38,0xCE,0xFF,0xF4,0xA4,0xFF,
0x71,0x8C,0xFF,0x92,0x94,0xFF,0x92,0x8C,0xFF,0x91,0x94,0xFF,
0x71,0x94,0xFF,0x92,0x94,0xFF,0x72,0x94,0xFF,0x92,0x8C,0xFF,
0x72,0x94,0xFF,0x71,0x94,0xFF,0x72,0x8C,0xFF,0x72,0x8C,0xFE,
0x71,0x94,0xFF,0x91,0x94,0xFF,0x92,0x94,0xFF,0x71,0x94,0xFF,
0x71,0x94,0xFF,0xF5,0x8C,0xFF,0x7A,0x7D,0xFF,0xBC,0x75,0xFF,
0x9C,0x75,0xFF,0x7C,0x6D,0xFF,0x7C,0x6D,0xFF,0x7C,0x65,0xFF,
0x9C,0x6D,0xFF,0xDC,0x75,0xF4,0x9C,0x65,0xCD,0x7C,0x5D,0xCB,
0x7C,0x5D,0xC8,0xBC,0x65,0xBF,0xFA,0xA5,0x6A,0x3B,0xBE,0x0D,
0x9B,0xBE,0x0A,0x7B,0xBE,0x07,0x7B,0xBE,0x05,0x9C,0xC6,0x04,
0x9C,0xC6,0x03,0x93,0x84,0x02,0x00,0x00,0x01,0x00,0x00,0x00,
0x00,0x00,0x00,0x00,0x00,0x00,0x00,0x00,0x00,0x00,0x00,0x00,
0x00,0x00,0x00,0x00,0x00,0x00,0x00,0x00,0x00,0x00,0x00,0x00,
0x00,0x00,0x00,0x00,0x00,0x00,0x00,0x00,0x00,0x00,0x00,0x00,
0x00,0x00,0x00,0x00,0x00,0x00,0x00,0x00,0x00,0x05,0x21,0x24,
0x93,0x8C,0xDA,0xB2,0x6B,0xFF,0x34,0x74,0xFF,0x37,0x8D,0xFE,
0x17,0x8D,0xFF,0x17,0x8D,0xFF,0x37,0x8D,0xFF,0x37,0x8D,0xFF,
0x37,0x8D,0xFF,0x37,0x95,0xFF,0x37,0x95,0xFF,0x16,0x8D,0xFF,
0xD5,0x8C,0xFF,0x74,0x7C,0xFF,0x12,0x74,0xFF,0xD1,0x6B,0xFF,
0xD1,0x6B,0xFF,0x32,0x74,0xFF,0x3A,0xB6,0xFF,0xBB,0x8D,0xFE,
0x7B,0x7D,0xFF,0x7B,0x7D,0xFF,0x7B,0x7D,0xFF,0x1A,0x6D,0xFF,
0x1A,0x6D,0xFF,0x98,0x5C,0xFF,0xB9,0x64,0xFF,0xD9,0x64,0xFF,
0x5A,0x75,0xFF,0x5A,0x75,0xFF,0x7A,0x7D,0xFF,0x7A,0x7D,0xFF,
0x9B,0x7D,0xFF,0x9B,0x7D,0xFF,0x9B,0x7D,0xFF,0x9B,0x85,0xFE,
0xBB,0x85,0xFF,0xBB,0x85,0xFF,0xBB,0x85,0xFF,0x9B,0x85,0xFF,
0x9B,0x85,0xFF,0x9B,0x85,0xFF,0xFC,0x8D,0xFF,0xFC,0x8D,0xFF,
0xFC,0x95,0xFF,0xFC,0x95,0xFF,0x1C,0x96,0xFF,0x1C,0x96,0xFF,
0x1C,0x96,0xFF,0x1C,0x96,0xFF,0x3C,0x96,0xFF,0x3C,0x9E,0xFE,
0x3C,0x9E,0xFF,0x5C,0x9E,0xFF,0x5D,0x9E,0xFF,0x3C,0x96,0xFF,
0x3C,0x96,0xFF,0x3C,0x96,0xFF,0x3C,0x96,0xFF,0x3C,0x96,0xFF,
0x3C,0x96,0xFF,0x5D,0x96,0xFF,0x5C,0x96,0xFF,0x5C,0x96,0xFF,
0x5C,0x96,0xFF,0x1C,0x96,0xFF,0xD5,0x8C,0xFF,0x96,0xB5,0xFE,
0xDB,0xDE,0xFF,0xD7,0xBD,0xFF,0x92,0x94,0xFF,0x71,0x8C,0xFF,
0x91,0x94,0xFF,0x92,0x94,0xFF,0x92,0x94,0xFF,0x92,0x94,0xFF,
0x92,0x94,0xFF,0x92,0x94,0xFF,0x92,0x94,0xFF,0x92,0x8C,0xFF,
0x92,0x8C,0xFF,0x92,0x94,0xFF,0x92,0x94,0xFF,0x72,0x8C,0xFE,
0x71,0x94,0xFF,0x71,0x94,0xFF,0x71,0x8C,0xFF,0x71,0x8C,0xFF,
0x30,0x8C,0xFF,0xB2,0x9C,0xFF,0x14,0x9D,0xFF,0xF6,0x84,0xFF,
0x7B,0x6D,0xFF,0x7C,0x65,0xFF,0x5C,0x65,0xFF,0x5C,0x5D,0xFF,
0x7C,0x65,0xFF,0xBC,0x6D,0xF7,0x7C,0x5D,0xCE,0x7C,0x5D,0xCB,
0x5C,0x55,0xC8,0xBC,0x65,0xBD,0xD9,0xA5,0x56,0x3B,0xBE,0x0D,
0x7B,0xBE,0x0A,0x7B,0xBE,0x07,0x5B,0xBE,0x05,0x9C,0xBE,0x04,
0x9C,0xC6,0x03,0xEC,0x5A,0x02,0x00,0x00,0x01,0x00,0x00,0x00,
0x00,0x00,0x00,0x00,0x00,0x00,0x00,0x00,0x00,0x00,0x00,0x00,
0x00,0x00,0x00,0x00,0x00,0x00,0x00,0x00,0x00,0x00,0x00,0x00,
0x00,0x00,0x00,0x00,0x00,0x00,0x00,0x00,0x00,0x00,0x00,0x00,
0x00,0x00,0x00,0x00,0x00,0x00,0x6A,0x42,0x01,0x82,0x10,0x26,
0x72,0x84,0xD3,0x91,0x63,0xFE,0xB5,0x7C,0xFE,0x16,0x8D,0xFE,
0x16,0x8D,0xFE,0x16,0x8D,0xFE,0x16,0x8D,0xFE,0x16,0x8D,0xFE,
0x16,0x8D,0xFE,0x17,0x8D,0xFE,0x16,0x8D,0xFE,0xF6,0x8C,0xFE,
0xB5,0x84,0xFE,0x53,0x7C,0xFE,0xF1,0x6B,0xFE,0xB0,0x6B,0xFE,
0xB0,0x6B,0xFE,0x53,0x7C,0xFE,0x3B,0xB6,0xFE,0x7A,0x7D,0xFE,
0x5A,0x75,0xFE,0x5A,0x75,0xFE,0x3A,0x75,0xFE,0xF9,0x64,0xFE,
0xB9,0x64,0xFE,0xB9,0x5C,0xFE,0xD9,0x64,0xFE,0xD9,0x64,0xFE,
0x19,0x6D,0xFE,0x7A,0x75,0xFE,0x7B,0x7D,0xFE,0x7A,0x7D,0xFE,
0x7A,0x7D,0xFE,0x9B,0x7D,0xFE,0x9B,0x7D,0xFE,0x9B,0x85,0xFE,
0xBB,0x85,0xFE,0xBB,0x85,0xFE,0xBB,0x85,0xFE,0xBB,0x85,0xFE,
0xBB,0x85,0xFE,0xBB,0x85,0xFE,0xDB,0x8D,0xFE,0xFC,0x8D,0xFE,
0xFC,0x95,0xFE,0x1C,0x96,0xFE,0x1C,0x96,0xFE,0x1C,0x96,0xFE,
0x1C,0x96,0xFE,0x3C,0x96,0xFE,0x3C,0x96,0xFE,0x3C,0x96,0xFE,
0x3C,0x9E,0xFE,0x3C,0x96,0xFE,0x3C,0x96,0xFE,0x1C,0x8E,0xFE,
0x1C,0x8E,0xFE,0x1C,0x96,0xFE,0x3C,0x96,0xFE,0x1C,0x96,0xFE,
0x1C,0x96,0xFE,0x3C,0x96,0xFE,0x3C,0x96,0xFE,0x3C,0x96,0xFE,
0xFB,0x8D,0xFE,0xB4,0x84,0xFE,0xB6,0xBD,0xFE,0x1C,0xDF,0xFE,
0x96,0xB5,0xFE,0x71,0x8C,0xFE,0x71,0x8C,0xFE,0x92,0x94,0xFE,
0x91,0x94,0xFE,0x92,0x94,0xFE,0x72,0x94,0xFE,0x92,0x94,0xFE,
0x92,0x94,0xFE,0x92,0x94,0xFE,0x92,0x94,0xFE,0x71,0x8C,0xFE,
0x51,0x8C,0xFE,0x51,0x8C,0xFE,0x50,0x8C,0xFE,0x71,0x94,0xFE,
0x71,0x8C,0xFE,0x92,0x94,0xFE,0x72,0x8C,0xFE,0x71,0x8C,0xFE,
0x10,0x84,0xFE,0x34,0xA5,0xFE,0x96,0xB5,0xFE,0x2F,0x8C,0xFE,
0xD5,0x7C,0xFE,0x5B,0x65,0xFE,0x5C,0x5D,0xFE,0x3B,0x5D,0xFE,
0x5C,0x5D,0xFE,0xBC,0x6D,0xF9,0x7C,0x55,0xCF,0x5C,0x55,0xCB,
0x5C,0x55,0xC7,0xBC,0x6D,0xBB,0xD9,0xA5,0x3F,0x3B,0xBE,0x0D,
0x9C,0xC6,0x09,0x7B,0xBE,0x07,0x5B,0xBE,0x05,0x9C,0xBE,0x04,
0x9C,0xC6,0x03,0x66,0x29,0x01,0x00,0x00,0x01,0x00,0x00,0x00,
0x00,0x00,0x00,0x00,0x00,0x00,0x00,0x00,0x00,0x00,0x00,0x00,
0x00,0x00,0x00,0x00,0x00,0x00,0x00,0x00,0x00,0x00,0x00,0x00,
0x00,0x00,0x00,0x00,0x00,0x00,0x00,0x00,0x00,0x00,0x00,0x00,
0x00,0x00,0x00,0x00,0x00,0x00,0x09,0x3A,0x02,0x00,0x00,0x26,
0x11,0x7C,0xC9,0x4F,0x5B,0xFF,0xD6,0x84,0xFF,0xF6,0x8C,0xFE,
0xF6,0x8C,0xFF,0xF6,0x8C,0xFF,0xF6,0x8C,0xFF,0xF6,0x8C,0xFF,
0xF6,0x8C,0xFF,0xF6,0x8C,0xFF,0xF6,0x84,0xFF,0xD6,0x84,0xFF,
0x94,0x7C,0xFF,0x33,0x74,0xFF,0xD1,0x6B,0xFF,0xB0,0x63,0xFF,
0x90,0x63,0xFF,0xB4,0x84,0xFF,0x1B,0xAE,0xFF,0x5A,0x75,0xFE,
0x3A,0x6D,0xFF,0x5A,0x6D,0xFF,0xF9,0x64,0xFF,0xF9,0x64,0xFF,
0xB9,0x5C,0xFF,0xB9,0x5C,0xFF,0xFA,0x64,0xFF,0xD9,0x64,0xFF,
0xF9,0x64,0xFF,0x5A,0x75,0xFF,0x7B,0x7D,0xFF,0x9B,0x7D,0xFF,
0x9B,0x7D,0xFF,0x9B,0x7D,0xFF,0x9B,0x85,0xFF,0x9B,0x85,0xFE,
0xBB,0x85,0xFF,0xBB,0x85,0xFF,0xBB,0x8D,0xFF,0xDB,0x8D,0xFF,
0xDB,0x8D,0xFF,0xDB,0x8D,0xFF,0xDB,0x8D,0xFF,0xFC,0x8D,0xFF,
0xFC,0x95,0xFF,0x1C,0x96,0xFF,0x1C,0x96,0xFF,0x1C,0x96,0xFF,
0x1C,0x96,0xFF,0x1C,0x96,0xFF,0x3C,0x96,0xFF,0x3C,0x96,0xFE,
0x1C,0x96,0xFF,0x1C,0x8E,0xFF,0x1C,0x8E,0xFF,0x1C,0x8E,0xFF,
0x1C,0x8E,0xFF,0x1C,0x8E,0xFF,0x1C,0x8E,0xFF,0x1C,0x8E,0xFF,
0x1C,0x8E,0xFF,0x1C,0x8E,0xFF,0x1C,0x8E,0xFF,0xFB,0x8D,0xFF,
0x73,0x7C,0xFF,0xD6,0xBD,0xFF,0x1C,0xE7,0xFF,0x96,0xAD,0xFE,
0x71,0x8C,0xFF,0x71,0x8C,0xFF,0x92,0x94,0xFF,0x72,0x94,0xFF,
0x92,0x94,0xFF,0xB2,0x94,0xFF,0x92,0x94,0xFF,0x51,0x8C,0xFF,
0xCF,0x7B,0xFF,0xEC,0x62,0xFF,0x28,0x42,0xFF,0xE7,0x39,0xFF,
0xC7,0x39,0xFF,0xC7,0x39,0xFF,0x08,0x42,0xFF,0xAA,0x52,0xFE,
0x4D,0x6B,0xFF,0xEF,0x7B,0xFF,0x51,0x84,0xFF,0x92,0x8C,0xFF,
0x10,0x84,0xFF,0x30,0x84,0xFF,0x71,0x8C,0xFF,0x30,0x84,0xFF,
0x51,0x8C,0xFF,0xB5,0x7C,0xFF,0x3B,0x5D,0xFF,0x3B,0x55,0xFF,
0x3B,0x55,0xFF,0x9C,0x65,0xFB,0x7C,0x55,0xD0,0x5C,0x4D,0xCA,
0x5C,0x55,0xC6,0xDC,0x75,0xB6,0xB8,0xAD,0x2A,0x5B,0xB6,0x0C,
0xBC,0xC6,0x09,0x5B,0xB6,0x06,0x5B,0xBE,0x05,0x9C,0xBE,0x03,
0x9C,0xC6,0x02,0x66,0x29,0x01,0x00,0x00,0x01,0x00,0x00,0x00,
0x00,0x00,0x00,0x00,0x00,0x00,0x00,0x00,0x00,0x00,0x00,0x00,
0x00,0x00,0x00,0x00,0x00,0x00,0x00,0x00,0x00,0x00,0x00,0x00,
0x00,0x00,0x00,0x00,0x00,0x00,0x00,0x00,0x00,0x00,0x00,0x00,
0x00,0x00,0x00,0x45,0x29,0x01,0xC7,0x31,0x04,0x00,0x00,0x26,
0x6E,0x63,0xBD,0x2E,0x5B,0xFF,0xF6,0x84,0xFF,0xF6,0x84,0xFE,
0xF6,0x84,0xFF,0xF6,0x84,0xFF,0xF6,0x84,0xFF,0xF6,0x84,0xFF,
0xF6,0x84,0xFF,0xF6,0x84,0xFF,0xD6,0x84,0xFF,0xB5,0x84,0xFF,
0x74,0x7C,0xFF,0x12,0x74,0xFF,0xB1,0x6B,0xFF,0x90,0x63,0xFF,
0x90,0x63,0xFF,0x36,0x95,0xFF,0xDA,0x9D,0xFF,0x3A,0x6D,0xFE,
0x3A,0x6D,0xFF,0x3A,0x6D,0xFF,0xF9,0x64,0xFF,0xF9,0x64,0xFF,
0x99,0x5C,0xFF,0xBA,0x64,0xFF,0xDA,0x64,0xFF,0xD9,0x64,0xFF,
0xD9,0x64,0xFF,0x3A,0x6D,0xFF,0x9B,0x7D,0xFF,0x9B,0x7D,0xFF,
0xBB,0x85,0xFF,0xBB,0x85,0xFF,0xBB,0x85,0xFF,0x9B,0x85,0xFE,
0xBB,0x85,0xFF,0xBB,0x85,0xFF,0xDB,0x85,0xFF,0xDC,0x8D,0xFF,
0xDB,0x8D,0xFF,0xDB,0x8D,0xFF,0xDB,0x8D,0xFF,0xFC,0x8D,0xFF,
0xFC,0x8D,0xFF,0xFC,0x95,0xFF,0xFC,0x95,0xFF,0x1C,0x96,0xFF,
0x1C,0x96,0xFF,0x1C,0x96,0xFF,0x1C,0x96,0xFF,0x1C,0x96,0xFE,
0x1C,0x8E,0xFF,0xFC,0x8D,0xFF,0xFC,0x8D,0xFF,0xFC,0x8D,0xFF,
0xFC,0x8D,0xFF,0x1C,0x8E,0xFF,0xFC,0x8D,0xFF,0x1C,0x8E,0xFF,
0xFC,0x8D,0xFF,0xFB,0x8D,0xFF,0xDB,0x85,0xFF,0x73,0x7C,0xFF,
0x54,0xAD,0xFF,0x5C,0xEF,0xFF,0xD7,0xBD,0xFF,0x71,0x8C,0xFE,
0x92,0x94,0xFF,0x92,0x94,0xFF,0x92,0x94,0xFF,0x92,0x94,0xFF,
0xB2,0x94,0xFF,0x51,0x8C,0xFF,0x2D,0x63,0xFF,0xE7,0x39,0xFF,
0x04,0x21,0xFF,0x62,0x10,0xFF,0x82,0x10,0xFF,0xC3,0x18,0xFF,
0xA2,0x10,0xFF,0xA3,0x10,0xFF,0xE4,0x18,0xFF,0xC3,0x18,0xFE,
0x04,0x21,0xFF,0xA7,0x31,0xFF,0x6A,0x4A,0xFF,0xAE,0x7B,0xFF,
0x30,0x84,0xFF,0x30,0x84,0xFF,0x30,0x8C,0xFF,0x50,0x8C,0xFF,
0x51,0x8C,0xFF,0x30,0x84,0xFF,0xB5,0x74,0xFF,0x1B,0x55,0xFF,
0x3B,0x55,0xFF,0x9C,0x65,0xFC,0x5C,0x55,0xD3,0x5C,0x4D,0xCA,
0x5C,0x4D,0xC5,0xDC,0x7D,0xAE,0xD8,0xAD,0x1E,0x5B,0xB6,0x0C,
0xBC,0xC6,0x08,0x5B,0xB6,0x06,0x5B,0xBE,0x05,0x9C,0xBE,0x03,
0x9C,0xBE,0x02,0x66,0x29,0x01,0x00,0x00,0x01,0x00,0x00,0x00,
0x00,0x00,0x00,0x00,0x00,0x00,0x00,0x00,0x00,0x00,0x00,0x00,
0x00,0x00,0x00,0x00,0x00,0x00,0x00,0x00,0x00,0x00,0x00,0x00,
0x00,0x00,0x00,0x00,0x00,0x00,0x00,0x00,0x00,0x00,0x00,0x00,
0x00,0x00,0x01,0x04,0x21,0x02,0x86,0x29,0x05,0x00,0x00,0x28,
0x4D,0x63,0xBB,0x0E,0x53,0xFF,0xF6,0x84,0xFF,0xD6,0x84,0xFE,
0xD6,0x84,0xFF,0xF6,0x84,0xFF,0xD6,0x84,0xFF,0xD6,0x84,0xFF,
0xD6,0x84,0xFF,0xD6,0x84,0xFF,0xD6,0x84,0xFF,0x95,0x7C,0xFF,
0x53,0x74,0xFF,0xF2,0x6B,0xFF,0xB0,0x63,0xFF,0x90,0x63,0xFF,
0x90,0x63,0xFF,0x78,0x9D,0xFF,0x9A,0x95,0xFF,0x1A,0x6D,0xFE,
0x1A,0x6D,0xFF,0x1A,0x6D,0xFF,0xF9,0x64,0xFF,0xD9,0x64,0xFF,
0xB9,0x5C,0xFF,0xDA,0x64,0xFF,0xDA,0x64,0xFF,0xFA,0x64,0xFF,
0xFA,0x6C,0xFF,0xF9,0x6C,0xFF,0x7B,0x7D,0xFF,0x9B,0x85,0xFF,
0xBB,0x85,0xFF,0xBB,0x85,0xFF,0xBB,0x85,0xFF,0xBB,0x85,0xFE,
0xBB,0x85,0xFF,0xBB,0x85,0xFF,0xDC,0x85,0xFF,0xDC,0x8D,0xFF,
0xDC,0x8D,0xFF,0xDC,0x8D,0xFF,0xDB,0x8D,0xFF,0xFC,0x8D,0xFF,
0xFC,0x8D,0xFF,0xFC,0x95,0xFF,0xFC,0x95,0xFF,0xFC,0x95,0xFF,
0x1C,0x96,0xFF,0x1C,0x96,0xFF,0x1C,0x8E,0xFF,0xFC,0x85,0xFE,
0xFC,0x85,0xFF,0xFC,0x85,0xFF,0xFC,0x85,0xFF,0xFC,0x85,0xFF,
0xFC,0x85,0xFF,0xDC,0x85,0xFF,0xDB,0x85,0xFF,0xDB,0x85,0xFF,
0xDB,0x85,0xFF,0xBB,0x85,0xFF,0x94,0x74,0xFF,0x71,0x94,0xFF,
0x5C,0xEF,0xFF,0x39,0xC6,0xFF,0x71,0x8C,0xFF,0x71,0x8C,0xFE,
0x71,0x8C,0xFF,0x92,0x94,0xFF,0x92,0x94,0xFF,0x92,0x94,0xFF,
0xEF,0x7B,0xFF,0x49,0x4A,0xFF,0xE4,0x18,0xFF,0xE3,0x18,0xFF,
0x24,0x21,0xFF,0x45,0x29,0xFF,0x45,0x29,0xFF,0x45,0x29,0xFF,
0x24,0x21,0xFF,0x04,0x21,0xFF,0xE4,0x20,0xFF,0x04,0x21,0xFE,
0xE4,0x20,0xFF,0x04,0x21,0xFF,0xE4,0x20,0xFF,0x24,0x29,0xFF,
0xAA,0x5A,0xFF,0xF0,0x7B,0xFF,0x72,0x8C,0xFF,0x51,0x8C,0xFF,
0x50,0x8C,0xFF,0x51,0x8C,0xFF,0x30,0x84,0xFF,0xB6,0x6C,0xFF,
0x1B,0x4D,0xFF,0x7C,0x65,0xFC,0x5C,0x55,0xD5,0x3B,0x4D,0xCA,
0x5C,0x4D,0xC4,0xDC,0x85,0xA4,0xD9,0xAD,0x15,0x5B,0xB6,0x0C,
0x9C,0xBE,0x08,0x5B,0xB6,0x06,0x5B,0xBE,0x05,0x9C,0xBE,0x03,
0x9C,0xBE,0x02,0x66,0x29,0x01,0x00,0x00,0x01,0x00,0x00,0x00,
0x00,0x00,0x00,0x00,0x00,0x00,0x00,0x00,0x00,0x00,0x00,0x00,
0x00,0x00,0x00,0x00,0x00,0x00,0x00,0x00,0x00,0x00,0x00,0x00,
0x00,0x00,0x00,0x00,0x00,0x00,0x00,0x00,0x00,0x00,0x00,0x01,
0x00,0x00,0x01,0xC3,0x18,0x03,0x82,0x10,0x08,0x00,0x00,0x2A,
0x0C,0x5B,0xB5,0xED,0x52,0xFF,0xF6,0x84,0xFF,0xF6,0x84,0xFE,
0xF6,0x84,0xFF,0xF6,0x84,0xFF,0xD6,0x84,0xFF,0xD6,0x84,0xFF,
0xD6,0x84,0xFF,0xD6,0x84,0xFF,0xD6,0x84,0xFF,0x95,0x7C,0xFF,
0x53,0x74,0xFF,0xF2,0x6B,0xFF,0xB0,0x63,0xFF,0x90,0x63,0xFF,
0x90,0x63,0xFF,0xD9,0xA5,0xFF,0x7A,0x85,0xFF,0x1A,0x6D,0xFE,
0x1A,0x6D,0xFF,0x1A,0x6D,0xFF,0xF9,0x64,0xFF,0xFA,0x64,0xFF,
0xB9,0x64,0xFF,0xDA,0x64,0xFF,0xFA,0x64,0xFF,0xFA,0x64,0xFF,
0xFA,0x6C,0xFF,0xFA,0x6C,0xFF,0x1A,0x6D,0xFF,0x9B,0x85,0xFF,
0xBB,0x85,0xFF,0xBB,0x85,0xFF,0xBB,0x85,0xFF,0xBB,0x85,0xFE,
0xBB,0x85,0xFF,0xBB,0x85,0xFF,0xDC,0x8D,0xFF,0xDC,0x8D,0xFF,
0xDC,0x8D,0xFF,0xDC,0x8D,0xFF,0xDC,0x8D,0xFF,0xFC,0x8D,0xFF,
0xFC,0x8D,0xFF,0xFC,0x8D,0xFF,0xFC,0x8D,0xFF,0xFC,0x95,0xFF,
0x1C,0x96,0xFF,0xFC,0x8D,0xFF,0xDC,0x85,0xFF,0xDC,0x85,0xFE,
0xDC,0x85,0xFF,0xDC,0x85,0xFF,0xDC,0x85,0xFF,0xDB,0x85,0xFF,
0xDB,0x85,0xFF,0xDB,0x85,0xFF,0xBB,0x7D,0xFF,0xBB,0x7D,0xFF,
0x9A,0x7D,0xFF,0xF6,0x74,0xFF,0xEF,0x83,0xFF,0xBA,0xD6,0xFF,
0xDB,0xDE,0xFF,0xD3,0x94,0xFF,0x51,0x8C,0xFF,0x92,0x94,0xFE,
0x92,0x94,0xFF,0xB2,0x94,0xFF,0x92,0x94,0xFF,0x6D,0x6B,0xFF,
0xA7,0x39,0xFF,0xE4,0x20,0xFF,0x05,0x21,0xFF,0x45,0x29,0xFF,
0x45,0x29,0xFF,0x45,0x29,0xFF,0x65,0x29,0xFF,0x45,0x29,0xFF,
0xA6,0x31,0xFF,0x66,0x31,0xFF,0x66,0x29,0xFF,0x46,0x29,0xFE,
0x25,0x21,0xFF,0x05,0x21,0xFF,0x04,0x21,0xFF,0x24,0x21,0xFF,
0xE3,0x28,0xFF,0xA6,0x41,0xFF,0x4D,0x6B,0xFF,0x51,0x84,0xFF,
0x51,0x8C,0xFF,0x50,0x8C,0xFF,0x50,0x84,0xFF,0x30,0x84,0xFF,
0xB8,0x5C,0xFF,0x5B,0x5D,0xFD,0x3B,0x4D,0xD7,0x1B,0x3D,0xCA,
0x3B,0x45,0xC4,0xDB,0x85,0x9D,0xF9,0xAD,0x12,0x5B,0xB6,0x0B,
0x7C,0xBE,0x08,0x3B,0xB6,0x06,0x5B,0xB6,0x04,0x7B,0xBE,0x03,
0x15,0x95,0x02,0x00,0x00,0x02,0x00,0x00,0x01,0x00,0x00,0x00,
0x00,0x00,0x00,0x00,0x00,0x00,0x00,0x00,0x00,0x00,0x00,0x00,
0x00,0x00,0x00,0x00,0x00,0x00,0x00,0x00,0x00,0x00,0x00,0x00,
0x00,0x00,0x00,0x00,0x00,0x00,0x00,0x00,0x00,0x00,0x00,0x01,
0x00,0x00,0x03,0x82,0x10,0x05,0x21,0x08,0x0C,0x00,0x00,0x2C,
0xAB,0x52,0xAC,0xED,0x52,0xFF,0xF6,0x8C,0xFF,0xF6,0x84,0xFE,
0xF6,0x8C,0xFF,0xF6,0x84,0xFF,0xF6,0x84,0xFF,0xF6,0x8C,0xFF,
0xF6,0x8C,0xFF,0xF6,0x84,0xFF,0xD6,0x84,0xFF,0xB5,0x7C,0xFF,
0x53,0x74,0xFF,0xF2,0x6B,0xFF,0xB1,0x63,0xFF,0x90,0x63,0xFF,
0xD1,0x6B,0xFF,0x1A,0xAE,0xFF,0x5A,0x7D,0xFF,0x1A,0x6D,0xFE,
0x1A,0x6D,0xFF,0x1A,0x6D,0xFF,0xF9,0x64,0xFF,0xFA,0x64,0xFF,
0xB9,0x64,0xFF,0xDA,0x64,0xFF,0xFA,0x64,0xFF,0xFA,0x64,0xFF,
0x1A,0x6D,0xFF,0xFA,0x6C,0xFF,0x1A,0x6D,0xFF,0x5B,0x75,0xFF,
0xBB,0x85,0xFF,0xBB,0x85,0xFF,0xBB,0x85,0xFF,0xBB,0x85,0xFE,
0xBB,0x85,0xFF,0xBB,0x85,0xFF,0xDB,0x8D,0xFF,0xDC,0x8D,0xFF,
0xDC,0x8D,0xFF,0xDC,0x8D,0xFF,0xDC,0x8D,0xFF,0xDC,0x8D,0xFF,
0xFC,0x8D,0xFF,0xFC,0x8D,0xFF,0xFC,0x8D,0xFF,0xFC,0x8D,0xFF,
0xFC,0x85,0xFF,0xDC,0x7D,0xFF,0xDC,0x7D,0xFF,0xDC,0x7D,0xFE,
0xDC,0x7D,0xFF,0xDB,0x7D,0xFF,0xBB,0x7D,0xFF,0xBB,0x7D,0xFF,
0xBB,0x7D,0xFF,0x9B,0x7D,0xFF,0x9A,0x7D,0xFF,0x7A,0x7D,0xFF,
0x39,0x75,0xFF,0xF0,0x73,0xFF,0x55,0xAD,0xFF,0x7D,0xEF,0xFF,
0x35,0xAD,0xFF,0x51,0x8C,0xFF,0x71,0x8C,0xFF,0x92,0x94,0xFE,
0x92,0x94,0xFF,0x71,0x8C,0xFF,0x4D,0x6B,0xFF,0xA6,0x31,0xFF,
0x25,0x21,0xFF,0x66,0x29,0xFF,0xA7,0x31,0xFF,0xA7,0x31,0xFF,
0xC7,0x39,0xFF,0xC7,0x39,0xFF,0xE7,0x39,0xFF,0xC7,0x39,0xFF,
0xC7,0x39,0xFF,0xC8,0x39,0xFF,0xC8,0x39,0xFF,0xA7,0x39,0xFE,
0x86,0x31,0xFF,0x66,0x29,0xFF,0x05,0x21,0xFF,0x05,0x21,0xFF,
0x25,0x21,0xFF,0x04,0x29,0xFF,0x65,0x39,0xFF,0xEB,0x62,0xFF,
0x30,0x84,0xFF,0x51,0x8C,0xFF,0x30,0x8C,0xFF,0x30,0x8C,0xFF,
0x31,0x7C,0xFF,0x1A,0x5D,0xFD,0x3B,0x45,0xD9,0x1B,0x35,0xCA,
0x3B,0x45,0xC2,0xDB,0x8D,0x90,0xD9,0xAD,0x10,0x5C,0xB6,0x0B,
0x7B,0xBE,0x08,0x3A,0xB6,0x06,0x5B,0xB6,0x04,0x7B,0xBE,0x03,
0xF5,0x94,0x02,0x00,0x00,0x01,0x00,0x00,0x01,0x00,0x00,0x00,
0x00,0x00,0x00,0x00,0x00,0x00,0x00,0x00,0x00,0x00,0x00,0x00,
0x00,0x00,0x00,0x00,0x00,0x00,0x00,0x00,0x00,0x00,0x00,0x00,
0x00,0x00,0x00,0x00,0x00,0x00,0x00,0x00,0x00,0x00,0x00,0x01,
0x00,0x00,0x04,0x21,0x08,0x07,0x00,0x00,0x0F,0x00,0x00,0x2E,
0xE8,0x39,0xA3,0xED,0x52,0xFF,0xF6,0x8C,0xFF,0xF6,0x8C,0xFE,
0xF6,0x8C,0xFF,0xF6,0x8C,0xFF,0xF6,0x8C,0xFF,0xF6,0x8C,0xFF,
0xF6,0x8C,0xFF,0xF6,0x8C,0xFF,0xF6,0x84,0xFF,0xB5,0x84,0xFF,
0x53,0x74,0xFF,0xF2,0x6B,0xFF,0xB1,0x6B,0xFF,0xB0,0x63,0xFF,
0x53,0x7C,0xFF,0x1B,0xAE,0xFF,0x3A,0x75,0xFF,0x1A,0x6D,0xFE,
0x1A,0x6D,0xFF,0x1A,0x6D,0xFF,0xD9,0x64,0xFF,0xFA,0x64,0xFF,
0xBA,0x64,0xFF,0xDA,0x64,0xFF,0xFA,0x64,0xFF,0xFA,0x6C,0xFF,
0x1A,0x6D,0xFF,0x1A,0x6D,0xFF,0x1A,0x6D,0xFF,0x3A,0x75,0xFF,
0x9B,0x7D,0xFF,0xBB,0x85,0xFF,0xBB,0x85,0xFF,0xBB,0x85,0xFE,
0xBB,0x85,0xFF,0xBB,0x85,0xFF,0xBC,0x85,0xFF,0xDC,0x85,0xFF,
0xDC,0x85,0xFF,0xDC,0x85,0xFF,0xDC,0x85,0xFF,0xDC,0x8D,0xFF,
0xFC,0x8D,0xFF,0xFC,0x8D,0xFF,0xFC,0x8D,0xFF,0xDC,0x85,0xFF,
0xDC,0x7D,0xFF,0xDC,0x7D,0xFF,0xBC,0x7D,0xFF,0xBB,0x7D,0xFE,
0xBB,0x7D,0xFF,0xBB,0x7D,0xFF,0xBB,0x7D,0xFF,0x9B,0x7D,0xFF,
0x9A,0x7D,0xFF,0x7A,0x75,0xFF,0x59,0x75,0xFF,0x39,0x75,0xFF,
0x53,0x6C,0xFF,0x30,0x8C,0xFF,0x1C,0xE7,0xFF,0x59,0xCE,0xFF,
0x71,0x8C,0xFF,0x71,0x8C,0xFF,0x71,0x8C,0xFF,0x92,0x94,0xFE,
0x92,0x94,0xFF,0x8E,0x73,0xFF,0xC7,0x39,0xFF,0x65,0x29,0xFF,
0xA7,0x31,0xFF,0xE8,0x39,0xFF,0xE8,0x39,0xFF,0xC7,0x39,0xFF,
0xC7,0x39,0xFF,0xC7,0x39,0xFF,0xA7,0x31,0xFF,0xA7,0x39,0xFF,
0x87,0x31,0xFF,0xA8,0x39,0xFF,0xA7,0x31,0xFF,0xA7,0x39,0xFE,
0xC8,0x39,0xFF,0xE8,0x39,0xFF,0xA7,0x39,0xFF,0x66,0x31,0xFF,
0x25,0x29,0xFF,0x25,0x21,0xFF,0x25,0x21,0xFF,0x86,0x31,0xFF,
0x0C,0x63,0xFF,0x31,0x84,0xFF,0x31,0x84,0xFF,0x30,0x84,0xFF,
0x0F,0x8C,0xFF,0x73,0x74,0xFE,0x1B,0x3D,0xDE,0xFB,0x2C,0xC9,
0x1B,0x45,0xC1,0xBA,0x95,0x7C,0xD9,0xAD,0x0E,0x5B,0xB6,0x0B,
0x5B,0xB6,0x07,0x1A,0xB6,0x06,0x5B,0xB6,0x04,0x5B,0xBE,0x03,
0xF5,0x94,0x02,0x00,0x00,0x01,0x00,0x00,0x01,0x00,0x00,0x00,
0x00,0x00,0x00,0x00,0x00,0x00,0x00,0x00,0x00,0x00,0x00,0x00,
0x00,0x00,0x00,0x00,0x00,0x00,0x00,0x00,0x00,0x00,0x00,0x00,
0x00,0x00,0x00,0x00,0x00,0x00,0x00,0x00,0x01,0x00,0x00,0x02,
0x00,0x00,0x05,0x00,0x00,0x0A,0x00,0x00,0x12,0x00,0x00,0x2F,
0xC7,0x39,0xA2,0x0D,0x53,0xFE,0xD6,0x84,0xFF,0x16,0x8D,0xFE,
0x16,0x8D,0xFF,0x16,0x8D,0xFF,0x16,0x8D,0xFF,0x16,0x8D,0xFF,
0x16,0x8D,0xFF,0x16,0x8D,0xFF,0xF6,0x8C,0xFF,0xB5,0x84,0xFF,
0x53,0x7C,0xFF,0xF2,0x73,0xFF,0xD1,0x6B,0xFF,0xD1,0x6B,0xFF,
0xD5,0x8C,0xFF,0xFB,0xA5,0xFF,0x1A,0x6D,0xFF,0x1A,0x6D,0xFE,
0x1A,0x6D,0xFF,0x3A,0x6D,0xFF,0xF9,0x64,0xFF,0xFA,0x64,0xFF,
0xDA,0x64,0xFF,0xDA,0x64,0xFF,0xFA,0x6C,0xFF,0x1A,0x6D,0xFF,
0x1B,0x6D,0xFF,0x3B,0x6D,0xFF,0x3B,0x75,0xFF,0x5A,0x75,0xFF,
0x5B,0x75,0xFF,0x9B,0x7D,0xFF,0x9B,0x7D,0xFF,0x9B,0x85,0xFE,
0xBB,0x85,0xFF,0xBB,0x85,0xFF,0xBC,0x85,0xFF,0xDC,0x85,0xFF,
0xDC,0x85,0xFF,0xDC,0x85,0xFF,0xDC,0x85,0xFF,0xDC,0x8D,0xFF,
0xFC,0x8D,0xFF,0xFC,0x85,0xFF,0xDC,0x7D,0xFF,0xBC,0x7D,0xFF,
0xBC,0x7D,0xFF,0xBB,0x7D,0xFF,0xBB,0x7D,0xFF,0xBB,0x7D,0xFE,
0xBB,0x7D,0xFF,0x9B,0x7D,0xFF,0x9B,0x75,0xFF,0x7A,0x75,0xFF,
0x5A,0x75,0xFF,0x39,0x6D,0xFF,0x18,0x6D,0xFF,0xB7,0x6C,0xFF,
0x8F,0x73,0xFF,0xB6,0xB5,0xFF,0x5C,0xE7,0xFF,0x14,0xA5,0xFF,
0x51,0x8C,0xFF,0x71,0x8C,0xFF,0x71,0x8C,0xFF,0x92,0x94,0xFE,
0xCF,0x7B,0xFF,0x28,0x4A,0xFF,0x65,0x29,0xFF,0xE7,0x39,0xFF,
0xE8,0x41,0xFF,0xE8,0x41,0xFF,0xE8,0x39,0xFF,0xC7,0x39,0xFF,
0xC7,0x39,0xFF,0xA7,0x39,0xFF,0xA7,0x39,0xFF,0xC8,0x39,0xFF,
0xC8,0x39,0xFF,0xC8,0x39,0xFF,0xA7,0x31,0xFF,0x87,0x31,0xFE,
0xA8,0x39,0xFF,0xA7,0x31,0xFF,0xC7,0x39,0xFF,0xC8,0x39,0xFF,
0xA7,0x31,0xFF,0x66,0x29,0xFF,0x25,0x29,0xFF,0x45,0x29,0xFF,
0x86,0x31,0xFF,0x0C,0x63,0xFF,0x31,0x84,0xFF,0x31,0x84,0xFF,
0x30,0x84,0xFF,0x0F,0x84,0xFE,0xB7,0x54,0xE6,0xDB,0x2C,0xC9,
0x1B,0x45,0xC0,0xBA,0x95,0x69,0xF9,0xAD,0x0D,0x3B,0xB6,0x0A,
0x3B,0xB6,0x07,0x1A,0xAE,0x05,0x3B,0xB6,0x04,0x5B,0xB6,0x03,
0xD5,0x94,0x02,0x00,0x00,0x01,0x00,0x00,0x01,0x00,0x00,0x00,
0x00,0x00,0x00,0x00,0x00,0x00,0x00,0x00,0x00,0x00,0x00,0x00,
0x00,0x00,0x00,0x00,0x00,0x00,0x00,0x00,0x00,0x00,0x00,0x00,
0x00,0x00,0x00,0x00,0x00,0x00,0x00,0x00,0x01,0x00,0x00,0x03,
0x00,0x00,0x07,0x00,0x00,0x0C,0x00,0x00,0x16,0x00,0x00,0x31,
0xA7,0x31,0x9E,0x0D,0x5B,0xFE,0x95,0x7C,0xFF,0x17,0x8D,0xFE,
0x17,0x8D,0xFF,0x37,0x8D,0xFF,0x37,0x8D,0xFF,0x17,0x8D,0xFF,
0x37,0x95,0xFF,0x17,0x8D,0xFF,0xF6,0x8C,0xFF,0xD5,0x84,0xFF,
0x53,0x7C,0xFF,0x12,0x74,0xFF,0xF1,0x6B,0xFF,0xD1,0x6B,0xFF,
0x57,0x9D,0xFF,0xDB,0x9D,0xFF,0x1A,0x6D,0xFF,0x1A,0x6D,0xFE,
0x3A,0x6D,0xFF,0x3A,0x6D,0xFF,0x1A,0x6D,0xFF,0xD9,0x64,0xFF,
0xFA,0x64,0xFF,0xDA,0x64,0xFF,0xFA,0x64,0xFF,0x1A,0x6D,0xFF,
0x1B,0x6D,0xFF,0x3B,0x6D,0xFF,0x5B,0x75,0xFF,0x5B,0x75,0xFF,
0x5B,0x75,0xFF,0x7B,0x7D,0xFF,0x9B,0x7D,0xFF,0x9B,0x7D,0xFE,
0xBB,0x85,0xFF,0xBC,0x85,0xFF,0xBC,0x85,0xFF,0xDB,0x85,0xFF,
0xDC,0x85,0xFF,0xDC,0x85,0xFF,0xDC,0x85,0xFF,0xFC,0x85,0xFF,
0xDC,0x85,0xFF,0xBC,0x7D,0xFF,0xBC,0x7D,0xFF,0x9B,0x7D,0xFF,
0x9B,0x7D,0xFF,0x9B,0x7D,0xFF,0x9B,0x75,0xFF,0x9B,0x75,0xFE,
0x7B,0x75,0xFF,0x7A,0x75,0xFF,0x5A,0x6D,0xFF,0x39,0x6D,0xFF,
0x19,0x6D,0xFF,0xF8,0x64,0xFF,0xB7,0x64,0xFF,0x13,0x64,0xFF,
0xCF,0x83,0xFF,0x3C,0xDF,0xFF,0x58,0xC6,0xFF,0x51,0x8C,0xFF,
0x71,0x8C,0xFF,0x71,0x8C,0xFF,0x92,0x94,0xFF,0x30,0x84,0xFE,
0xAA,0x52,0xFF,0xA7,0x39,0xFF,0xC7,0x39,0xFF,0x29,0x42,0xFF,
0x08,0x42,0xFF,0xE8,0x41,0xFF,0xC8,0x39,0xFF,0xE8,0x39,0xFF,
0xE8,0x39,0xFF,0xE8,0x39,0xFF,0xE8,0x41,0xFF,0xC8,0x39,0xFF,
0xC8,0x39,0xFF,0xC8,0x39,0xFF,0xE8,0x41,0xFF,0xC8,0x39,0xFE,
0xC8,0x39,0xFF,0xA8,0x39,0xFF,0xA7,0x31,0xFF,0xC8,0x39,0xFF,
0xE8,0x41,0xFF,0xE8,0x39,0xFF,0x86,0x31,0xFF,0x86,0x31,0xFF,
0x86,0x31,0xFF,0xC7,0x39,0xFF,0x6D,0x6B,0xFF,0x30,0x84,0xFF,
0x30,0x84,0xFF,0x0F,0x84,0xFF,0x52,0x74,0xF3,0xDA,0x2C,0xCD,
0x3C,0x45,0xBF,0xB9,0x9D,0x57,0xFA,0xAD,0x0D,0x3A,0xB6,0x0A,
0x1A,0xAE,0x07,0x1A,0xAE,0x05,0x3B,0xB6,0x04,0x5B,0xB6,0x03,
0x8F,0x6B,0x02,0x00,0x00,0x01,0x00,0x00,0x01,0x00,0x00,0x00,
0x00,0x00,0x00,0x00,0x00,0x00,0x00,0x00,0x00,0x00,0x00,0x00,
0x00,0x00,0x00,0x00,0x00,0x00,0x00,0x00,0x00,0x00,0x00,0x00,
0x00,0x00,0x00,0x00,0x00,0x01,0x00,0x00,0x01,0x00,0x00,0x04,
0x00,0x00,0x08,0x00,0x00,0x0F,0x00,0x00,0x1A,0x00,0x00,0x33,
0x66,0x29,0x94,0xEC,0x52,0xFC,0xF2,0x6B,0xFF,0x37,0x95,0xFE,
0x37,0x95,0xFF,0x37,0x95,0xFF,0x37,0x95,0xFF,0x37,0x95,0xFF,
0x37,0x95,0xFF,0x37,0x95,0xFF,0x16,0x8D,0xFF,0xD5,0x8C,0xFF,
0x73,0x7C,0xFF,0x32,0x74,0xFF,0xF1,0x73,0xFF,0xF1,0x6B,0xFF,
0xD9,0xA5,0xFF,0xBA,0x95,0xFF,0x1A,0x6D,0xFF,0x1A,0x6D,0xFE,
0x1A,0x6D,0xFF,0x3B,0x6D,0xFF,0x3B,0x6D,0xFF,0xD9,0x64,0xFF,
0xFA,0x64,0xFF,0xDA,0x64,0xFF,0xFA,0x64,0xFF,0x1A,0x6D,0xFF,
0x3B,0x6D,0xFF,0x3B,0x6D,0xFF,0x5B,0x75,0xFF,0x5B,0x75,0xFF,
0x5B,0x75,0xFF,0x7B,0x7D,0xFF,0x7B,0x7D,0xFF,0x9B,0x7D,0xFE,
0xBB,0x7D,0xFF,0xBB,0x85,0xFF,0xBB,0x85,0xFF,0xDB,0x85,0xFF,
0xDC,0x85,0xFF,0xDC,0x85,0xFF,0xDC,0x85,0xFF,0xBC,0x7D,0xFF,
0xBC,0x75,0xFF,0x9B,0x75,0xFF,0x9B,0x75,0xFF,0x9B,0x75,0xFF,
0x9B,0x75,0xFF,0x7B,0x75,0xFF,0x7B,0x75,0xFF,0x5B,0x6D,0xFE,
0x5A,0x6D,0xFF,0x3A,0x6D,0xFF,0x19,0x6D,0xFF,0xF8,0x64,0xFF,
0xB7,0x64,0xFF,0x96,0x5C,0xFF,0x55,0x5C,0xFF,0x4E,0x5B,0xFF,
0x55,0xAD,0xFF,0x5C,0xE7,0xFF,0x14,0xA5,0xFF,0x51,0x8C,0xFF,
0x71,0x8C,0xFF,0x92,0x94,0xFF,0x92,0x94,0xFF,0x2C,0x63,0xFE,
0xE7,0x39,0xFF,0xE7,0x39,0xFF,0x28,0x42,0xFF,0x28,0x42,0xFF,
0x29,0x42,0xFF,0x08,0x42,0xFF,0x08,0x42,0xFF,0x08,0x42,0xFF,
0xE8,0x41,0xFF,0xE8,0x39,0xFF,0x08,0x42,0xFF,0xC8,0x39,0xFF,
0xC8,0x39,0xFF,0xC8,0x39,0xFF,0xC8,0x39,0xFF,0xE8,0x41,0xFE,
0xE8,0x39,0xFF,0xE8,0x41,0xFF,0xE8,0x41,0xFF,0xC8,0x39,0xFF,
0xE8,0x39,0xFF,0x09,0x42,0xFF,0xE8,0x41,0xFF,0x87,0x31,0xFF,
0xA7,0x31,0xFF,0x86,0x31,0xFF,0x08,0x42,0xFF,0xAE,0x73,0xFF,
0x30,0x84,0xFF,0x10,0x84,0xFF,0x10,0x84,0xFD,0x76,0x4C,0xDC,
0x3C,0x4D,0xBD,0x98,0x9D,0x45,0xFA,0xAD,0x0C,0x3B,0xB6,0x09,
0x1A,0xAE,0x07,0xFA,0xAD,0x05,0x1A,0xAE,0x04,0x1A,0xB6,0x03,
0xE8,0x39,0x02,0x00,0x00,0x01,0x00,0x00,0x01,0x00,0x00,0x00,
0x00,0x00,0x00,0x00,0x00,0x00,0x00,0x00,0x00,0x00,0x00,0x00,
0x00,0x00,0x00,0x00,0x00,0x00,0x00,0x00,0x00,0x00,0x00,0x00,
0x00,0x00,0x00,0x00,0x00,0x01,0x00,0x00,0x02,0x00,0x00,0x05,
0x00,0x00,0x0A,0x00,0x00,0x11,0x00,0x00,0x1D,0x00,0x00,0x34,
0x04,0x19,0x8A,0xED,0x5A,0xFA,0x70,0x5B,0xFF,0x57,0x95,0xFE,
0x37,0x95,0xFF,0x37,0x95,0xFF,0x57,0x95,0xFF,0x57,0x95,0xFF,
0x57,0x95,0xFF,0x57,0x95,0xFF,0x36,0x95,0xFF,0xF5,0x8C,0xFF,
0x93,0x84,0xFF,0x32,0x7C,0xFF,0x12,0x74,0xFF,0x12,0x74,0xFF,
0x1A,0xB6,0xFF,0x7A,0x85,0xFF,0x1A,0x65,0xFF,0x1A,0x6D,0xFE,
0x3A,0x6D,0xFF,0x3B,0x6D,0xFF,0x3B,0x6D,0xFF,0x1A,0x6D,0xFF,
0xF9,0x64,0xFF,0x1A,0x65,0xFF,0xFA,0x64,0xFF,0x1B,0x6D,0xFF,
0x3B,0x6D,0xFF,0x3B,0x6D,0xFF,0x5B,0x75,0xFF,0x5B,0x75,0xFF,
0x7B,0x75,0xFF,0x7B,0x7D,0xFF,0x9B,0x7D,0xFF,0x9B,0x7D,0xFE,
0x9B,0x7D,0xFF,0xBB,0x7D,0xFF,0xBB,0x7D,0xFF,0xBB,0x85,0xFF,
0xBC,0x85,0xFF,0xBC,0x85,0xFF,0x9C,0x7D,0xFF,0x9C,0x75,0xFF,
0x7B,0x75,0xFF,0x7B,0x75,0xFF,0x7B,0x6D,0xFF,0x7B,0x6D,0xFF,
0x7B,0x6D,0xFF,0x5B,0x6D,0xFF,0x5A,0x6D,0xFF,0x3A,0x6D,0xFE,
0x19,0x65,0xFF,0xF9,0x64,0xFF,0xD8,0x64,0xFF,0x97,0x5C,0xFF,
0x76,0x5C,0xFF,0x35,0x54,0xFF,0xD2,0x53,0xFF,0x8E,0x6B,0xFF,
0x7A,0xD6,0xFF,0x99,0xD6,0xFF,0x51,0x8C,0xFF,0x71,0x8C,0xFF,
0x71,0x8C,0xFF,0x92,0x94,0xFF,0xEF,0x7B,0xFF,0x49,0x4A,0xFE,
0xE7,0x39,0xFF,0x49,0x4A,0xFF,0x49,0x4A,0xFF,0x28,0x42,0xFF,
0x28,0x42,0xFF,0x29,0x4A,0xFF,0x29,0x42,0xFF,0xE8,0x41,0xFF,
0xC7,0x39,0xFF,0xC7,0x39,0xFF,0xC7,0x39,0xFF,0xC7,0x39,0xFF,
0xC8,0x39,0xFF,0xC8,0x39,0xFF,0xC8,0x39,0xFF,0xC8,0x39,0xFE,
0xE8,0x39,0xFF,0xC8,0x39,0xFF,0xE8,0x41,0xFF,0x09,0x42,0xFF,
0xE8,0x41,0xFF,0x09,0x42,0xFF,0x4A,0x4A,0xFF,0x29,0x42,0xFF,
0xC7,0x39,0xFF,0xA7,0x31,0xFF,0x86,0x31,0xFF,0x8A,0x52,0xFF,
0x10,0x84,0xFF,0x10,0x84,0xFF,0x10,0x84,0xFF,0x32,0x6C,0xF1,
0x3B,0x55,0xBD,0x78,0x9D,0x35,0xDA,0xAD,0x0C,0x5B,0xB6,0x09,
0xFA,0xAD,0x07,0xD9,0xA5,0x05,0xFA,0xAD,0x04,0xFA,0xAD,0x03,
0x6F,0x63,0x02,0x00,0x00,0x01,0x00,0x00,0x00,0x00,0x00,0x00,
0x00,0x00,0x00,0x00,0x00,0x00,0x00,0x00,0x00,0x00,0x00,0x00,
0x00,0x00,0x00,0x00,0x00,0x00,0x00,0x00,0x00,0x00,0x00,0x00,
0x00,0x00,0x00,0x00,0x00,0x01,0x00,0x00,0x02,0x00,0x00,0x05,
0x00,0x00,0x0B,0x00,0x00,0x13,0x00,0x00,0x20,0x00,0x00,0x35,
0xE4,0x18,0x85,0x2D,0x5B,0xFA,0xAD,0x4A,0xFF,0x78,0x9D,0xFE,
0x57,0x95,0xFF,0x57,0x9D,0xFF,0x78,0x9D,0xFF,0x78,0x9D,0xFF,
0x78,0x9D,0xFF,0x57,0x9D,0xFF,0x37,0x95,0xFF,0xF5,0x8C,0xFF,
0x94,0x84,0xFF,0x52,0x7C,0xFF,0x32,0x7C,0xFF,0x53,0x7C,0xFF,
0x3B,0xB6,0xFF,0x5A,0x7D,0xFF,0x1A,0x6D,0xFF,0x3A,0x6D,0xFE,
0x3B,0x6D,0xFF,0x3B,0x6D,0xFF,0x3B,0x6D,0xFF,0x5B,0x6D,0xFF,
0xFA,0x64,0xFF,0xFA,0x64,0xFF,0x1B,0x6D,0xFF,0x1B,0x6D,0xFF,
0x3B,0x6D,0xFF,0x3B,0x6D,0xFF,0x5B,0x6D,0xFF,0x5B,0x75,0xFF,
0x5B,0x75,0xFF,0x7B,0x75,0xFF,0x7B,0x7D,0xFF,0x7B,0x7D,0xFE,
0x9B,0x7D,0xFF,0x9B,0x7D,0xFF,0x9B,0x7D,0xFF,0x9B,0x7D,0xFF,
0x9B,0x7D,0xFF,0x9C,0x75,0xFF,0x7B,0x6D,0xFF,0x7B,0x6D,0xFF,
0x7B,0x6D,0xFF,0x7B,0x6D,0xFF,0x7B,0x6D,0xFF,0x5B,0x6D,0xFF,
0x5B,0x65,0xFF,0x5A,0x65,0xFF,0x3A,0x65,0xFF,0x19,0x65,0xFE,
0xF8,0x64,0xFF,0xB7,0x5C,0xFF,0x96,0x5C,0xFF,0x55,0x54,0xFF,
0x14,0x54,0xFF,0xD3,0x4B,0xFF,0x70,0x53,0xFF,0x10,0x84,0xFF,
0x3C,0xE7,0xFF,0x55,0xAD,0xFF,0x51,0x8C,0xFF,0x51,0x8C,0xFF,
0x71,0x8C,0xFF,0x71,0x8C,0xFF,0x2C,0x63,0xFF,0xE7,0x39,0xFE,
0x28,0x42,0xFF,0x49,0x4A,0xFF,0x49,0x4A,0xFF,0x49,0x4A,0xFF,
0x29,0x4A,0xFF,0x08,0x42,0xFF,0xC7,0x39,0xFF,0xA7,0x31,0xFF,
0x86,0x31,0xFF,0x86,0x31,0xFF,0x66,0x31,0xFF,0x86,0x31,0xFF,
0x86,0x31,0xFF,0xA7,0x31,0xFF,0xC8,0x39,0xFF,0xE8,0x39,0xFE,
0xE8,0x41,0xFF,0xE8,0x41,0xFF,0xE9,0x41,0xFF,0x09,0x42,0xFF,
0x29,0x42,0xFF,0x09,0x42,0xFF,0x49,0x4A,0xFF,0x8A,0x52,0xFF,
0x29,0x42,0xFF,0xE8,0x39,0xFF,0xE7,0x39,0xFF,0xA6,0x31,0xFF,
0x4D,0x6B,0xFF,0x10,0x84,0xFF,0x0F,0x84,0xFF,0x10,0x84,0xFD,
0xD7,0x6C,0xCB,0x57,0x9D,0x29,0xDA,0xA5,0x0B,0x1A,0xB6,0x09,
0x98,0xA5,0x06,0x98,0xA5,0x05,0xB9,0xA5,0x04,0xB9,0xA5,0x03,
0x12,0x74,0x02,0x00,0x00,0x01,0x00,0x00,0x00,0x00,0x00,0x00,
0x00,0x00,0x00,0x00,0x00,0x00,0x00,0x00,0x00,0x00,0x00,0x00,
0x00,0x00,0x00,0x00,0x00,0x00,0x00,0x00,0x00,0x00,0x00,0x00,
0x00,0x00,0x00,0x00,0x00,0x01,0x00,0x00,0x02,0x00,0x00,0x06,
0x00,0x00,0x0C,0x00,0x00,0x15,0x00,0x00,0x22,0x00,0x00,0x37,
0xE3,0x18,0x7F,0x4E,0x63,0xF8,0x89,0x29,0xFF,0x57,0x95,0xFE,
0x78,0x9D,0xFF,0x78,0x9D,0xFF,0x98,0x9D,0xFF,0x98,0x9D,0xFF,
0x98,0x9D,0xFF,0x78,0x9D,0xFF,0x57,0x9D,0xFF,0xF5,0x94,0xFF,
0x94,0x84,0xFF,0x52,0x7C,0xFF,0x32,0x7C,0xFF,0xD5,0x8C,0xFF,
0x3B,0xB6,0xFF,0x3A,0x75,0xFF,0x1A,0x6D,0xFF,0x3B,0x6D,0xFE,
0x3B,0x6D,0xFF,0x3B,0x6D,0xFF,0x3B,0x6D,0xFF,0x3B,0x6D,0xFF,
0x3B,0x6D,0xFF,0xFA,0x64,0xFF,0xFA,0x64,0xFF,0x1B,0x6D,0xFF,
0x1B,0x6D,0xFF,0x3B,0x6D,0xFF,0x3B,0x6D,0xFF,0x5B,0x6D,0xFF,
0x5B,0x75,0xFF,0x5B,0x75,0xFF,0x5B,0x75,0xFF,0x7B,0x7D,0xFE,
0x7B,0x7D,0xFF,0x7B,0x7D,0xFF,0x7B,0x7D,0xFF,0x7B,0x7D,0xFF,
0x7B,0x75,0xFF,0x7B,0x6D,0xFF,0x7B,0x6D,0xFF,0x5B,0x6D,0xFF,
0x5B,0x6D,0xFF,0x5B,0x6D,0xFF,0x5B,0x65,0xFF,0x5B,0x65,0xFF,
0x3A,0x65,0xFF,0x3A,0x65,0xFF,0xF9,0x64,0xFF,0xD8,0x5C,0xFE,
0xB7,0x5C,0xFF,0x76,0x54,0xFF,0x35,0x54,0xFF,0xF4,0x4B,0xFF,
0xB2,0x4B,0xFF,0x71,0x4B,0xFF,0xED,0x5A,0xFF,0x34,0xA5,0xFF,
0xFB,0xDE,0xFF,0x51,0x8C,0xFF,0x96,0xB5,0xFF,0xD6,0xB5,0xFF,
0x92,0x94,0xFF,0x10,0x84,0xFF,0x69,0x4A,0xFF,0xC7,0x39,0xFE,
0x49,0x4A,0xFF,0x49,0x4A,0xFF,0x49,0x4A,0xFF,0x28,0x42,0xFF,
0xE8,0x41,0xFF,0xC7,0x39,0xFF,0x86,0x31,0xFF,0xA6,0x31,0xFF,
0x86,0x31,0xFF,0x86,0x31,0xFF,0x66,0x29,0xFF,0x66,0x29,0xFF,
0x66,0x29,0xFF,0x66,0x29,0xFF,0x66,0x29,0xFF,0x86,0x31,0xFE,
0xC8,0x39,0xFF,0xE8,0x41,0xFF,0x09,0x42,0xFF,0x09,0x42,0xFF,
0x29,0x4A,0xFF,0x4A,0x4A,0xFF,0x4A,0x4A,0xFF,0x6A,0x4A,0xFF,
0xAB,0x52,0xFF,0x29,0x42,0xFF,0xE8,0x41,0xFF,0x86,0x31,0xFF,
0x49,0x4A,0xFF,0xEF,0x7B,0xFF,0xEF,0x7B,0xFF,0xEF,0x7B,0xFE,
0x11,0x7C,0xE6,0xF5,0x94,0x28,0x78,0x9D,0x0C,0x78,0x9D,0x09,
0x57,0x9D,0x07,0x57,0x9D,0x06,0x78,0x9D,0x04,0x57,0x9D,0x03,
0xB4,0x84,0x02,0xC3,0x18,0x01,0x00,0x00,0x00,0x00,0x00,0x00,
0x00,0x00,0x00,0x00,0x00,0x00,0x00,0x00,0x00,0x00,0x00,0x00,
0x00,0x00,0x00,0x00,0x00,0x00,0x00,0x00,0x00,0x00,0x00,0x00,
0x00,0x00,0x00,0x00,0x00,0x01,0x00,0x00,0x02,0x00,0x00,0x06,
0x00,0x00,0x0C,0x00,0x00,0x15,0x00,0x00,0x24,0x00,0x00,0x37,
0xA3,0x10,0x76,0x4E,0x63,0xF6,0x48,0x21,0xFF,0x95,0x7C,0xFE,
0x98,0xA5,0xFF,0x98,0xA5,0xFF,0x98,0xA5,0xFF,0x98,0xA5,0xFF,
0x98,0xA5,0xFF,0x98,0xA5,0xFF,0x57,0x9D,0xFF,0xF5,0x94,0xFF,
0x93,0x84,0xFF,0x52,0x7C,0xFF,0x32,0x7C,0xFF,0x36,0x95,0xFF,
0x1B,0xAE,0xFF,0x1A,0x6D,0xFF,0x1A,0x6D,0xFF,0x1B,0x65,0xFE,
0x1B,0x6D,0xFF,0x1B,0x6D,0xFF,0x3B,0x6D,0xFF,0x3B,0x6D,0xFF,
0x3B,0x6D,0xFF,0x3B,0x6D,0xFF,0x1A,0x65,0xFF,0xFA,0x64,0xFF,
0x3B,0x6D,0xFF,0x3B,0x6D,0xFF,0x3B,0x6D,0xFF,0x3B,0x6D,0xFF,
0x5B,0x75,0xFF,0x5B,0x75,0xFF,0x5B,0x75,0xFF,0x5B,0x75,0xFE,
0x7B,0x75,0xFF,0x7B,0x75,0xFF,0x7B,0x75,0xFF,0x5B,0x6D,0xFF,
0x5B,0x6D,0xFF,0x5B,0x6D,0xFF,0x5B,0x6D,0xFF,0x5B,0x65,0xFF,
0x5B,0x65,0xFF,0x5B,0x65,0xFF,0x3B,0x65,0xFF,0x3A,0x65,0xFF,
0x1A,0x65,0xFF,0xF9,0x64,0xFF,0xD8,0x5C,0xFF,0x97,0x54,0xFE,
0x56,0x54,0xFF,0x15,0x4C,0xFF,0xD3,0x4B,0xFF,0xD2,0x53,0xFF,
0x90,0x63,0xFF,0x2E,0x63,0xFF,0x2D,0x6B,0xFF,0x38,0xC6,0xFF,
0x58,0xC6,0xFF,0xCF,0x7B,0xFF,0x96,0xB5,0xFF,0xD6,0xB5,0xFF,
0x10,0x84,0xFF,0x6D,0x6B,0xFF,0xC7,0x39,0xFF,0x28,0x42,0xFE,
0x49,0x4A,0xFF,0x49,0x4A,0xFF,0x28,0x42,0xFF,0x08,0x42,0xFF,
0xC7,0x39,0xFF,0xC7,0x39,0xFF,0x86,0x31,0xFF,0x65,0x29,0xFF,
0x65,0x29,0xFF,0x45,0x29,0xFF,0x45,0x29,0xFF,0x25,0x29,0xFF,
0x46,0x29,0xFF,0x66,0x29,0xFF,0x66,0x29,0xFF,0x66,0x29,0xFE,
0x66,0x31,0xFF,0xA8,0x39,0xFF,0x09,0x42,0xFF,0x29,0x4A,0xFF,
0x4A,0x4A,0xFF,0x6A,0x4A,0xFF,0x8B,0x52,0xFF,0x8A,0x52,0xFF,
0xCC,0x5A,0xFF,0xAB,0x52,0xFF,0x29,0x42,0xFF,0x08,0x42,0xFF,
0x86,0x31,0xFF,0x4D,0x6B,0xFF,0x10,0x84,0xFF,0xEF,0x7B,0xFE,
0xAF,0x73,0xFC,0x72,0x84,0x5F,0x78,0x9D,0x0B,0x78,0x9D,0x0A,
0x37,0x95,0x07,0x16,0x95,0x06,0x16,0x95,0x05,0xF6,0x94,0x03,
0x73,0x84,0x02,0xAB,0x4A,0x01,0x00,0x00,0x00,0x00,0x00,0x00,
0x00,0x00,0x00,0x00,0x00,0x00,0x00,0x00,0x00,0x00,0x00,0x00,
0x00,0x00,0x00,0x00,0x00,0x00,0x00,0x00,0x00,0x00,0x00,0x00,
0x00,0x00,0x00,0x00,0x00,0x01,0x00,0x00,0x02,0x00,0x00,0x06,
0x00,0x00,0x0C,0x00,0x00,0x16,0x00,0x00,0x24,0x00,0x00,0x37,
0x61,0x08,0x6B,0x4E,0x63,0xF3,0x48,0x29,0xFF,0xEE,0x52,0xFE,
0xB9,0xA5,0xFF,0xB8,0xA5,0xFF,0xB8,0xA5,0xFF,0xB8,0xA5,0xFF,
0xB8,0xA5,0xFF,0x98,0xA5,0xFF,0x57,0x9D,0xFF,0xF5,0x94,0xFF,
0x93,0x84,0xFF,0x52,0x7C,0xFF,0x32,0x7C,0xFF,0x98,0xA5,0xFF,
0xFB,0xA5,0xFF,0x1A,0x6D,0xFF,0x1A,0x65,0xFF,0x1B,0x65,0xFE,
0x1B,0x65,0xFF,0x1B,0x6D,0xFF,0x1B,0x6D,0xFF,0x3B,0x6D,0xFF,
0x3B,0x6D,0xFF,0x3B,0x6D,0xFF,0x3B,0x6D,0xFF,0x1B,0x6D,0xFF,
0x1B,0x6D,0xFF,0x3B,0x6D,0xFF,0x3B,0x6D,0xFF,0x3B,0x6D,0xFF,
0x5B,0x6D,0xFF,0x5B,0x75,0xFF,0x5B,0x75,0xFF,0x5B,0x75,0xFE,
0x5B,0x75,0xFF,0x7B,0x75,0xFF,0x5B,0x6D,0xFF,0x5B,0x65,0xFF,
0x5B,0x65,0xFF,0x5B,0x65,0xFF,0x3B,0x65,0xFF,0x3B,0x65,0xFF,
0x3B,0x65,0xFF,0x3B,0x65,0xFF,0x1A,0x65,0xFF,0x1A,0x5D,0xFF,
0xF9,0x5C,0xFF,0xB8,0x5C,0xFF,0x97,0x54,0xFF,0x56,0x54,0xFE,
0x15,0x4C,0xFF,0x14,0x5C,0xFF,0xB3,0x8C,0xFF,0x10,0x84,0xFF,
0xEA,0x62,0xFF,0xEC,0x5A,0xFF,0x8E,0x6B,0xFF,0xDA,0xD6,0xFF,
0x75,0xAD,0xFF,0x8E,0x73,0xFF,0x30,0x84,0xFF,0x92,0x94,0xFF,
0x10,0x84,0xFF,0xCB,0x5A,0xFF,0xE8,0x41,0xFF,0x49,0x4A,0xFE,
0x69,0x4A,0xFF,0x28,0x42,0xFF,0xE8,0x41,0xFF,0xE7,0x39,0xFF,
0xA7,0x39,0xFF,0x86,0x31,0xFF,0x45,0x29,0xFF,0x45,0x29,0xFF,
0x65,0x29,0xFF,0x24,0x21,0xFF,0x45,0x29,0xFF,0x24,0x21,0xFF,
0x25,0x29,0xFF,0x25,0x29,0xFF,0x45,0x29,0xFF,0x66,0x29,0xFE,
0x66,0x31,0xFF,0x87,0x31,0xFF,0xC8,0x39,0xFF,0x29,0x4A,0xFF,
0x6A,0x52,0xFF,0x8B,0x52,0xFF,0xAB,0x52,0xFF,0xCC,0x5A,0xFF,
0xAB,0x52,0xFF,0x0C,0x63,0xFF,0x8A,0x52,0xFF,0x29,0x42,0xFF,
0xC7,0x39,0xFF,0x69,0x4A,0xFF,0xCF,0x7B,0xFF,0xEF,0x7B,0xFE,
0xEF,0x7B,0xFF,0xCF,0x73,0xC5,0x16,0x95,0x13,0x36,0x95,0x0B,
0x37,0x95,0x08,0xD5,0x8C,0x06,0xD5,0x8C,0x05,0xB4,0x84,0x03,
0x32,0x7C,0x03,0xAB,0x4A,0x01,0x00,0x00,0x01,0x00,0x00,0x00,
0x00,0x00,0x00,0x00,0x00,0x00,0x00,0x00,0x00,0x00,0x00,0x00,
0x00,0x00,0x00,0x00,0x00,0x00,0x00,0x00,0x00,0x00,0x00,0x00,
0x00,0x00,0x00,0x00,0x00,0x01,0x00,0x00,0x02,0x00,0x00,0x06,
0x00,0x00,0x0C,0x00,0x00,0x16,0x00,0x00,0x24,0x00,0x00,0x36,
0x41,0x08,0x67,0x8F,0x6B,0xF2,0xA9,0x31,0xFF,0x69,0x29,0xFE,
0x78,0x9D,0xFF,0xB9,0xA5,0xFF,0xB9,0xA5,0xFF,0xB9,0xA5,0xFF,
0xB8,0xA5,0xFF,0x98,0xA5,0xFF,0x57,0x9D,0xFF,0xF5,0x94,0xFF,
0x93,0x8C,0xFF,0x73,0x84,0xFF,0x52,0x7C,0xFF,0xD9,0xAD,0xFF,
0xBB,0x95,0xFF,0xFA,0x64,0xFF,0xFA,0x64,0xFF,0xFB,0x64,0xFE,
0x1B,0x65,0xFF,0x1B,0x65,0xFF,0x1B,0x65,0xFF,0x1B,0x6D,0xFF,
0x1B,0x6D,0xFF,0x1B,0x6D,0xFF,0x1B,0x6D,0xFF,0x3B,0x6D,0xFF,
0x3B,0x6D,0xFF,0x3B,0x6D,0xFF,0x3B,0x6D,0xFF,0x3B,0x6D,0xFF,
0x3B,0x6D,0xFF,0x5B,0x6D,0xFF,0x5B,0x6D,0xFF,0x5B,0x75,0xFE,
0x5B,0x6D,0xFF,0x3B,0x65,0xFF,0x3B,0x65,0xFF,0x3B,0x65,0xFF,
0x3B,0x65,0xFF,0x3B,0x65,0xFF,0x1B,0x65,0xFF,0x1B,0x5D,0xFF,
0x1B,0x5D,0xFF,0x1A,0x5D,0xFF,0xFA,0x5C,0xFF,0xD9,0x5C,0xFF,
0xB8,0x54,0xFF,0x97,0x54,0xFF,0x56,0x4C,0xFF,0x15,0x4C,0xFE,
0x94,0x74,0xFF,0x96,0xB5,0xFF,0xD2,0x9C,0xFF,0xCB,0x5A,0xFF,
0x4D,0x63,0xFF,0x0C,0x63,0xFF,0x10,0x84,0xFF,0xDA,0xD6,0xFF,
0xF3,0x9C,0xFF,0x10,0x84,0xFF,0x10,0x84,0xFF,0x51,0x8C,0xFF,
0xCF,0x7B,0xFF,0x49,0x4A,0xFF,0x08,0x42,0xFF,0x49,0x4A,0xFE,
0x28,0x42,0xFF,0xE7,0x39,0xFF,0xC7,0x39,0xFF,0xA6,0x31,0xFF,
0x45,0x29,0xFF,0x45,0x29,0xFF,0x86,0x31,0xFF,0xE7,0x39,0xFF,
0xE8,0x41,0xFF,0xE8,0x41,0xFF,0x08,0x42,0xFF,0x08,0x42,0xFF,
0xE8,0x41,0xFF,0x86,0x31,0xFF,0x66,0x29,0xFF,0x25,0x29,0xFE,
0x45,0x29,0xFF,0x66,0x31,0xFF,0x87,0x31,0xFF,0xC8,0x39,0xFF,
0x6A,0x4A,0xFF,0xAB,0x52,0xFF,0xCC,0x5A,0xFF,0xEC,0x62,0xFF,
0xEC,0x5A,0xFF,0xEC,0x62,0xFF,0xCC,0x5A,0xFF,0x49,0x4A,0xFF,
0x08,0x42,0xFF,0xC7,0x39,0xFF,0x4D,0x6B,0xFF,0xEF,0x7B,0xFE,
0xEF,0x7B,0xFF,0x8E,0x73,0xF5,0xB3,0x8C,0x3F,0xD5,0x8C,0x0A,
0xB4,0x8C,0x08,0x93,0x84,0x07,0x93,0x84,0x05,0x73,0x84,0x04,
0x32,0x7C,0x03,0xAB,0x4A,0x02,0x00,0x00,0x01,0x00,0x00,0x01,
0x00,0x00,0x00,0x00,0x00,0x00,0x00,0x00,0x00,0x00,0x00,0x00,
0x00,0x00,0x00,0x00,0x00,0x00,0x00,0x00,0x00,0x00,0x00,0x00,
0x00,0x00,0x00,0x00,0x00,0x01,0x00,0x00,0x02,0x00,0x00,0x06,
0x00,0x00,0x0C,0x00,0x00,0x15,0x00,0x00,0x23,0x00,0x00,0x34,
0x41,0x08,0x61,0xAF,0x6B,0xEE,0xEA,0x31,0xFE,0xA6,0x10,0xFE,
0x33,0x74,0xFE,0xD9,0xAD,0xFE,0xD9,0xAD,0xFE,0xD9,0xAD,0xFE,
0xB9,0xAD,0xFE,0xB8,0xA5,0xFE,0x57,0x9D,0xFE,0xF5,0x94,0xFE,
0xB3,0x8C,0xFE,0x73,0x84,0xFE,0x53,0x84,0xFE,0x1A,0xB6,0xFE,
0x9B,0x8D,0xFE,0xFA,0x64,0xFE,0xFB,0x64,0xFE,0xFB,0x64,0xFE,
0xFB,0x64,0xFE,0x1B,0x65,0xFE,0x1B,0x65,0xFE,0x1B,0x65,0xFE,
0x1B,0x65,0xFE,0x1B,0x65,0xFE,0x1B,0x6D,0xFE,0x1B,0x6D,0xFE,
0x1B,0x6D,0xFE,0x1B,0x6D,0xFE,0x3B,0x6D,0xFE,0x3B,0x6D,0xFE,
0x3B,0x6D,0xFE,0x3B,0x6D,0xFE,0x5B,0x6D,0xFE,0x3B,0x6D,0xFE,
0x3B,0x65,0xFE,0x1B,0x5D,0xFE,0x1B,0x5D,0xFE,0x1B,0x5D,0xFE,
0x1B,0x5D,0xFE,0x1B,0x5D,0xFE,0x1B,0x5D,0xFE,0x1B,0x5D,0xFE,
0x1A,0x5D,0xFE,0xFA,0x5C,0xFE,0xD9,0x5C,0xFE,0xB8,0x54,0xFE,
0x97,0x54,0xFE,0x56,0x4C,0xFE,0x15,0x4C,0xFE,0x95,0x74,0xFE,
0x17,0xBE,0xFE,0xB6,0xBD,0xFE,0x2C,0x6B,0xFE,0x8D,0x6B,0xFE,
0x8E,0x73,0xFE,0xEC,0x62,0xFE,0xB2,0x94,0xFE,0x9A,0xD6,0xFE,
0x71,0x8C,0xFE,0x51,0x8C,0xFE,0x51,0x8C,0xFE,0x51,0x8C,0xFE,
0x8E,0x73,0xFE,0xE8,0x41,0xFE,0x49,0x4A,0xFE,0x49,0x4A,0xFE,
0xE7,0x39,0xFE,0xE7,0x39,0xFE,0x86,0x31,0xFE,0x25,0x29,0xFE,
0x45,0x29,0xFE,0x86,0x31,0xFE,0xC7,0x39,0xFE,0x86,0x31,0xFE,
0x66,0x31,0xFE,0xE7,0x39,0xFE,0x69,0x4A,0xFE,0x8A,0x52,0xFE,
0x49,0x4A,0xFE,0x28,0x42,0xFE,0xC7,0x39,0xFE,0xA7,0x39,0xFE,
0x46,0x29,0xFE,0x66,0x29,0xFE,0xA7,0x31,0xFE,0xC8,0x39,0xFE,
0x4A,0x4A,0xFE,0xCC,0x5A,0xFE,0xEC,0x62,0xFE,0x0C,0x63,0xFE,
0x2D,0x63,0xFE,0xEC,0x5A,0xFE,0x0C,0x63,0xFE,0x6A,0x4A,0xFE,
0x28,0x42,0xFE,0xE8,0x41,0xFE,0xAA,0x52,0xFE,0xEF,0x7B,0xFE,
0xEF,0x7B,0xFE,0xCF,0x7B,0xFE,0x10,0x7C,0x88,0x53,0x7C,0x0B,
0x52,0x7C,0x0A,0x32,0x7C,0x08,0x52,0x84,0x06,0x52,0x7C,0x05,
0x11,0x74,0x03,0xAB,0x4A,0x02,0x00,0x00,0x01,0x00,0x00,0x01,
0x00,0x00,0x00,0x00,0x00,0x00,0x00,0x00,0x00,0x00,0x00,0x00,
0x00,0x00,0x00,0x00,0x00,0x00,0x00,0x00,0x00,0x00,0x00,0x00,
0x00,0x00,0x00,0x00,0x00,0x01,0x00,0x00,0x02,0x00,0x00,0x05,
0x00,0x00,0x0B,0x00,0x00,0x14,0x00,0x00,0x21,0x00,0x00,0x33,
0x21,0x08,0x5A,0x8F,0x6B,0xE7,0x0C,0x3A,0xFF,0x86,0x10,0xFE,
0x2B,0x3A,0xFF,0xD9,0xAD,0xFF,0xD9,0xAD,0xFF,0xD9,0xAD,0xFF,
0xD9,0xAD,0xFF,0xB8,0xA5,0xFF,0x77,0x9D,0xFF,0xF5,0x94,0xFF,
0xB3,0x8C,0xFF,0x73,0x84,0xFF,0x93,0x84,0xFF,0x3B,0xB6,0xFF,
0x5B,0x85,0xFF,0xFA,0x64,0xFF,0xFB,0x64,0xFF,0x1B,0x65,0xFE,
0xFB,0x64,0xFF,0x1B,0x65,0xFF,0x1B,0x65,0xFF,0x1B,0x65,0xFF,
0x1B,0x65,0xFF,0x1B,0x65,0xFF,0x1B,0x65,0xFF,0x1B,0x65,0xFF,
0x1B,0x65,0xFF,0x1B,0x65,0xFF,0x1B,0x6D,0xFF,0x3B,0x6D,0xFF,
0x3B,0x6D,0xFF,0x3B,0x6D,0xFF,0x3B,0x65,0xFF,0x1B,0x65,0xFE,
0x1B,0x5D,0xFF,0x1B,0x5D,0xFF,0x1B,0x5D,0xFF,0x1B,0x5D,0xFF,
0x1B,0x5D,0xFF,0x1B,0x5D,0xFF,0x1B,0x5D,0xFF,0x1A,0x5D,0xFF,
0xFA,0x5C,0xFF,0xD9,0x54,0xFF,0xB9,0x54,0xFF,0x98,0x54,0xFF,
0x56,0x4C,0xFF,0x15,0x4C,0xFF,0x54,0x64,0xFF,0x58,0xC6,0xFE,
0x79,0xCE,0xFF,0x51,0x8C,0xFF,0x0B,0x63,0xFF,0x51,0x8C,0xFF,
0x8E,0x73,0xFF,0xCB,0x5A,0xFF,0x34,0xA5,0xFF,0x38,0xC6,0xFF,
0x51,0x8C,0xFF,0x51,0x8C,0xFF,0x51,0x8C,0xFF,0x71,0x8C,0xFF,
0xEB,0x5A,0xFF,0x08,0x42,0xFF,0x49,0x4A,0xFF,0x28,0x42,0xFE,
0xC7,0x39,0xFF,0x86,0x31,0xFF,0x24,0x21,0xFF,0x24,0x21,0xFF,
0x86,0x31,0xFF,0x65,0x29,0xFF,0x86,0x31,0xFF,0x49,0x4A,0xFF,
0x51,0x8C,0xFF,0xD7,0xBD,0xFF,0x79,0xCE,0xFF,0x59,0xCE,0xFF,
0xD7,0xBD,0xFF,0xB2,0x94,0xFF,0xCF,0x7B,0xFF,0x69,0x4A,0xFE,
0xE8,0x39,0xFF,0x86,0x31,0xFF,0xA7,0x31,0xFF,0xE8,0x41,0xFF,
0x29,0x42,0xFF,0xAB,0x52,0xFF,0x0D,0x63,0xFF,0x2D,0x63,0xFF,
0x2D,0x63,0xFF,0x0C,0x63,0xFF,0x0D,0x63,0xFF,0xCB,0x5A,0xFF,
0x29,0x4A,0xFF,0x08,0x42,0xFF,0x29,0x4A,0xFF,0xAE,0x73,0xFE,
0xCF,0x7B,0xFF,0xCF,0x7B,0xFF,0xAE,0x73,0xCC,0x32,0x7C,0x19,
0x12,0x74,0x0A,0xF1,0x73,0x08,0x11,0x7C,0x06,0x11,0x74,0x05,
0xF1,0x73,0x04,0xED,0x5A,0x03,0x21,0x00,0x02,0x00,0x00,0x02,
0x00,0x00,0x01,0x00,0x00,0x00,0x00,0x00,0x00,0x00,0x00,0x00,
0x00,0x00,0x00,0x00,0x00,0x00,0x00,0x00,0x00,0x00,0x00,0x00,
0x00,0x00,0x00,0x00,0x00,0x01,0x00,0x00,0x02,0x00,0x00,0x05,
0x00,0x00,0x0A,0x00,0x00,0x13,0x00,0x00,0x1F,0x00,0x00,0x2F,
0x00,0x00,0x51,0x6E,0x63,0xDD,0x8D,0x4A,0xFF,0xA7,0x10,0xFE,
0xA5,0x10,0xFF,0x94,0x84,0xFF,0xF9,0xB5,0xFF,0xF9,0xAD,0xFF,
0xD9,0xAD,0xFF,0xB8,0xAD,0xFF,0x77,0xA5,0xFF,0x15,0x95,0xFF,
0xB3,0x8C,0xFF,0x73,0x84,0xFF,0xD4,0x8C,0xFF,0x5B,0xB6,0xFF,
0x3A,0x75,0xFF,0xFA,0x64,0xFF,0xFB,0x64,0xFF,0xFB,0x64,0xFE,
0xFB,0x64,0xFF,0xFB,0x64,0xFF,0xFB,0x64,0xFF,0xFB,0x64,0xFF,
0xFB,0x64,0xFF,0xFB,0x64,0xFF,0xFB,0x64,0xFF,0xFB,0x64,0xFF,
0x1B,0x65,0xFF,0x1B,0x65,0xFF,0x1B,0x65,0xFF,0x1B,0x6D,0xFF,
0x1B,0x6D,0xFF,0x1B,0x65,0xFF,0x1B,0x5D,0xFF,0xFB,0x5C,0xFE,
0x1B,0x5D,0xFF,0x1B,0x5D,0xFF,0x1B,0x5D,0xFF,0x1B,0x5D,0xFF,
0xFB,0x5C,0xFF,0xFB,0x5C,0xFF,0xFB,0x5C,0xFF,0xFA,0x5C,0xFF,
0xDA,0x54,0xFF,0xB9,0x54,0xFF,0x98,0x54,0xFF,0x57,0x4C,0xFF,
0x16,0x4C,0xFF,0xF4,0x4B,0xFF,0xF8,0xBD,0xFF,0x1B,0xDF,0xFE,
0xF7,0xBD,0xFF,0xEC,0x62,0xFF,0x30,0x84,0xFF,0x71,0x8C,0xFF,
0x6D,0x6B,0xFF,0xEC,0x5A,0xFF,0x96,0xB5,0xFF,0xD7,0xBD,0xFF,
0x10,0x84,0xFF,0x51,0x8C,0xFF,0x51,0x8C,0xFF,0x51,0x8C,0xFF,
0x8A,0x52,0xFF,0xC7,0x39,0xFF,0x29,0x4A,0xFF,0x28,0x42,0xFE,
0xA7,0x39,0xFF,0x24,0x21,0xFF,0x24,0x21,0xFF,0x86,0x31,0xFF,
0x45,0x29,0xFF,0xC7,0x39,0xFF,0xCF,0x7B,0xFF,0x17,0xBE,0xFF,
0x7D,0xEF,0xFF,0xDF,0xFF,0xFF,0xDF,0xFF,0xFF,0xBE,0xF7,0xFF,
0x5D,0xEF,0xFF,0xFB,0xDE,0xFF,0x18,0xC6,0xFF,0xD3,0x9C,0xFE,
0x2C,0x63,0xFF,0x08,0x42,0xFF,0x46,0x29,0xFF,0xE8,0x39,0xFF,
0x29,0x4A,0xFF,0x8B,0x52,0xFF,0x0D,0x63,0xFF,0x2D,0x6B,0xFF,
0x0D,0x63,0xFF,0x2D,0x63,0xFF,0xEC,0x5A,0xFF,0x0C,0x63,0xFF,
0x49,0x4A,0xFF,0x29,0x42,0xFF,0x08,0x42,0xFF,0x2D,0x6B,0xFE,
0xCF,0x7B,0xFF,0xCF,0x7B,0xFF,0x8E,0x73,0xF2,0x31,0x7C,0x42,
0xD0,0x73,0x0A,0xD0,0x73,0x08,0xD0,0x73,0x06,0xD0,0x73,0x04,
0xAF,0x6B,0x04,0x6E,0x63,0x03,0x62,0x08,0x02,0x00,0x00,0x02,
0x00,0x00,0x01,0x00,0x00,0x00,0x00,0x00,0x00,0x00,0x00,0x00,
0x00,0x00,0x00,0x00,0x00,0x00,0x00,0x00,0x00,0x00,0x00,0x00,
0x00,0x00,0x00,0x00,0x00,0x01,0x00,0x00,0x02,0x00,0x00,0x04,
0x00,0x00,0x09,0x00,0x00,0x11,0x00,0x00,0x1D,0x00,0x00,0x2C,
0x00,0x00,0x4C,0x8F,0x6B,0xD9,0xEE,0x52,0xFF,0xC8,0x18,0xFE,
0x85,0x10,0xFF,0x0A,0x3A,0xFF,0x1A,0xB6,0xFF,0xF9,0xB5,0xFF,
0xF9,0xB5,0xFF,0xB8,0xAD,0xFF,0x77,0xA5,0xFF,0x15,0x95,0xFF,
0xB3,0x8C,0xFF,0x93,0x84,0xFF,0x15,0x95,0xFF,0x3B,0xB6,0xFF,
0x1A,0x6D,0xFF,0xFB,0x64,0xFF,0xFB,0x64,0xFF,0xFB,0x64,0xFE,
0xFB,0x64,0xFF,0xFB,0x64,0xFF,0xFB,0x64,0xFF,0xFB,0x64,0xFF,
0xFB,0x64,0xFF,0xFB,0x64,0xFF,0xFB,0x64,0xFF,0xFB,0x64,0xFF,
0xFB,0x64,0xFF,0xFB,0x64,0xFF,0x1B,0x65,0xFF,0x1B,0x65,0xFF,
0x1B,0x65,0xFF,0xFB,0x5C,0xFF,0xFB,0x5C,0xFF,0xFB,0x5C,0xFE,
0xFB,0x5C,0xFF,0xFB,0x5C,0xFF,0xFB,0x5C,0xFF,0xFB,0x5C,0xFF,
0xFB,0x5C,0xFF,0xFB,0x54,0xFF,0xFA,0x54,0xFF,0xDA,0x54,0xFF,
0xB9,0x54,0xFF,0x98,0x54,0xFF,0x77,0x4C,0xFF,0x36,0x4C,0xFF,
0xD4,0x43,0xFF,0x16,0x8D,0xFF,0x1C,0xE7,0xFF,0x1C,0xE7,0xFE,
0x32,0x84,0xFF,0x2E,0x6B,0xFF,0x71,0x8C,0xFF,0x51,0x8C,0xFF,
0x2D,0x63,0xFF,0xEC,0x5A,0xFF,0xB7,0xB5,0xFF,0x55,0xAD,0xFF,
0x30,0x84,0xFF,0x51,0x8C,0xFF,0x51,0x8C,0xFF,0x10,0x84,0xFF,
0xE8,0x41,0xFF,0xC7,0x39,0xFF,0xE8,0x41,0xFF,0xC7,0x39,0xFE,
0x65,0x29,0xFF,0x04,0x21,0xFF,0x45,0x29,0xFF,0x86,0x31,0xFF,
0x45,0x29,0xFF,0xCF,0x7B,0xFF,0xF7,0xBD,0xFF,0x5D,0xEF,0xFF,
0x7D,0xEF,0xFF,0x9D,0xEF,0xFF,0x7D,0xEF,0xFF,0x3C,0xE7,0xFF,
0xFB,0xDE,0xFF,0x9A,0xD6,0xFF,0x18,0xC6,0xFF,0x96,0xB5,0xFE,
0xD3,0x9C,0xFF,0x6D,0x6B,0xFF,0xE8,0x39,0xFF,0xC7,0x39,0xFF,
0x69,0x4A,0xFF,0x6A,0x52,0xFF,0xEC,0x62,0xFF,0x4D,0x6B,0xFF,
0x2D,0x6B,0xFF,0x2D,0x6B,0xFF,0x0C,0x63,0xFF,0x2C,0x63,0xFF,
0x8A,0x52,0xFF,0x49,0x4A,0xFF,0x08,0x42,0xFF,0xCB,0x5A,0xFE,
0xCF,0x7B,0xFF,0xCF,0x7B,0xFF,0x8E,0x73,0xFB,0xF0,0x7B,0x6E,
0x8F,0x6B,0x09,0xAF,0x6B,0x08,0xAF,0x6B,0x05,0x8F,0x6B,0x04,
0x6F,0x63,0x03,0x2D,0x5B,0x03,0x61,0x08,0x03,0x00,0x00,0x03,
0x00,0x00,0x01,0x00,0x00,0x00,0x00,0x00,0x00,0x00,0x00,0x00,
0x00,0x00,0x00,0x00,0x00,0x00,0x00,0x00,0x00,0x00,0x00,0x00,
0x00,0x00,0x00,0x00,0x00,0x00,0x00,0x00,0x01,0x00,0x00,0x03,
0x00,0x00,0x08,0x00,0x00,0x0F,0x00,0x00,0x1A,0x00,0x00,0x28,
0x00,0x00,0x46,0x8F,0x6B,0xD1,0x0F,0x5B,0xFF,0xC9,0x18,0xFE,
0xA7,0x10,0xFF,0x85,0x10,0xFF,0x53,0x7C,0xFF,0x3A,0xB6,0xFF,
0xF9,0xB5,0xFF,0xD8,0xAD,0xFF,0x76,0xA5,0xFF,0xF5,0x94,0xFF,
0xB4,0x8C,0xFF,0x93,0x8C,0xFF,0x56,0x9D,0xFF,0x1B,0xAE,0xFF,
0x1A,0x6D,0xFF,0xFB,0x64,0xFF,0xFB,0x64,0xFF,0xFB,0x64,0xFE,
0xFB,0x64,0xFF,0xFB,0x64,0xFF,0xFB,0x64,0xFF,0xFB,0x64,0xFF,
0xFB,0x64,0xFF,0xFB,0x64,0xFF,0xFB,0x64,0xFF,0xFB,0x64,0xFF,
0xFA,0x64,0xFF,0xFA,0x64,0xFF,0x1B,0x65,0xFF,0xFB,0x64,0xFF,
0xDB,0x5C,0xFF,0xDB,0x54,0xFF,0xFB,0x54,0xFF,0xFB,0x54,0xFE,
0xFB,0x54,0xFF,0xFB,0x5C,0xFF,0xFB,0x5C,0xFF,0xFB,0x5C,0xFF,
0xFB,0x54,0xFF,0xFA,0x54,0xFF,0xDA,0x54,0xFF,0xB9,0x54,0xFF,
0x99,0x54,0xFF,0x78,0x4C,0xFF,0x36,0x4C,0xFF,0xF5,0x43,0xFF,
0x14,0x5C,0xFF,0x79,0xCE,0xFF,0x5D,0xE7,0xFF,0x79,0xCE,0xFE,
0x0C,0x63,0xFF,0x0F,0x84,0xFF,0x71,0x8C,0xFF,0x31,0x84,0xFF,
0x2C,0x63,0xFF,0x0C,0x63,0xFF,0xD7,0xB5,0xFF,0x14,0xA5,0xFF,
0x10,0x84,0xFF,0x51,0x8C,0xFF,0x51,0x8C,0xFF,0xEF,0x7B,0xFF,
0x87,0x31,0xFF,0x86,0x31,0xFF,0xA6,0x31,0xFF,0x86,0x31,0xFE,
0x24,0x21,0xFF,0x04,0x21,0xFF,0x65,0x29,0xFF,0x24,0x21,0xFF,
0xCB,0x5A,0xFF,0x54,0xA5,0xFF,0x99,0xCE,0xFF,0xFB,0xDE,0xFF,
0xFB,0xDE,0xFF,0x1C,0xE7,0xFF,0x3C,0xE7,0xFF,0xFB,0xDE,0xFF,
0xBA,0xD6,0xFF,0x59,0xCE,0xFF,0xD7,0xBD,0xFF,0x55,0xAD,0xFE,
0x13,0x9D,0xFF,0x92,0x94,0xFF,0x2C,0x63,0xFF,0xE7,0x39,0xFF,
0x29,0x42,0xFF,0x8B,0x52,0xFF,0xCC,0x5A,0xFF,0x2D,0x6B,0xFF,
0x2D,0x63,0xFF,0x2D,0x63,0xFF,0x0C,0x63,0xFF,0x0C,0x63,0xFF,
0xCB,0x5A,0xFF,0x49,0x4A,0xFF,0x29,0x42,0xFF,0x8A,0x52,0xFE,
0xAE,0x73,0xFF,0xAE,0x73,0xFF,0x8E,0x73,0xFE,0xAE,0x73,0x99,
0x6F,0x6B,0x0B,0x6E,0x63,0x08,0x8E,0x6B,0x06,0x6E,0x6B,0x04,
0x2E,0x5B,0x03,0xED,0x5A,0x03,0x41,0x08,0x03,0x00,0x00,0x03,
0x00,0x00,0x02,0x00,0x00,0x00,0x00,0x00,0x00,0x00,0x00,0x00,
0x00,0x00,0x00,0x00,0x00,0x00,0x00,0x00,0x00,0x00,0x00,0x00,
0x00,0x00,0x00,0x00,0x00,0x00,0x00,0x00,0x01,0x00,0x00,0x03,
0x00,0x00,0x07,0x00,0x00,0x0D,0x00,0x00,0x16,0x00,0x00,0x24,
0x00,0x00,0x3F,0x4E,0x63,0xC5,0x50,0x5B,0xFF,0xEA,0x18,0xFE,
0xC8,0x18,0xFF,0x85,0x10,0xFF,0x47,0x21,0xFF,0xD8,0xAD,0xFF,
0x19,0xB6,0xFF,0xD8,0xAD,0xFF,0x76,0xA5,0xFF,0x15,0x95,0xFF,
0xB4,0x8C,0xFF,0x93,0x8C,0xFF,0x98,0xA5,0xFF,0xFB,0xA5,0xFF,
0xFA,0x64,0xFF,0xFB,0x64,0xFF,0xFB,0x64,0xFF,0xFB,0x64,0xFE,
0xFB,0x64,0xFF,0xFB,0x64,0xFF,0xFB,0x64,0xFF,0xFB,0x64,0xFF,
0xFA,0x64,0xFF,0xFB,0x64,0xFF,0xFB,0x64,0xFF,0xFA,0x64,0xFF,
0xFA,0x64,0xFF,0xFA,0x64,0xFF,0xFB,0x5C,0xFF,0xDA,0x54,0xFF,
0xBA,0x54,0xFF,0xDA,0x54,0xFF,0xDB,0x54,0xFF,0xDB,0x54,0xFE,
0xFB,0x54,0xFF,0xFB,0x54,0xFF,0xDB,0x54,0xFF,0xDB,0x54,0xFF,
0xDA,0x54,0xFF,0xDA,0x54,0xFF,0xBA,0x54,0xFF,0x99,0x4C,0xFF,
0x78,0x4C,0xFF,0x37,0x4C,0xFF,0xF6,0x43,0xFF,0xB4,0x43,0xFF,
0xF5,0x94,0xFF,0xFB,0xDE,0xFF,0x3C,0xE7,0xFF,0x55,0xAD,0xFE,
0xEB,0x5A,0xFF,0x10,0x84,0xFF,0x10,0x84,0xFF,0xEF,0x7B,0xFF,
0xEC,0x5A,0xFF,0x2C,0x63,0xFF,0xB6,0xB5,0xFF,0xD3,0x9C,0xFF,
0x10,0x84,0xFF,0x30,0x84,0xFF,0x51,0x8C,0xFF,0xAF,0x73,0xFF,
0x86,0x31,0xFF,0xA7,0x31,0xFF,0x66,0x31,0xFF,0x24,0x21,0xFE,
0xE3,0x18,0xFF,0x45,0x29,0xFF,0x45,0x29,0xFF,0x08,0x42,0xFF,
0x10,0x84,0xFF,0x96,0xB5,0xFF,0x38,0xC6,0xFF,0x59,0xCE,0xFF,
0x9A,0xD6,0xFF,0xDA,0xD6,0xFF,0xDA,0xD6,0xFF,0xBA,0xD6,0xFF,
0x79,0xCE,0xFF,0x18,0xC6,0xFF,0x96,0xB5,0xFF,0x34,0xA5,0xFE,
0xD3,0x9C,0xFF,0xB2,0x94,0xFF,0x10,0x84,0xFF,0x69,0x4A,0xFF,
0xC7,0x39,0xFF,0x8A,0x52,0xFF,0xAB,0x52,0xFF,0x2D,0x63,0xFF,
0x2D,0x6B,0xFF,0x2D,0x63,0xFF,0x0C,0x63,0xFF,0x0C,0x63,0xFF,
0x0C,0x63,0xFF,0x49,0x4A,0xFF,0x49,0x4A,0xFF,0x49,0x4A,0xFE,
0x8E,0x73,0xFF,0xAE,0x73,0xFF,0x8E,0x73,0xFF,0x8E,0x73,0xBF,
0x8E,0x6B,0x14,0x0D,0x5B,0x09,0x4E,0x63,0x06,0x4E,0x63,0x04,
0xED,0x5A,0x03,0xAC,0x4A,0x03,0x41,0x08,0x03,0x00,0x00,0x03,
0x00,0x00,0x01,0x00,0x00,0x01,0x00,0x00,0x00,0x00,0x00,0x00,
0x00,0x00,0x00,0x00,0x00,0x00,0x00,0x00,0x00,0x00,0x00,0x00,
0x00,0x00,0x00,0x00,0x00,0x00,0x00,0x00,0x01,0x00,0x00,0x02,
0x00,0x00,0x06,0x00,0x00,0x0B,0x00,0x00,0x13,0x00,0x00,0x1F,
0x00,0x00,0x37,0xEC,0x5A,0xB7,0xB1,0x6B,0xFF,0x0B,0x21,0xFE,
0xC9,0x18,0xFF,0xA7,0x10,0xFF,0x64,0x10,0xFF,0xAD,0x4A,0xFF,
0x3A,0xB6,0xFF,0xD8,0xAD,0xFF,0x56,0xA5,0xFF,0xF5,0x94,0xFF,
0xB4,0x8C,0xFF,0x93,0x8C,0xFF,0xD9,0xAD,0xFF,0xBB,0x95,0xFF,
0xFB,0x64,0xFF,0xFB,0x64,0xFF,0xFB,0x64,0xFF,0xFB,0x64,0xFE,
0xFB,0x5C,0xFF,0xFB,0x64,0xFF,0xFA,0x5C,0xFF,0xDA,0x5C,0xFF,
0xFA,0x5C,0xFF,0xDB,0x64,0xFF,0xDB,0x5C,0xFF,0xDA,0x5C,0xFF,
0xDA,0x5C,0xFF,0xDA,0x5C,0xFF,0xBA,0x54,0xFF,0xBA,0x54,0xFF,
0xBA,0x54,0xFF,0xBA,0x54,0xFF,0xBA,0x54,0xFF,0xDB,0x54,0xFE,
0xDB,0x54,0xFF,0xDB,0x54,0xFF,0xBB,0x54,0xFF,0xBB,0x54,0xFF,
0xBA,0x54,0xFF,0xBA,0x54,0xFF,0x99,0x4C,0xFF,0x79,0x4C,0xFF,
0x58,0x4C,0xFF,0x16,0x44,0xFF,0xD5,0x43,0xFF,0xD3,0x53,0xFF,
0x96,0xAD,0xFF,0xFB,0xDE,0xFF,0xDB,0xDE,0xFF,0x10,0x84,0xFE,
0x8A,0x52,0xFF,0xCF,0x7B,0xFF,0xAE,0x73,0xFF,0x8E,0x73,0xFF,
0xCB,0x5A,0xFF,0x0C,0x63,0xFF,0xB6,0xB5,0xFF,0xB2,0x94,0xFF,
0x30,0x84,0xFF,0x30,0x84,0xFF,0x51,0x8C,0xFF,0x8E,0x73,0xFF,
0x05,0x21,0xFF,0x86,0x31,0xFF,0x25,0x21,0xFF,0xE4,0x20,0xFE,
0xE3,0x18,0xFF,0x65,0x29,0xFF,0x86,0x31,0xFF,0xAA,0x52,0xFF,
0x92,0x94,0xFF,0x55,0xAD,0xFF,0x96,0xB5,0xFF,0xF7,0xBD,0xFF,
0x18,0xC6,0xFF,0x59,0xCE,0xFF,0x59,0xCE,0xFF,0x59,0xCE,0xFF,
0x18,0xC6,0xFF,0xB6,0xB5,0xFF,0x55,0xAD,0xFF,0x14,0xA5,0xFE,
0xD2,0x94,0xFF,0x92,0x94,0xFF,0x51,0x8C,0xFF,0x4D,0x6B,0xFF,
0xE8,0x39,0xFF,0x6A,0x4A,0xFF,0xAB,0x52,0xFF,0x0C,0x63,0xFF,
0x2D,0x6B,0xFF,0x2D,0x63,0xFF,0x2D,0x63,0xFF,0xEC,0x62,0xFF,
0xEC,0x62,0xFF,0x49,0x4A,0xFF,0x29,0x4A,0xFF,0x49,0x4A,0xFE,
0x4D,0x6B,0xFF,0xAE,0x73,0xFF,0xAE,0x73,0xFF,0x8E,0x73,0xDD,
0x8E,0x6B,0x25,0xCC,0x52,0x09,0x0D,0x5B,0x07,0x2D,0x63,0x05,
0xCC,0x52,0x04,0x8B,0x4A,0x03,0x41,0x08,0x03,0x00,0x00,0x02,
0x00,0x00,0x01,0x00,0x00,0x01,0x00,0x00,0x00,0x00,0x00,0x00,
0x00,0x00,0x00,0x00,0x00,0x00,0x00,0x00,0x00,0x00,0x00,0x00,
0x00,0x00,0x00,0x00,0x00,0x00,0x00,0x00,0x00,0x00,0x00,0x02,
0x00,0x00,0x04,0x00,0x00,0x09,0x00,0x00,0x10,0x00,0x00,0x1A,
0x00,0x00,0x30,0x0C,0x5B,0xB1,0x13,0x74,0xFF,0x2B,0x21,0xFE,
0xEA,0x18,0xFF,0xC8,0x18,0xFF,0xA6,0x10,0xFF,0x84,0x10,0xFF,
0xB0,0x6B,0xFF,0xD8,0xB5,0xFF,0x56,0xA5,0xFF,0xF5,0x94,0xFF,
0xB4,0x8C,0xFF,0xB3,0x8C,0xFF,0x1A,0xAE,0xFF,0x9B,0x8D,0xFF,
0xFB,0x64,0xFF,0xFB,0x64,0xFF,0xFB,0x5C,0xFF,0xDB,0x5C,0xFE,
0xDB,0x5C,0xFF,0xDB,0x5C,0xFF,0xDA,0x5C,0xFF,0xDA,0x5C,0xFF,
0xDA,0x5C,0xFF,0xBA,0x5C,0xFF,0xBA,0x5C,0xFF,0xBA,0x5C,0xFF,
0xBA,0x5C,0xFF,0x9A,0x54,0xFF,0x9A,0x4C,0xFF,0x9A,0x4C,0xFF,
0x9A,0x4C,0xFF,0xBA,0x4C,0xFF,0xBA,0x54,0xFF,0xBB,0x54,0xFE,
0xBB,0x54,0xFF,0xBB,0x54,0xFF,0xBB,0x54,0xFF,0xBA,0x54,0xFF,
0xBA,0x4C,0xFF,0x9A,0x4C,0xFF,0x79,0x4C,0xFF,0x58,0x4C,0xFF,
0x37,0x44,0xFF,0xF6,0x43,0xFF,0x94,0x3B,0xFF,0xF2,0x63,0xFF,
0xF7,0xBD,0xFF,0xBA,0xD6,0xFF,0x79,0xCE,0xFF,0xEB,0x5A,0xFE,
0xEC,0x62,0xFF,0x6D,0x6B,0xFF,0x6D,0x6B,0xFF,0x4D,0x6B,0xFF,
0xCB,0x5A,0xFF,0x0C,0x63,0xFF,0x75,0xAD,0xFF,0x92,0x94,0xFF,
0x10,0x84,0xFF,0x30,0x84,0xFF,0x50,0x8C,0xFF,0x6E,0x6B,0xFF,
0x46,0x29,0xFF,0x86,0x31,0xFF,0xE4,0x20,0xFF,0xC3,0x18,0xFE,
0xC3,0x18,0xFF,0x45,0x29,0xFF,0x45,0x29,0xFF,0x0C,0x63,0xFF,
0xB2,0x94,0xFF,0xD2,0x94,0xFF,0xF3,0x9C,0xFF,0x55,0xAD,0xFF,
0x96,0xB5,0xFF,0xD6,0xB5,0xFF,0xD7,0xBD,0xFF,0xB6,0xB5,0xFF,
0x96,0xB5,0xFF,0x75,0xAD,0xFF,0x34,0xA5,0xFF,0xF3,0x9C,0xFE,
0xB2,0x94,0xFF,0x71,0x8C,0xFF,0x30,0x84,0xFF,0xAE,0x73,0xFF,
0x29,0x42,0xFF,0x29,0x42,0xFF,0xAB,0x52,0xFF,0xCC,0x5A,0xFF,
0x4D,0x6B,0xFF,0x2D,0x63,0xFF,0x0D,0x63,0xFF,0xEC,0x5A,0xFF,
0xEC,0x62,0xFF,0x6A,0x4A,0xFF,0x29,0x4A,0xFF,0x49,0x4A,0xFE,
0x0C,0x63,0xFF,0x8E,0x73,0xFF,0x8E,0x73,0xFF,0x6D,0x6B,0xF1,
0xCF,0x73,0x42,0x8B,0x4A,0x08,0x2D,0x63,0x07,0x2D,0x63,0x05,
0xCC,0x52,0x04,0x6A,0x42,0x03,0xA3,0x10,0x03,0x00,0x00,0x02,
0x00,0x00,0x02,0x00,0x00,0x01,0x00,0x00,0x00,0x00,0x00,0x00,
0x00,0x00,0x00,0x00,0x00,0x00,0x00,0x00,0x00,0x00,0x00,0x00,
0x00,0x00,0x00,0x00,0x00,0x00,0x00,0x00,0x00,0x00,0x00,0x01,
0x00,0x00,0x03,0x00,0x00,0x07,0x00,0x00,0x0D,0x00,0x00,0x16,
0x00,0x00,0x29,0xEC,0x5A,0xA6,0x54,0x7C,0xFE,0x4C,0x29,0xFE,
0x0A,0x21,0xFF,0xE9,0x18,0xFF,0xC7,0x18,0xFF,0x85,0x10,0xFF,
0xC5,0x18,0xFF,0x53,0x7C,0xFF,0x76,0xA5,0xFF,0xF4,0x94,0xFF,
0xD4,0x94,0xFF,0xD4,0x94,0xFF,0x3B,0xB6,0xFF,0x5B,0x85,0xFF,
0xDA,0x5C,0xFF,0xDB,0x5C,0xFF,0xDB,0x5C,0xFF,0xBA,0x5C,0xFE,
0xBA,0x5C,0xFF,0xDA,0x5C,0xFF,0xDA,0x5C,0xFF,0xBA,0x5C,0xFF,
0xBA,0x5C,0xFF,0xBA,0x5C,0xFF,0xBA,0x5C,0xFF,0x9A,0x54,0xFF,
0x7A,0x4C,0xFF,0x7A,0x4C,0xFF,0x7A,0x4C,0xFF,0x7A,0x4C,0xFF,
0x9A,0x4C,0xFF,0x9A,0x4C,0xFF,0xBA,0x4C,0xFF,0xBA,0x4C,0xFE,
0xBB,0x4C,0xFF,0xBA,0x4C,0xFF,0xBA,0x4C,0xFF,0xBA,0x4C,0xFF,
0x9A,0x4C,0xFF,0x79,0x4C,0xFF,0x78,0x4C,0xFF,0x37,0x44,0xFF,
0xF6,0x43,0xFF,0xB5,0x3B,0xFF,0x73,0x3B,0xFF,0x12,0x6C,0xFF,
0xF7,0xBD,0xFF,0x59,0xCE,0xFF,0xD7,0xBD,0xFF,0x49,0x4A,0xFE,
0xCB,0x5A,0xFF,0x2C,0x63,0xFF,0x2C,0x63,0xFF,0xEC,0x62,0xFF,
0xCB,0x5A,0xFF,0xEC,0x62,0xFF,0x55,0xAD,0xFF,0x71,0x8C,0xFF,
0x10,0x84,0xFF,0x30,0x84,0xFF,0x30,0x84,0xFF,0x6D,0x6B,0xFF,
0x45,0x29,0xFF,0x45,0x29,0xFF,0xE4,0x18,0xFF,0xE4,0x20,0xFE,
0x04,0x21,0xFF,0x65,0x29,0xFF,0x86,0x31,0xFF,0x0C,0x63,0xFF,
0x71,0x8C,0xFF,0x92,0x94,0xFF,0xB2,0x94,0xFF,0xF3,0x9C,0xFF,
0x14,0xA5,0xFF,0x55,0xAD,0xFF,0x55,0xAD,0xFF,0x55,0xAD,0xFF,
0x54,0xA5,0xFF,0x14,0xA5,0xFF,0xF3,0x9C,0xFF,0xD3,0x9C,0xFE,
0x92,0x94,0xFF,0x51,0x8C,0xFF,0x10,0x84,0xFF,0xAE,0x73,0xFF,
0x8A,0x52,0xFF,0xE8,0x39,0xFF,0xAA,0x52,0xFF,0xAB,0x5A,0xFF,
0x2D,0x6B,0xFF,0x0C,0x63,0xFF,0x0C,0x63,0xFF,0xCC,0x5A,0xFF,
0xCC,0x5A,0xFF,0x4A,0x4A,0xFF,0x08,0x42,0xFF,0x49,0x4A,0xFE,
0x0C,0x63,0xFF,0xAE,0x73,0xFF,0xAE,0x73,0xFF,0x6D,0x6B,0xFB,
0xCF,0x7B,0x6A,0x6A,0x4A,0x08,0xAB,0x4A,0x07,0x0C,0x5B,0x05,
0x8B,0x4A,0x04,0x29,0x3A,0x03,0xC4,0x18,0x03,0x00,0x00,0x02,
0x00,0x00,0x02,0x00,0x00,0x02,0x00,0x00,0x00,0x00,0x00,0x00,
0x00,0x00,0x00,0x00,0x00,0x00,0x00,0x00,0x00,0x00,0x00,0x00,
0x00,0x00,0x00,0x00,0x00,0x00,0x00,0x00,0x00,0x00,0x00,0x01,
0x00,0x00,0x02,0x00,0x00,0x05,0x00,0x00,0x0A,0x00,0x00,0x11,
0x00,0x00,0x22,0xAB,0x52,0x94,0x95,0x84,0xFE,0x4D,0x29,0xFE,
0x0B,0x21,0xFF,0xEA,0x20,0xFF,0xE9,0x18,0xFF,0xC7,0x18,0xFF,
0x85,0x10,0xFF,0x26,0x21,0xFF,0x52,0x7C,0xFF,0x15,0x9D,0xFF,
0xD4,0x94,0xFF,0xF5,0x94,0xFF,0x3B,0xB6,0xFF,0x3B,0x75,0xFF,
0xDA,0x5C,0xFF,0xDB,0x5C,0xFF,0xDA,0x5C,0xFF,0xBA,0x5C,0xFE,
0xBA,0x5C,0xFF,0xBA,0x5C,0xFF,0xBA,0x5C,0xFF,0xBA,0x5C,0xFF,
0xBA,0x5C,0xFF,0xBA,0x5C,0xFF,0x9A,0x54,0xFF,0x5A,0x4C,0xFF,
0x5A,0x4C,0xFF,0x5A,0x4C,0xFF,0x7A,0x4C,0xFF,0x7A,0x4C,0xFF,
0x9A,0x4C,0xFF,0x9A,0x4C,0xFF,0x9A,0x4C,0xFF,0x9A,0x4C,0xFE,
0x9A,0x4C,0xFF,0x9A,0x4C,0xFF,0x9A,0x4C,0xFF,0x9A,0x4C,0xFF,
0x79,0x4C,0xFF,0x59,0x4C,0xFF,0x38,0x44,0xFF,0x17,0x44,0xFF,
0xD5,0x3B,0xFF,0x94,0x3B,0xFF,0x32,0x33,0xFF,0xF1,0x73,0xFF,
0xB6,0xB5,0xFF,0xF7,0xBD,0xFF,0x54,0xA5,0xFF,0x08,0x42,0xFE,
0xCB,0x5A,0xFF,0x0C,0x63,0xFF,0x0C,0x63,0xFF,0xEB,0x5A,0xFF,
0xCB,0x5A,0xFF,0xCB,0x5A,0xFF,0x14,0xA5,0xFF,0x71,0x8C,0xFF,
0x10,0x84,0xFF,0x30,0x84,0xFF,0x30,0x84,0xFF,0x6E,0x6B,0xFF,
0x25,0x29,0xFF,0x46,0x29,0xFF,0x25,0x21,0xFF,0x05,0x21,0xFE,
0xE4,0x20,0xFF,0x45,0x29,0xFF,0x45,0x29,0xFF,0x69,0x4A,0xFF,
0x10,0x84,0xFF,0x51,0x8C,0xFF,0x71,0x8C,0xFF,0xB2,0x94,0xFF,
0xD2,0x94,0xFF,0xD3,0x9C,0xFF,0xF3,0x9C,0xFF,0xF3,0x9C,0xFF,
0x13,0x9D,0xFF,0xF3,0x9C,0xFF,0xD3,0x9C,0xFF,0xB2,0x94,0xFE,
0x71,0x8C,0xFF,0x30,0x84,0xFF,0xCF,0x7B,0xFF,0x6E,0x6B,0xFF,
0xAA,0x52,0xFF,0xA7,0x31,0xFF,0x8A,0x52,0xFF,0xAB,0x52,0xFF,
0x0C,0x63,0xFF,0xEC,0x5A,0xFF,0xCC,0x5A,0xFF,0xAB,0x5A,0xFF,
0xAB,0x5A,0xFF,0x4A,0x4A,0xFF,0x08,0x42,0xFF,0x49,0x4A,0xFE,
0xEB,0x5A,0xFF,0x8E,0x73,0xFF,0x8E,0x73,0xFF,0x6D,0x6B,0xFE,
0x30,0x84,0x95,0xEC,0x5A,0x0A,0x8B,0x4A,0x07,0xEC,0x5A,0x05,
0x4A,0x4A,0x04,0xC8,0x31,0x03,0xC3,0x18,0x03,0x00,0x00,0x02,
0x00,0x00,0x02,0x00,0x00,0x02,0x00,0x00,0x01,0x00,0x00,0x00,
0x00,0x00,0x00,0x00,0x00,0x00,0x00,0x00,0x00,0x00,0x00,0x00,
0x00,0x00,0x00,0x00,0x00,0x00,0x00,0x00,0x00,0x00,0x00,0x01,
0x00,0x00,0x02,0x00,0x00,0x04,0x21,0x00,0x07,0x00,0x00,0x0E,
0x00,0x00,0x1D,0x09,0x3A,0x81,0x16,0x8D,0xFE,0xAE,0x31,0xFE,
0x2C,0x21,0xFF,0x0B,0x21,0xFF,0xE9,0x20,0xFF,0xC8,0x18,0xFF,
0xA7,0x18,0xFF,0x85,0x10,0xFF,0x26,0x21,0xFF,0x11,0x74,0xFF,
0xF4,0x94,0xFF,0x36,0x9D,0xFF,0x3B,0xB6,0xFF,0x1A,0x6D,0xFF,
0xDB,0x5C,0xFF,0xBB,0x5C,0xFF,0xBA,0x5C,0xFF,0xBA,0x5C,0xFE,
0xBA,0x5C,0xFF,0xBA,0x5C,0xFF,0xBA,0x5C,0xFF,0x9A,0x5C,0xFF,
0x9A,0x54,0xFF,0x7A,0x54,0xFF,0x5A,0x4C,0xFF,0x3A,0x4C,0xFF,
0x5A,0x44,0xFF,0x5A,0x4C,0xFF,0x5A,0x4C,0xFF,0x5A,0x4C,0xFF,
0x7A,0x4C,0xFF,0x7A,0x4C,0xFF,0x7A,0x4C,0xFF,0x9A,0x4C,0xFE,
0x9A,0x4C,0xFF,0x7A,0x4C,0xFF,0x7A,0x4C,0xFF,0x7A,0x4C,0xFF,
0x59,0x4C,0xFF,0x38,0x44,0xFF,0x17,0x44,0xFF,0xD6,0x43,0xFF,
0x95,0x3B,0xFF,0x53,0x33,0xFF,0xF1,0x32,0xFF,0xD0,0x6B,0xFF,
0x75,0xAD,0xFF,0x75,0xAD,0xFF,0xD2,0x9C,0xFF,0x65,0x29,0xFE,
0xAB,0x5A,0xFF,0xEB,0x5A,0xFF,0xCB,0x5A,0xFF,0xCB,0x5A,0xFF,
0xAA,0x52,0xFF,0xAA,0x52,0xFF,0xF3,0x9C,0xFF,0x71,0x8C,0xFF,
0x0F,0x84,0xFF,0x10,0x84,0xFF,0x30,0x84,0xFF,0x8E,0x73,0xFF,
0x26,0x29,0xFF,0x05,0x21,0xFF,0x06,0x21,0xFF,0x05,0x21,0xFE,
0xE4,0x20,0xFF,0x45,0x29,0xFF,0x66,0x31,0xFF,0x86,0x31,0xFF,
0xEB,0x5A,0xFF,0x10,0x84,0xFF,0x30,0x84,0xFF,0x71,0x8C,0xFF,
0x71,0x8C,0xFF,0xB2,0x94,0xFF,0xB2,0x94,0xFF,0xB2,0x94,0xFF,
0xB2,0x94,0xFF,0xD2,0x94,0xFF,0xB2,0x94,0xFF,0x71,0x8C,0xFE,
0x51,0x8C,0xFF,0xEF,0x7B,0xFF,0xAE,0x73,0xFF,0x2D,0x6B,0xFF,
0xAA,0x52,0xFF,0xC7,0x39,0xFF,0x49,0x4A,0xFF,0x8A,0x52,0xFF,
0xCC,0x5A,0xFF,0xAB,0x5A,0xFF,0xAB,0x5A,0xFF,0x8B,0x52,0xFF,
0x8B,0x52,0xFF,0x49,0x4A,0xFF,0x08,0x42,0xFF,0x49,0x4A,0xFE,
0xEB,0x5A,0xFF,0xAE,0x73,0xFF,0x6D,0x6B,0xFF,0x6D,0x6B,0xFF,
0x51,0x8C,0xB9,0xCB,0x5A,0x11,0x6A,0x4A,0x07,0xAB,0x52,0x05,
0x29,0x42,0x04,0x86,0x29,0x03,0x45,0x29,0x03,0x00,0x00,0x02,
0x00,0x00,0x01,0x00,0x00,0x01,0x00,0x00,0x01,0x00,0x00,0x00,
0x00,0x00,0x00,0x00,0x00,0x00,0x00,0x00,0x00,0x00,0x00,0x00,
0x00,0x00,0x00,0x00,0x00,0x00,0x00,0x00,0x00,0x00,0x00,0x00,
0x00,0x00,0x01,0x00,0x00,0x02,0x62,0x10,0x05,0x21,0x08,0x0A,
0x00,0x00,0x16,0x29,0x42,0x78,0x78,0x95,0xFE,0xEF,0x39,0xFE,
0x4D,0x29,0xFF,0x2B,0x21,0xFF,0x0A,0x21,0xFF,0xE9,0x20,0xFF,
0xE8,0x18,0xFF,0xC6,0x18,0xFF,0xA5,0x10,0xFF,0x05,0x19,0xFF,
0xB0,0x6B,0xFF,0x77,0xA5,0xFF,0x1B,0xAE,0xFF,0xFA,0x6C,0xFF,
0xBB,0x5C,0xFF,0xBA,0x5C,0xFF,0xBA,0x5C,0xFF,0xBA,0x5C,0xFE,
0xBA,0x5C,0xFF,0xBA,0x5C,0xFF,0x9A,0x5C,0xFF,0x9A,0x54,0xFF,
0x7A,0x54,0xFF,0x3A,0x44,0xFF,0x1A,0x44,0xFF,0x3A,0x44,0xFF,
0x3A,0x44,0xFF,0x3A,0x44,0xFF,0x5A,0x44,0xFF,0x5A,0x44,0xFF,
0x5A,0x44,0xFF,0x5A,0x4C,0xFF,0x7A,0x4C,0xFF,0x7A,0x4C,0xFE,
0x7A,0x4C,0xFF,0x5A,0x4C,0xFF,0x5A,0x4C,0xFF,0x59,0x4C,0xFF,
0x39,0x44,0xFF,0x18,0x44,0xFF,0xF7,0x43,0xFF,0xB6,0x3B,0xFF,
0x74,0x3B,0xFF,0x12,0x33,0xFF,0xD0,0x2A,0xFF,0x8F,0x6B,0xFF,
0xF3,0x9C,0xFF,0x13,0x9D,0xFF,0x71,0x8C,0xFF,0x65,0x31,0xFE,
0x8A,0x52,0xFF,0xAA,0x52,0xFF,0xAA,0x52,0xFF,0xAA,0x52,0xFF,
0xAA,0x52,0xFF,0xAA,0x52,0xFF,0x92,0x94,0xFF,0x71,0x8C,0xFF,
0x10,0x84,0xFF,0x10,0x84,0xFF,0x30,0x84,0xFF,0xAE,0x73,0xFF,
0x26,0x29,0xFF,0x06,0x21,0xFF,0x46,0x29,0xFF,0x86,0x31,0xFE,
0xE3,0x18,0xFF,0x24,0x21,0xFF,0x45,0x29,0xFF,0x86,0x31,0xFF,
0xE7,0x39,0xFF,0xAB,0x5A,0xFF,0xAE,0x73,0xFF,0x30,0x84,0xFF,
0x71,0x8C,0xFF,0x71,0x8C,0xFF,0x71,0x8C,0xFF,0x92,0x94,0xFF,
0x71,0x8C,0xFF,0x92,0x94,0xFF,0x71,0x8C,0xFF,0x30,0x84,0xFE,
0x10,0x84,0xFF,0xCF,0x7B,0xFF,0x6D,0x6B,0xFF,0x2C,0x63,0xFF,
0x8A,0x52,0xFF,0xA7,0x31,0xFF,0x29,0x42,0xFF,0x49,0x4A,0xFF,
0xAB,0x5A,0xFF,0xAB,0x52,0xFF,0x8B,0x52,0xFF,0x6A,0x4A,0xFF,
0x6A,0x4A,0xFF,0x29,0x42,0xFF,0xE8,0x39,0xFF,0x6A,0x4A,0xFE,
0x2C,0x63,0xFF,0x8E,0x73,0xFF,0x8E,0x73,0xFF,0x4D,0x6B,0xFF,
0x30,0x84,0xBA,0x08,0x42,0x13,0xA7,0x29,0x08,0x8A,0x52,0x05,
0xE8,0x39,0x04,0x66,0x29,0x03,0x45,0x21,0x02,0x00,0x00,0x02,
0x00,0x00,0x01,0x00,0x00,0x01,0x00,0x00,0x01,0x00,0x00,0x00,
0x00,0x00,0x00,0x00,0x00,0x00,0x00,0x00,0x00,0x00,0x00,0x00,
0x00,0x00,0x00,0x00,0x00,0x00,0x00,0x00,0x00,0x00,0x00,0x00,
0x00,0x00,0x00,0x00,0x00,0x01,0x82,0x10,0x03,0x25,0x21,0x07,
0x00,0x00,0x11,0x08,0x42,0x6A,0x99,0x9D,0xFD,0x0F,0x3A,0xFE,
0x4D,0x29,0xFF,0x4C,0x29,0xFF,0x2B,0x21,0xFF,0x0A,0x21,0xFF,
0xE9,0x20,0xFF,0xE7,0x18,0xFF,0xC6,0x18,0xFF,0xC5,0x18,0xFF,
0xE5,0x18,0xFF,0x32,0x74,0xFF,0xFB,0xA5,0xFF,0xDA,0x64,0xFF,
0xBA,0x5C,0xFF,0xBA,0x5C,0xFF,0x9A,0x54,0xFF,0x9A,0x54,0xFE,
0x9A,0x54,0xFF,0x9A,0x54,0xFF,0x7A,0x54,0xFF,0x5A,0x4C,0xFF,
0x19,0x44,0xFF,0x19,0x3C,0xFF,0x19,0x44,0xFF,0x19,0x44,0xFF,
0x1A,0x44,0xFF,0x3A,0x44,0xFF,0x3A,0x44,0xFF,0x3A,0x44,0xFF,
0x5A,0x44,0xFF,0x5A,0x44,0xFF,0x5A,0x4C,0xFF,0x5A,0x4C,0xFE,
0x5A,0x4C,0xFF,0x5A,0x44,0xFF,0x39,0x44,0xFF,0x39,0x44,0xFF,
0x18,0x44,0xFF,0xF7,0x43,0xFF,0xD6,0x3B,0xFF,0x95,0x3B,0xFF,
0x33,0x33,0xFF,0xF1,0x2A,0xFF,0x8F,0x2A,0xFF,0x2E,0x5B,0xFF,
0x92,0x94,0xFF,0x92,0x94,0xFF,0x30,0x84,0xFF,0x25,0x29,0xFE,
0x49,0x4A,0xFF,0x49,0x4A,0xFF,0x49,0x4A,0xFF,0x69,0x4A,0xFF,
0x8A,0x52,0xFF,0x8A,0x52,0xFF,0x51,0x8C,0xFF,0x72,0x8C,0xFF,
0xEF,0x7B,0xFF,0x10,0x84,0xFF,0x10,0x84,0xFF,0xCF,0x7B,0xFF,
0x87,0x31,0xFF,0x06,0x21,0xFF,0x25,0x21,0xFF,0x86,0x31,0xFE,
0xA2,0x10,0xFF,0xE4,0x20,0xFF,0x45,0x29,0xFF,0x86,0x31,0xFF,
0xC7,0x39,0xFF,0xC7,0x39,0xFF,0x29,0x4A,0xFF,0x0C,0x63,0xFF,
0xAE,0x73,0xFF,0x10,0x84,0xFF,0x30,0x84,0xFF,0x51,0x8C,0xFF,
0x51,0x8C,0xFF,0x30,0x84,0xFF,0x10,0x84,0xFF,0xEF,0x7B,0xFE,
0xCF,0x7B,0xFF,0x8E,0x73,0xFF,0x2D,0x63,0xFF,0xCB,0x5A,0xFF,
0x28,0x4A,0xFF,0xA6,0x31,0xFF,0x08,0x42,0xFF,0x09,0x42,0xFF,
0x6A,0x52,0xFF,0x6A,0x4A,0xFF,0x6A,0x4A,0xFF,0x4A,0x4A,0xFF,
0x4A,0x4A,0xFF,0x09,0x42,0xFF,0xC8,0x39,0xFF,0x49,0x4A,0xFE,
0x2D,0x63,0xFF,0x8E,0x73,0xFF,0x6D,0x6B,0xFF,0x6D,0x6B,0xFF,
0xF0,0x7B,0xB6,0xA6,0x31,0x13,0x25,0x21,0x09,0x49,0x4A,0x06,
0xA7,0x31,0x04,0x25,0x21,0x03,0x04,0x19,0x02,0x41,0x08,0x02,
0x00,0x00,0x02,0x00,0x00,0x01,0x00,0x00,0x01,0x00,0x00,0x00,
0x00,0x00,0x00,0x00,0x00,0x00,0x00,0x00,0x00,0x00,0x00,0x00,
0x00,0x00,0x00,0x00,0x00,0x00,0x00,0x00,0x00,0x00,0x00,0x00,
0x00,0x00,0x00,0x00,0x00,0x01,0xA3,0x10,0x02,0x4A,0x42,0x05,
0xC4,0x18,0x0C,0xA7,0x31,0x56,0xDA,0xA5,0xFC,0x30,0x42,0xFE,
0x6E,0x29,0xFF,0x4D,0x29,0xFF,0x4C,0x29,0xFF,0x2B,0x21,0xFF,
0x09,0x21,0xFF,0x08,0x21,0xFF,0xE7,0x20,0xFF,0xE7,0x18,0xFF,
0xE6,0x18,0xFF,0x4F,0x63,0xFF,0xB7,0x7C,0xFF,0x79,0x54,0xFF,
0x9A,0x5C,0xFF,0x9A,0x54,0xFF,0x9A,0x54,0xFF,0x9A,0x54,0xFE,
0x7A,0x54,0xFF,0x7A,0x54,0xFF,0x3A,0x4C,0xFF,0x19,0x44,0xFF,
0xF9,0x3B,0xFF,0xF9,0x3B,0xFF,0xF9,0x3B,0xFF,0x19,0x3C,0xFF,
0x19,0x44,0xFF,0x19,0x44,0xFF,0x1A,0x44,0xFF,0x1A,0x44,0xFF,
0x3A,0x44,0xFF,0x3A,0x44,0xFF,0x3A,0x44,0xFF,0x3A,0x44,0xFE,
0x3A,0x44,0xFF,0x39,0x44,0xFF,0x39,0x44,0xFF,0x19,0x44,0xFF,
0xF8,0x43,0xFF,0xD7,0x3B,0xFF,0x96,0x3B,0xFF,0x54,0x33,0xFF,
0x13,0x33,0xFF,0xB1,0x2A,0xFF,0x6F,0x22,0xFF,0xCD,0x4A,0xFF,
0x10,0x84,0xFF,0x30,0x84,0xFF,0xEF,0x7B,0xFF,0x45,0x29,0xFE,
0xE8,0x41,0xFF,0x08,0x42,0xFF,0x28,0x42,0xFF,0x08,0x42,0xFF,
0x69,0x4A,0xFF,0x69,0x4A,0xFF,0xAF,0x7B,0xFF,0x92,0x94,0xFF,
0xF0,0x7B,0xFF,0x10,0x84,0xFF,0x10,0x84,0xFF,0xEF,0x7B,0xFF,
0xC8,0x39,0xFF,0x05,0x21,0xFF,0x05,0x21,0xFF,0xE7,0x39,0xFE,
0xE3,0x18,0xFF,0xC3,0x18,0xFF,0x25,0x29,0xFF,0xA6,0x31,0xFF,
0xA7,0x39,0xFF,0xC7,0x39,0xFF,0xE7,0x39,0xFF,0x08,0x42,0xFF,
0x8A,0x52,0xFF,0xEC,0x62,0xFF,0x6D,0x6B,0xFF,0xCF,0x7B,0xFF,
0xEF,0x7B,0xFF,0xEF,0x7B,0xFF,0xEF,0x7B,0xFF,0xAE,0x73,0xFE,
0x6D,0x6B,0xFF,0x2C,0x63,0xFF,0xCB,0x5A,0xFF,0x49,0x4A,0xFF,
0x08,0x42,0xFF,0x66,0x29,0xFF,0xA7,0x39,0xFF,0xE8,0x41,0xFF,
0x4A,0x4A,0xFF,0x4A,0x4A,0xFF,0x49,0x4A,0xFF,0x29,0x4A,0xFF,
0x49,0x4A,0xFF,0xE8,0x39,0xFF,0xC7,0x39,0xFF,0x8A,0x52,0xFE,
0x6D,0x6B,0xFF,0x8E,0x73,0xFF,0x6D,0x6B,0xFF,0x4D,0x6B,0xFF,
0xCF,0x7B,0xB0,0x45,0x21,0x13,0x04,0x21,0x0A,0x08,0x42,0x06,
0x86,0x29,0x04,0x04,0x21,0x03,0xE4,0x18,0x02,0x41,0x08,0x02,
0x00,0x00,0x01,0x00,0x00,0x01,0x00,0x00,0x01,0x00,0x00,0x00,
0x00,0x00,0x00,0x00,0x00,0x00,0x00,0x00,0x00,0x00,0x00,0x00,
0x00,0x00,0x00,0x00,0x00,0x00,0x00,0x00,0x00,0x00,0x00,0x00,
0x00,0x00,0x00,0x00,0x00,0x00,0xA3,0x10,0x01,0x8B,0x4A,0x03,
0xE9,0x31,0x09,0x24,0x21,0x45,0x1B,0xA6,0xFC,0xB2,0x4A,0xFE,
0x6E,0x31,0xFF,0x6E,0x29,0xFF,0x6D,0x29,0xFF,0x4C,0x29,0xFF,
0x2A,0x21,0xFF,0x09,0x21,0xFF,0x08,0x21,0xFF,0x08,0x21,0xFF,
0x27,0x21,0xFF,0xD2,0x6B,0xFF,0x15,0x64,0xFF,0x75,0x33,0xFF,
0xF8,0x43,0xFF,0x9A,0x54,0xFF,0x9A,0x54,0xFF,0x7A,0x54,0xFE,
0x7A,0x54,0xFF,0x5A,0x4C,0xFF,0xF9,0x43,0xFF,0xD9,0x3B,0xFF,
0xD9,0x3B,0xFF,0xF9,0x3B,0xFF,0xF9,0x3B,0xFF,0xF9,0x3B,0xFF,
0xF9,0x3B,0xFF,0x19,0x44,0xFF,0x19,0x44,0xFF,0x19,0x44,0xFF,
0x19,0x44,0xFF,0x19,0x44,0xFF,0x19,0x44,0xFF,0x1A,0x44,0xFE,
0x1A,0x44,0xFF,0x19,0x44,0xFF,0x19,0x44,0xFF,0xF8,0x43,0xFF,
0xD8,0x3B,0xFF,0xB7,0x3B,0xFF,0x75,0x3B,0xFF,0x34,0x33,0xFF,
0xD2,0x2A,0xFF,0x90,0x22,0xFF,0x2E,0x22,0xFF,0x6C,0x42,0xFF,
0xAE,0x73,0xFF,0xCF,0x7B,0xFF,0xAE,0x73,0xFF,0x45,0x29,0xFE,
0x45,0x29,0xFF,0xC7,0x39,0xFF,0xE7,0x39,0xFF,0xA6,0x31,0xFF,
0x28,0x42,0xFF,0x69,0x4A,0xFF,0x4D,0x6B,0xFF,0x92,0x94,0xFF,
0xF0,0x7B,0xFF,0xEF,0x7B,0xFF,0xEF,0x7B,0xFF,0x10,0x84,0xFF,
0x6A,0x4A,0xFF,0x26,0x29,0xFF,0x05,0x21,0xFF,0xC8,0x39,0xFE,
0x04,0x21,0xFF,0xA2,0x10,0xFF,0x04,0x21,0xFF,0xE7,0x39,0xFF,
0x28,0x42,0xFF,0x86,0x31,0xFF,0xC7,0x39,0xFF,0x08,0x42,0xFF,
0x28,0x42,0xFF,0x49,0x4A,0xFF,0x69,0x4A,0xFF,0xAB,0x5A,0xFF,
0xEB,0x5A,0xFF,0x0C,0x63,0xFF,0x0C,0x63,0xFF,0xEC,0x62,0xFE,
0xCB,0x5A,0xFF,0x8A,0x52,0xFF,0x49,0x4A,0xFF,0xE7,0x39,0xFF,
0xC7,0x39,0xFF,0x45,0x29,0xFF,0xA7,0x31,0xFF,0xE8,0x39,0xFF,
0x29,0x4A,0xFF,0x29,0x4A,0xFF,0x29,0x42,0xFF,0x09,0x42,0xFF,
0x29,0x42,0xFF,0xC8,0x39,0xFF,0xA7,0x39,0xFF,0x8A,0x52,0xFE,
0xAF,0x73,0xFF,0x8E,0x73,0xFF,0x6D,0x6B,0xFF,0x4D,0x6B,0xFF,
0xAF,0x73,0xAA,0x04,0x21,0x13,0x04,0x21,0x0B,0xA7,0x31,0x06,
0x45,0x29,0x04,0xE4,0x18,0x03,0xC3,0x18,0x02,0x62,0x08,0x02,
0x00,0x00,0x01,0x00,0x00,0x01,0x00,0x00,0x01,0x00,0x00,0x00,
0x00,0x00,0x00,0x00,0x00,0x00,0x00,0x00,0x00,0x00,0x00,0x00,
0x00,0x00,0x00,0x00,0x00,0x00,0x00,0x00,0x00,0x00,0x00,0x00,
0x00,0x00,0x00,0x00,0x00,0x00,0xA3,0x10,0x01,0xCC,0x4A,0x01,
0x0A,0x3A,0x05,0x04,0x21,0x3D,0x5B,0xAE,0xFC,0xF3,0x52,0xFE,
0x8F,0x31,0xFF,0x8E,0x31,0xFF,0x6D,0x29,0xFF,0x6D,0x29,0xFF,
0x4B,0x29,0xFF,0x2A,0x21,0xFF,0x29,0x21,0xFF,0x29,0x21,0xFF,
0x49,0x29,0xFF,0x54,0x7C,0xFF,0xD5,0x5B,0xFF,0x34,0x2B,0xFF,
0x35,0x2B,0xFF,0x96,0x33,0xFF,0x19,0x44,0xFF,0x5A,0x54,0xFE,
0x5A,0x4C,0xFF,0xF9,0x3B,0xFF,0xB9,0x3B,0xFF,0xD9,0x3B,0xFF,
0xD9,0x3B,0xFF,0xD9,0x3B,0xFF,0xD9,0x3B,0xFF,0xD9,0x3B,0xFF,
0xF9,0x3B,0xFF,0xF9,0x3B,0xFF,0xF9,0x3B,0xFF,0xF9,0x3B,0xFF,
0x19,0x44,0xFF,0x19,0x44,0xFF,0x19,0x44,0xFF,0xF9,0x43,0xFE,
0xF9,0x43,0xFF,0xF9,0x43,0xFF,0xF9,0x3B,0xFF,0xD8,0x3B,0xFF,
0xB7,0x3B,0xFF,0x76,0x33,0xFF,0x55,0x33,0xFF,0x13,0x2B,0xFF,
0xB1,0x2A,0xFF,0x6F,0x22,0xFF,0x0D,0x22,0xFF,0x2B,0x32,0xFF,
0x2C,0x63,0xFF,0x8E,0x73,0xFF,0x6D,0x6B,0xFF,0xA6,0x31,0xFE,
0xC3,0x18,0xFF,0x86,0x31,0xFF,0x86,0x31,0xFF,0x45,0x29,0xFF,
0xE7,0x39,0xFF,0x69,0x4A,0xFF,0xCB,0x5A,0xFF,0x71,0x8C,0xFF,
0xEF,0x7B,0xFF,0xEF,0x7B,0xFF,0x10,0x84,0xFF,0x10,0x84,0xFF,
0xCB,0x5A,0xFF,0x46,0x29,0xFF,0x26,0x21,0xFF,0xC8,0x39,0xFE,
0xC7,0x39,0xFF,0x41,0x08,0xFF,0xA2,0x10,0xFF,0x65,0x29,0xFF,
0xAA,0x52,0xFF,0x49,0x4A,0xFF,0xA7,0x39,0xFF,0xC7,0x39,0xFF,
0x08,0x42,0xFF,0x08,0x42,0xFF,0x49,0x4A,0xFF,0x69,0x4A,0xFF,
0x49,0x4A,0xFF,0x49,0x4A,0xFF,0x69,0x4A,0xFF,0x49,0x4A,0xFE,
0x49,0x4A,0xFF,0x49,0x4A,0xFF,0x08,0x42,0xFF,0xC7,0x39,0xFF,
0x86,0x31,0xFF,0x05,0x21,0xFF,0x87,0x31,0xFF,0xE8,0x39,0xFF,
0x29,0x42,0xFF,0x09,0x42,0xFF,0x09,0x42,0xFF,0xE8,0x41,0xFF,
0x09,0x42,0xFF,0x87,0x31,0xFF,0xA7,0x39,0xFF,0xAB,0x52,0xFE,
0xF0,0x7B,0xFF,0x8E,0x73,0xFF,0x4D,0x6B,0xFF,0x2D,0x6B,0xFF,
0xAE,0x73,0xA2,0x04,0x21,0x14,0x04,0x19,0x0C,0x25,0x21,0x07,
0x04,0x21,0x04,0xC3,0x18,0x03,0xC3,0x18,0x02,0xA2,0x10,0x02,
0x00,0x00,0x02,0x00,0x00,0x01,0x00,0x00,0x00,0x00,0x00,0x00,
0x00,0x00,0x00,0x00,0x00,0x00,0x00,0x00,0x00,0x00,0x00,0x00,
0x00,0x00,0x00,0x00,0x00,0x00,0x00,0x00,0x00,0x00,0x00,0x00,
0x00,0x00,0x00,0x00,0x00,0x00,0x00,0x00,0x00,0xED,0x52,0x01,
0x4A,0x42,0x04,0xE4,0x20,0x34,0x5B,0xB6,0xF9,0x13,0x53,0xFE,
0xAF,0x31,0xFE,0x8F,0x31,0xFE,0x8E,0x31,0xFE,0x6D,0x29,0xFE,
0x6C,0x29,0xFE,0x4B,0x29,0xFE,0x4A,0x21,0xFE,0x49,0x21,0xFE,
0x8A,0x29,0xFE,0x96,0x84,0xFE,0xB6,0x53,0xFE,0x55,0x33,0xFE,
0x55,0x33,0xFE,0x55,0x33,0xFE,0x76,0x33,0xFE,0x96,0x3B,0xFE,
0xB8,0x3B,0xFE,0xB9,0x33,0xFE,0xB9,0x33,0xFE,0xB9,0x33,0xFE,
0xB9,0x33,0xFE,0xB9,0x3B,0xFE,0xB9,0x3B,0xFE,0xD9,0x3B,0xFE,
0xD9,0x3B,0xFE,0xD9,0x3B,0xFE,0xD9,0x3B,0xFE,0xD9,0x3B,0xFE,
0xD9,0x3B,0xFE,0xF9,0x3B,0xFE,0xF9,0x3B,0xFE,0xF9,0x3B,0xFE,
0xF9,0x3B,0xFE,0xD9,0x3B,0xFE,0xD8,0x3B,0xFE,0xB8,0x3B,0xFE,
0x97,0x33,0xFE,0x56,0x33,0xFE,0x34,0x33,0xFE,0xF3,0x2A,0xFE,
0x91,0x22,0xFE,0x4F,0x22,0xFE,0xED,0x19,0xFE,0xEB,0x29,0xFE,
0xCB,0x5A,0xFE,0x4D,0x6B,0xFE,0x4D,0x6B,0xFE,0x49,0x4A,0xFE,
0x62,0x10,0xFE,0x04,0x21,0xFE,0xC3,0x18,0xFE,0xE3,0x18,0xFE,
0x45,0x29,0xFE,0x49,0x4A,0xFE,0x69,0x4A,0xFE,0x10,0x84,0xFE,
0x10,0x84,0xFE,0xEF,0x7B,0xFE,0xEF,0x7B,0xFE,0xEF,0x7B,0xFE,
0x6D,0x6B,0xFE,0x86,0x31,0xFE,0xA7,0x31,0xFE,0x86,0x31,0xFE,
0x8A,0x52,0xFE,0x82,0x10,0xFE,0x61,0x08,0xFE,0xE4,0x20,0xFE,
0x69,0x4A,0xFE,0xEB,0x5A,0xFE,0xCB,0x5A,0xFE,0x29,0x42,0xFE,
0xE8,0x39,0xFE,0xE8,0x39,0xFE,0x29,0x42,0xFE,0x49,0x4A,0xFE,
0x49,0x4A,0xFE,0x49,0x4A,0xFE,0x49,0x4A,0xFE,0x49,0x4A,0xFE,
0x28,0x42,0xFE,0xE8,0x41,0xFE,0xC7,0x39,0xFE,0xC7,0x39,0xFE,
0x45,0x29,0xFE,0x04,0x21,0xFE,0x87,0x31,0xFE,0xC8,0x39,0xFE,
0x09,0x42,0xFE,0x09,0x42,0xFE,0x09,0x42,0xFE,0xE8,0x41,0xFE,
0x09,0x42,0xFE,0xA7,0x31,0xFE,0xC8,0x39,0xFE,0xEC,0x62,0xFE,
0x31,0x84,0xFE,0x6D,0x6B,0xFE,0x6D,0x6B,0xFE,0x2C,0x63,0xFE,
0x8E,0x73,0x96,0xE3,0x18,0x14,0xA4,0x10,0x0D,0xA3,0x18,0x08,
0xE4,0x18,0x05,0xA3,0x10,0x03,0xA3,0x10,0x03,0xA2,0x10,0x02,
0x00,0x00,0x01,0x00,0x00,0x01,0x00,0x00,0x00,0x00,0x00,0x00,
0x00,0x00,0x00,0x00,0x00,0x00,0x00,0x00,0x00,0x00,0x00,0x00,
0x00,0x00,0x00,0x00,0x00,0x00,0x00,0x00,0x00,0x00,0x00,0x00,
0x00,0x00,0x00,0x00,0x00,0x00,0x00,0x00,0x00,0x00,0x00,0x00,
0x70,0x5B,0x02,0x04,0x21,0x27,0x3B,0xAE,0xF2,0x34,0x5B,0xFE,
0xAF,0x31,0xFF,0xAF,0x31,0xFF,0x8E,0x31,0xFF,0x8D,0x31,0xFF,
0x6C,0x29,0xFF,0x6B,0x29,0xFF,0x4A,0x29,0xFF,0x4A,0x29,0xFF,
0xEC,0x39,0xFF,0xB7,0x84,0xFF,0x96,0x4B,0xFF,0x56,0x2B,0xFF,
0x56,0x33,0xFF,0x76,0x33,0xFF,0x76,0x33,0xFF,0x56,0x2B,0xFE,
0x36,0x23,0xFF,0x57,0x23,0xFF,0x57,0x2B,0xFF,0x78,0x2B,0xFF,
0x98,0x33,0xFF,0x99,0x33,0xFF,0x99,0x33,0xFF,0xB9,0x3B,0xFF,
0xB9,0x3B,0xFF,0xB9,0x3B,0xFF,0xB9,0x3B,0xFF,0xD9,0x3B,0xFF,
0xD9,0x3B,0xFF,0xD9,0x3B,0xFF,0xD9,0x3B,0xFF,0xD9,0x3B,0xFE,
0xD9,0x3B,0xFF,0xB9,0x3B,0xFF,0xB8,0x3B,0xFF,0x97,0x33,0xFF,
0x76,0x33,0xFF,0x35,0x33,0xFF,0x14,0x2B,0xFF,0xB2,0x2A,0xFF,
0x71,0x22,0xFF,0x2E,0x22,0xFF,0xCC,0x19,0xFF,0xAA,0x19,0xFF,
0x6A,0x4A,0xFF,0x4D,0x6B,0xFF,0x6D,0x6B,0xFF,0xEB,0x5A,0xFE,
0xA2,0x10,0xFF,0x82,0x10,0xFF,0xC3,0x18,0xFF,0xA2,0x10,0xFF,
0xA3,0x18,0xFF,0x28,0x42,0xFF,0x28,0x42,0xFF,0x8E,0x73,0xFF,
0x10,0x84,0xFF,0xEF,0x7B,0xFF,0xEF,0x7B,0xFF,0xCF,0x7B,0xFF,
0xCF,0x7B,0xFF,0x29,0x42,0xFF,0xE8,0x39,0xFF,0x46,0x29,0xFE,
0xAA,0x52,0xFF,0x86,0x31,0xFF,0x41,0x08,0xFF,0x82,0x10,0xFF,
0xC7,0x39,0xFF,0xAB,0x5A,0xFF,0xEC,0x5A,0xFF,0x2D,0x63,0xFF,
0xEC,0x5A,0xFF,0x6A,0x4A,0xFF,0xE8,0x41,0xFF,0xE8,0x41,0xFF,
0xE8,0x39,0xFF,0x08,0x42,0xFF,0xE8,0x41,0xFF,0xC7,0x39,0xFE,
0xE7,0x39,0xFF,0xE7,0x41,0xFF,0x08,0x42,0xFF,0x08,0x42,0xFF,
0x25,0x21,0xFF,0x25,0x21,0xFF,0x87,0x31,0xFF,0xE8,0x39,0xFF,
0xE9,0x41,0xFF,0xE9,0x41,0xFF,0xE9,0x41,0xFF,0xE8,0x41,0xFF,
0xE8,0x41,0xFF,0x87,0x31,0xFF,0x08,0x42,0xFF,0x4D,0x6B,0xFE,
0x71,0x8C,0xFF,0x4D,0x6B,0xFF,0x2D,0x6B,0xFF,0x2C,0x63,0xFE,
0x6D,0x6B,0x8B,0xA3,0x10,0x14,0x62,0x08,0x0D,0xA2,0x10,0x08,
0xC3,0x18,0x05,0xA2,0x10,0x03,0xA3,0x10,0x02,0x82,0x10,0x02,
0x00,0x00,0x01,0x00,0x00,0x01,0x00,0x00,0x00,0x00,0x00,0x00,
0x00,0x00,0x00,0x00,0x00,0x00,0x00,0x00,0x00,0x00,0x00,0x00,
0x00,0x00,0x00,0x00,0x00,0x00,0x00,0x00,0x00,0x00,0x00,0x00,
0x00,0x00,0x00,0x00,0x00,0x00,0x00,0x00,0x00,0x00,0x00,0x00,
0x70,0x5B,0x01,0x83,0x10,0x1E,0x1A,0xA6,0xEB,0xD5,0x63,0xFE,
0xAF,0x31,0xFF,0xAF,0x31,0xFF,0xAF,0x31,0xFF,0x8E,0x31,0xFF,
0x8D,0x31,0xFF,0x6C,0x29,0xFF,0x6B,0x29,0xFF,0x6A,0x29,0xFF,
0x2D,0x42,0xFF,0xD7,0x8C,0xFF,0x76,0x43,0xFF,0x56,0x2B,0xFF,
0x56,0x2B,0xFF,0x56,0x33,0xFF,0x56,0x2B,0xFF,0x36,0x23,0xFE,
0x36,0x23,0xFF,0x37,0x23,0xFF,0x57,0x23,0xFF,0x57,0x2B,0xFF,
0x77,0x2B,0xFF,0x78,0x33,0xFF,0x78,0x33,0xFF,0x99,0x33,0xFF,
0x99,0x33,0xFF,0x99,0x33,0xFF,0xB9,0x33,0xFF,0xB9,0x3B,0xFF,
0xB9,0x3B,0xFF,0xB9,0x3B,0xFF,0xB9,0x3B,0xFF,0xB9,0x3B,0xFE,
0xB9,0x3B,0xFF,0xB8,0x33,0xFF,0x98,0x33,0xFF,0x77,0x33,0xFF,
0x56,0x33,0xFF,0x15,0x2B,0xFF,0xF4,0x2A,0xFF,0xB2,0x2A,0xFF,
0x70,0x22,0xFF,0x0E,0x1A,0xFF,0xCC,0x19,0xFF,0x6A,0x11,0xFF,
0x2A,0x3A,0xFF,0x8E,0x73,0xFF,0xCF,0x7B,0xFF,0xAE,0x73,0xFE,
0x86,0x31,0xFF,0x20,0x00,0xFF,0x21,0x08,0xFF,0x41,0x08,0xFF,
0x41,0x08,0xFF,0xC7,0x39,0xFF,0x08,0x42,0xFF,0x0C,0x63,0xFF,
0x10,0x84,0xFF,0xCF,0x7B,0xFF,0xCF,0x7B,0xFF,0xCF,0x7B,0xFF,
0xEF,0x7B,0xFF,0xAB,0x5A,0xFF,0xE8,0x41,0xFF,0x08,0x42,0xFE,
0x08,0x42,0xFF,0xCB,0x5A,0xFF,0x82,0x10,0xFF,0x41,0x08,0xFF,
0xE4,0x20,0xFF,0x4A,0x4A,0xFF,0xAB,0x5A,0xFF,0xEC,0x62,0xFF,
0x4D,0x6B,0xFF,0x6E,0x6B,0xFF,0x4D,0x6B,0xFF,0x0C,0x63,0xFF,
0xCB,0x5A,0xFF,0x8B,0x52,0xFF,0x8B,0x52,0xFF,0xAB,0x52,0xFE,
0xAB,0x52,0xFF,0xAA,0x52,0xFF,0x49,0x4A,0xFF,0xA7,0x31,0xFF,
0xC4,0x18,0xFF,0x46,0x29,0xFF,0x67,0x31,0xFF,0xC8,0x39,0xFF,
0xE9,0x41,0xFF,0xE8,0x41,0xFF,0xC8,0x39,0xFF,0xC8,0x39,0xFF,
0xC8,0x39,0xFF,0x66,0x29,0xFF,0x29,0x42,0xFF,0xEF,0x7B,0xFE,
0x51,0x8C,0xFF,0xEC,0x62,0xFF,0x30,0x84,0xFF,0x2D,0x6B,0xFC,
0x4D,0x6B,0x7A,0x62,0x08,0x14,0x62,0x10,0x0D,0xA2,0x10,0x09,
0xA3,0x10,0x06,0x82,0x10,0x04,0x82,0x10,0x03,0x82,0x10,0x02,
0x00,0x00,0x01,0x00,0x00,0x00,0x00,0x00,0x00,0x00,0x00,0x00,
0x00,0x00,0x00,0x00,0x00,0x00,0x00,0x00,0x00,0x00,0x00,0x00,
0x00,0x00,0x00,0x00,0x00,0x00,0x00,0x00,0x00,0x00,0x00,0x00,
0x00,0x00,0x00,0x00,0x00,0x00,0x00,0x00,0x00,0x00,0x00,0x00,
0x00,0x00,0x00,0x83,0x10,0x19,0x3A,0xAE,0xE5,0x16,0x6C,0xFE,
0xAF,0x31,0xFF,0xAF,0x31,0xFF,0xAF,0x31,0xFF,0xAE,0x31,0xFF,
0x8D,0x31,0xFF,0x6C,0x29,0xFF,0x6B,0x29,0xFF,0x8B,0x29,0xFF,
0xAF,0x4A,0xFF,0xB7,0x84,0xFF,0x76,0x3B,0xFF,0x56,0x2B,0xFF,
0x56,0x2B,0xFF,0x56,0x2B,0xFF,0x36,0x23,0xFF,0x16,0x1B,0xFE,
0x37,0x23,0xFF,0x37,0x23,0xFF,0x37,0x23,0xFF,0x57,0x2B,0xFF,
0x58,0x2B,0xFF,0x78,0x2B,0xFF,0x78,0x33,0xFF,0x78,0x33,0xFF,
0x98,0x33,0xFF,0x99,0x33,0xFF,0x99,0x33,0xFF,0x99,0x33,0xFF,
0x99,0x33,0xFF,0x99,0x33,0xFF,0x99,0x33,0xFF,0x99,0x33,0xFE,
0x98,0x33,0xFF,0x78,0x33,0xFF,0x78,0x33,0xFF,0x57,0x33,0xFF,
0x36,0x33,0xFF,0x15,0x2B,0xFF,0xD3,0x2A,0xFF,0x92,0x22,0xFF,
0x50,0x22,0xFF,0x0E,0x1A,0xFF,0xAC,0x19,0xFF,0x6A,0x11,0xFF,
0x89,0x21,0xFF,0x8E,0x73,0xFF,0x51,0x8C,0xFF,0x71,0x8C,0xFE,
0x2C,0x63,0xFF,0x61,0x08,0xFF,0x00,0x00,0xFF,0x21,0x08,0xFF,
0x00,0x00,0xFF,0x24,0x21,0xFF,0x28,0x42,0xFF,0x8A,0x52,0xFF,
0xCF,0x7B,0xFF,0xCF,0x7B,0xFF,0xCF,0x7B,0xFF,0xCF,0x7B,0xFF,
0xCF,0x7B,0xFF,0x6D,0x6B,0xFF,0x49,0x4A,0xFF,0x6A,0x4A,0xFE,
0xE8,0x41,0xFF,0xEB,0x5A,0xFF,0xE8,0x39,0xFF,0x21,0x08,0xFF,
0x21,0x00,0xFF,0x66,0x29,0xFF,0x8A,0x52,0xFF,0xCC,0x5A,0xFF,
0xEC,0x62,0xFF,0x2D,0x6B,0xFF,0x4D,0x6B,0xFF,0x6E,0x6B,0xFF,
0x6E,0x73,0xFF,0x6E,0x6B,0xFF,0x2D,0x6B,0xFF,0x0C,0x63,0xFE,
0xCB,0x5A,0xFF,0x49,0x4A,0xFF,0xE8,0x39,0xFF,0xE3,0x18,0xFF,
0xC3,0x18,0xFF,0x66,0x29,0xFF,0x87,0x31,0xFF,0xC8,0x39,0xFF,
0xE8,0x39,0xFF,0xE8,0x41,0xFF,0xC8,0x39,0xFF,0xE8,0x39,0xFF,
0xA7,0x31,0xFF,0x86,0x31,0xFF,0x8A,0x52,0xFF,0x71,0x8C,0xFE,
0x10,0x84,0xFF,0x8E,0x73,0xFF,0x18,0xC6,0xFF,0x71,0x8C,0xF2,
0x49,0x4A,0x54,0x41,0x08,0x15,0x62,0x10,0x0E,0xA2,0x10,0x0A,
0x82,0x10,0x07,0x62,0x10,0x03,0x82,0x10,0x03,0x82,0x10,0x01,
0x00,0x00,0x01,0x00,0x00,0x00,0x00,0x00,0x00,0x00,0x00,0x00,
0x00,0x00,0x00,0x00,0x00,0x00,0x00,0x00,0x00,0x00,0x00,0x00,
0x00,0x00,0x00,0x00,0x00,0x00,0x00,0x00,0x00,0x00,0x00,0x00,
0x00,0x00,0x00,0x00,0x00,0x00,0x00,0x00,0x00,0x00,0x00,0x00,
0x00,0x00,0x00,0x83,0x10,0x15,0x19,0xA6,0xDB,0x36,0x6C,0xFE,
0xAF,0x39,0xFF,0xAF,0x39,0xFF,0xAF,0x31,0xFF,0xAE,0x31,0xFF,
0x8D,0x31,0xFF,0x8C,0x31,0xFF,0x8C,0x31,0xFF,0x8B,0x29,0xFF,
0x31,0x5B,0xFF,0x97,0x7C,0xFF,0x56,0x33,0xFF,0x56,0x2B,0xFF,
0x56,0x2B,0xFF,0x36,0x23,0xFF,0x16,0x1B,0xFF,0x16,0x1B,0xFE,
0x37,0x23,0xFF,0x37,0x23,0xFF,0x37,0x23,0xFF,0x57,0x2B,0xFF,
0x58,0x2B,0xFF,0x58,0x2B,0xFF,0x78,0x33,0xFF,0x78,0x33,0xFF,
0x78,0x33,0xFF,0x78,0x33,0xFF,0x79,0x33,0xFF,0x78,0x33,0xFF,
0x79,0x33,0xFF,0x79,0x33,0xFF,0x79,0x33,0xFF,0x78,0x33,0xFE,
0x78,0x33,0xFF,0x78,0x33,0xFF,0x57,0x33,0xFF,0x57,0x33,0xFF,
0x36,0x2B,0xFF,0xF5,0x2A,0xFF,0xB3,0x22,0xFF,0x92,0x22,0xFF,
0x50,0x22,0xFF,0xEE,0x19,0xFF,0xAC,0x19,0xFF,0x6A,0x11,0xFF,
0x29,0x11,0xFF,0xEC,0x5A,0xFF,0xB2,0x94,0xFF,0xF3,0x9C,0xFE,
0xD2,0x94,0xFF,0xC7,0x39,0xFF,0x00,0x00,0xFF,0x00,0x00,0xFF,
0x00,0x00,0xFF,0xA3,0x18,0xFF,0x08,0x42,0xFF,0x08,0x42,0xFF,
0x6D,0x6B,0xFF,0xCF,0x7B,0xFF,0xCF,0x7B,0xFF,0xCF,0x7B,0xFF,
0xCF,0x7B,0xFF,0xAE,0x73,0xFF,0xAB,0x52,0xFF,0x8A,0x52,0xFE,
0x8B,0x52,0xFF,0x6A,0x4A,0xFF,0x2C,0x63,0xFF,0x45,0x29,0xFF,
0x00,0x00,0xFF,0x41,0x08,0xFF,0xA7,0x31,0xFF,0x8A,0x52,0xFF,
0xAB,0x5A,0xFF,0xEC,0x5A,0xFF,0xEC,0x62,0xFF,0x2D,0x63,0xFF,
0x0D,0x63,0xFF,0x0D,0x63,0xFF,0xEC,0x62,0xFF,0xAB,0x5A,0xFE,
0x8A,0x52,0xFF,0x08,0x42,0xFF,0x24,0x21,0xFF,0x62,0x10,0xFF,
0x45,0x29,0xFF,0x66,0x31,0xFF,0xC8,0x39,0xFF,0xC8,0x39,0xFF,
0xC8,0x39,0xFF,0xC8,0x39,0xFF,0xC8,0x39,0xFF,0xC8,0x39,0xFF,
0x86,0x31,0xFF,0xC8,0x39,0xFF,0xEB,0x5A,0xFF,0xF3,0x9C,0xFE,
0xAF,0x73,0xFF,0x2D,0x63,0xFF,0xD2,0x94,0xFF,0xCF,0x7B,0xDA,
0x45,0x29,0x35,0x61,0x08,0x17,0x62,0x10,0x0F,0x82,0x10,0x0A,
0x62,0x10,0x07,0x62,0x10,0x04,0x82,0x10,0x03,0x82,0x10,0x01,
0x00,0x00,0x00,0x00,0x00,0x00,0x00,0x00,0x00,0x00,0x00,0x00,
0x00,0x00,0x00,0x00,0x00,0x00,0x00,0x00,0x00,0x00,0x00,0x00,
0x00,0x00,0x00,0x00,0x00,0x00,0x00,0x00,0x00,0x00,0x00,0x00,
0x00,0x00,0x00,0x00,0x00,0x00,0x00,0x00,0x00,0x00,0x00,0x00,
0x00,0x00,0x00,0x83,0x08,0x12,0xB8,0x9D,0xCD,0x36,0x6C,0xFE,
0xAF,0x39,0xFF,0xCF,0x39,0xFF,0xAF,0x31,0xFF,0xAE,0x31,0xFF,
0x8D,0x31,0xFF,0x8C,0x31,0xFF,0x8C,0x31,0xFF,0x8B,0x29,0xFF,
0xB3,0x6B,0xFF,0x57,0x74,0xFF,0x56,0x33,0xFF,0x36,0x2B,0xFF,
0x36,0x23,0xFF,0x16,0x13,0xFF,0x16,0x13,0xFF,0x16,0x1B,0xFE,
0x17,0x23,0xFF,0x37,0x23,0xFF,0x37,0x23,0xFF,0x37,0x2B,0xFF,
0x58,0x2B,0xFF,0x58,0x2B,0xFF,0x58,0x2B,0xFF,0x58,0x2B,0xFF,
0x78,0x33,0xFF,0x78,0x33,0xFF,0x78,0x33,0xFF,0x78,0x33,0xFF,
0x78,0x33,0xFF,0x78,0x33,0xFF,0x78,0x33,0xFF,0x78,0x33,0xFE,
0x78,0x33,0xFF,0x58,0x33,0xFF,0x57,0x2B,0xFF,0x37,0x2B,0xFF,
0x16,0x2B,0xFF,0xD5,0x2A,0xFF,0xB3,0x22,0xFF,0x72,0x22,0xFF,
0x30,0x1A,0xFF,0xEE,0x19,0xFF,0xAC,0x11,0xFF,0x6A,0x11,0xFF,
0x29,0x11,0xFF,0xC9,0x29,0xFF,0x71,0x8C,0xFF,0x55,0xAD,0xFE,
0x75,0xAD,0xFF,0x30,0x84,0xFF,0xC3,0x18,0xFF,0x41,0x08,0xFF,
0xA3,0x18,0xFF,0xC3,0x18,0xFF,0xC7,0x39,0xFF,0xC7,0x39,0xFF,
0xEB,0x5A,0xFF,0xCF,0x7B,0xFF,0xAE,0x73,0xFF,0xCF,0x7B,0xFF,
0xAE,0x73,0xFF,0xCF,0x7B,0xFF,0x4D,0x6B,0xFF,0xAA,0x52,0xFE,
0xCC,0x5A,0xFF,0x8A,0x52,0xFF,0xCB,0x5A,0xFF,0x0C,0x63,0xFF,
0x04,0x21,0xFF,0x00,0x00,0xFF,0x62,0x08,0xFF,0x86,0x31,0xFF,
0x69,0x4A,0xFF,0xAB,0x52,0xFF,0xAB,0x52,0xFF,0xAB,0x5A,0xFF,
0xCC,0x5A,0xFF,0xAB,0x52,0xFF,0x8A,0x52,0xFF,0x69,0x4A,0xFE,
0x08,0x42,0xFF,0x24,0x21,0xFF,0x41,0x08,0xFF,0x66,0x29,0xFF,
0x66,0x31,0xFF,0x87,0x31,0xFF,0xC8,0x39,0xFF,0xC8,0x39,0xFF,
0xC8,0x39,0xFF,0xC8,0x39,0xFF,0xC8,0x39,0xFF,0xC7,0x39,0xFF,
0x66,0x31,0xFF,0xE8,0x41,0xFF,0xCF,0x7B,0xFF,0x14,0xA5,0xFE,
0x6D,0x6B,0xFF,0xCB,0x5A,0xFF,0x0C,0x63,0xFE,0xEC,0x62,0xB1,
0x82,0x10,0x26,0x41,0x08,0x18,0x61,0x08,0x10,0x82,0x10,0x0A,
0x61,0x08,0x06,0x61,0x08,0x03,0x61,0x08,0x02,0x82,0x10,0x01,
0x00,0x00,0x00,0x00,0x00,0x00,0x00,0x00,0x00,0x00,0x00,0x00,
0x00,0x00,0x00,0x00,0x00,0x00,0x00,0x00,0x00,0x00,0x00,0x00,
0x00,0x00,0x00,0x00,0x00,0x00,0x00,0x00,0x00,0x00,0x00,0x00,
0x00,0x00,0x00,0x00,0x00,0x00,0x00,0x00,0x00,0x00,0x00,0x00,
0x00,0x00,0x00,0x84,0x08,0x0E,0x56,0x95,0xC4,0xD8,0x74,0xFE,
0xCF,0x39,0xFF,0xCF,0x39,0xFF,0xAF,0x39,0xFF,0xAE,0x31,0xFF,
0x8D,0x31,0xFF,0x8C,0x31,0xFF,0x8C,0x31,0xFF,0x8C,0x29,0xFF,
0x35,0x7C,0xFF,0x17,0x64,0xFF,0x36,0x2B,0xFF,0x36,0x2B,0xFF,
0x16,0x1B,0xFF,0xF6,0x12,0xFF,0xF6,0x12,0xFF,0x16,0x1B,0xFE,
0x17,0x1B,0xFF,0x17,0x23,0xFF,0x37,0x23,0xFF,0x37,0x23,0xFF,
0x57,0x2B,0xFF,0x58,0x2B,0xFF,0x58,0x2B,0xFF,0x58,0x2B,0xFF,
0x58,0x2B,0xFF,0x58,0x33,0xFF,0x58,0x33,0xFF,0x58,0x33,0xFF,
0x58,0x33,0xFF,0x58,0x33,0xFF,0x78,0x33,0xFF,0x58,0x33,0xFE,
0x58,0x2B,0xFF,0x37,0x2B,0xFF,0x37,0x2B,0xFF,0x16,0x2B,0xFF,
0xF6,0x2A,0xFF,0xD5,0x22,0xFF,0xB3,0x22,0xFF,0x72,0x22,0xFF,
0x30,0x1A,0xFF,0xEE,0x19,0xFF,0xAD,0x11,0xFF,0x6B,0x11,0xFF,
0x29,0x11,0xFF,0x08,0x11,0xFF,0xEC,0x5A,0xFF,0x14,0xA5,0xFE,
0x96,0xB5,0xFF,0x75,0xAD,0xFF,0xEB,0x5A,0xFF,0x82,0x10,0xFF,
0x86,0x31,0xFF,0xA6,0x31,0xFF,0xC7,0x39,0xFF,0xE7,0x39,0xFF,
0x49,0x4A,0xFF,0xAE,0x73,0xFF,0xCF,0x7B,0xFF,0xAE,0x73,0xFF,
0xAE,0x73,0xFF,0xAE,0x73,0xFF,0x8E,0x73,0xFF,0xEC,0x5A,0xFE,
0xEC,0x5A,0xFF,0x0D,0x63,0xFF,0xCB,0x5A,0xFF,0x0D,0x63,0xFF,
0xEC,0x62,0xFF,0xE4,0x20,0xFF,0x00,0x00,0xFF,0x20,0x00,0xFF,
0xE4,0x20,0xFF,0xE8,0x39,0xFF,0x49,0x4A,0xFF,0x4A,0x4A,0xFF,
0x6A,0x4A,0xFF,0x49,0x4A,0xFF,0x08,0x42,0xFF,0xA7,0x39,0xFE,
0xA3,0x10,0xFF,0x42,0x08,0xFF,0x66,0x29,0xFF,0xC8,0x39,0xFF,
0xA8,0x39,0xFF,0x09,0x42,0xFF,0xE9,0x41,0xFF,0xC8,0x39,0xFF,
0xC8,0x39,0xFF,0xA8,0x39,0xFF,0xC8,0x39,0xFF,0xA7,0x31,0xFF,
0x66,0x29,0xFF,0x8A,0x52,0xFF,0xB2,0x94,0xFF,0xB2,0x94,0xFE,
0x2D,0x63,0xFF,0x2D,0x6B,0xFF,0xEB,0x5A,0xFB,0x49,0x4A,0x7E,
0x21,0x08,0x22,0x41,0x08,0x18,0x41,0x08,0x10,0x61,0x08,0x0A,
0x41,0x08,0x06,0x41,0x08,0x03,0x41,0x08,0x02,0x62,0x10,0x01,
0x00,0x00,0x00,0x00,0x00,0x00,0x00,0x00,0x00,0x00,0x00,0x00,
0x00,0x00,0x00,0x00,0x00,0x00,0x00,0x00,0x00,0x00,0x00,0x00,
0x00,0x00,0x00,0x00,0x00,0x00,0x00,0x00,0x00,0x00,0x00,0x00,
0x00,0x00,0x00,0x00,0x00,0x00,0x00,0x00,0x00,0x00,0x00,0x00,
0x00,0x00,0x00,0x84,0x08,0x0D,0x56,0x95,0xBE,0xF8,0x7C,0xFE,
0xCF,0x39,0xFF,0xCF,0x39,0xFF,0xAE,0x31,0xFF,0xAE,0x31,0xFF,
0x8D,0x31,0xFF,0x8C,0x31,0xFF,0x8C,0x31,0xFF,0x8C,0x31,0xFF,
0x96,0x84,0xFF,0xF7,0x5B,0xFF,0x36,0x2B,0xFF,0x16,0x1B,0xFF,
0xF6,0x12,0xFF,0xF6,0x12,0xFF,0xF6,0x12,0xFF,0x16,0x1B,0xFE,
0x17,0x1B,0xFF,0x17,0x23,0xFF,0x37,0x23,0xFF,0x37,0x23,0xFF,
0x37,0x2B,0xFF,0x38,0x2B,0xFF,0x58,0x2B,0xFF,0x58,0x2B,0xFF,
0x58,0x2B,0xFF,0x58,0x2B,0xFF,0x58,0x33,0xFF,0x58,0x33,0xFF,
0x58,0x33,0xFF,0x58,0x33,0xFF,0x58,0x2B,0xFF,0x38,0x2B,0xFE,
0x38,0x2B,0xFF,0x37,0x2B,0xFF,0x17,0x2B,0xFF,0xF6,0x2A,0xFF,
0xF6,0x22,0xFF,0xB5,0x22,0xFF,0x93,0x22,0xFF,0x72,0x1A,0xFF,
0x30,0x1A,0xFF,0xEF,0x11,0xFF,0xAD,0x11,0xFF,0x8B,0x11,0xFF,
0x4A,0x11,0xFF,0x08,0x09,0xFF,0x68,0x19,0xFF,0xAE,0x73,0xFE,
0x54,0xA5,0xFF,0xB6,0xB5,0xFF,0x34,0xA5,0xFF,0x69,0x4A,0xFF,
0x45,0x29,0xFF,0x29,0x4A,0xFF,0x08,0x42,0xFF,0xE8,0x41,0xFF,
0xA6,0x31,0xFF,0x2C,0x63,0xFF,0xCF,0x7B,0xFF,0xAE,0x73,0xFF,
0xAE,0x73,0xFF,0xAE,0x73,0xFF,0xAE,0x73,0xFF,0x4D,0x6B,0xFE,
0x0D,0x63,0xFF,0x4D,0x6B,0xFF,0x4E,0x6B,0xFF,0xEC,0x62,0xFF,
0x0D,0x63,0xFF,0x0C,0x63,0xFF,0xA6,0x31,0xFF,0x41,0x08,0xFF,
0x00,0x00,0xFF,0x21,0x08,0xFF,0xE3,0x18,0xFF,0x05,0x21,0xFF,
0x46,0x29,0xFF,0xE4,0x20,0xFF,0xA3,0x18,0xFF,0x21,0x08,0xFE,
0xA3,0x10,0xFF,0xE8,0x39,0xFF,0x09,0x42,0xFF,0x09,0x42,0xFF,
0x4A,0x4A,0xFF,0x4A,0x4A,0xFF,0x29,0x42,0xFF,0x09,0x42,0xFF,
0xC8,0x39,0xFF,0xA8,0x39,0xFF,0xA7,0x31,0xFF,0x66,0x29,0xFF,
0xA7,0x31,0xFF,0x4D,0x6B,0xFF,0x75,0xAD,0xFF,0xEF,0x7B,0xFE,
0x0C,0x63,0xFF,0x0C,0x63,0xFF,0x2C,0x63,0xEE,0x86,0x31,0x54,
0x20,0x00,0x23,0x21,0x08,0x18,0x41,0x08,0x10,0x41,0x08,0x0A,
0x21,0x08,0x06,0x21,0x08,0x03,0x41,0x08,0x01,0x00,0x00,0x00,
0x00,0x00,0x00,0x00,0x00,0x00,0x00,0x00,0x00,0x00,0x00,0x00,
0x00,0x00,0x00,0x00,0x00,0x00,0x00,0x00,0x00,0x00,0x00,0x00,
0x00,0x00,0x00,0x00,0x00,0x00,0x00,0x00,0x00,0x00,0x00,0x00,
0x00,0x00,0x00,0x00,0x00,0x00,0x00,0x00,0x00,0x00,0x00,0x00,
0x00,0x00,0x00,0x06,0x19,0x0C,0xF5,0x8C,0xB2,0x18,0x7D,0xFE,
0xCF,0x39,0xFF,0xAF,0x39,0xFF,0xAE,0x31,0xFF,0xAD,0x31,0xFF,
0x8D,0x31,0xFF,0x8C,0x31,0xFF,0x8C,0x31,0xFF,0xAC,0x31,0xFF,
0xB7,0x8C,0xFF,0xB7,0x53,0xFF,0x16,0x23,0xFF,0xF6,0x12,0xFF,
0xF6,0x12,0xFF,0xF6,0x12,0xFF,0xF6,0x12,0xFF,0x16,0x1B,0xFE,
0x17,0x1B,0xFF,0x17,0x23,0xFF,0x17,0x23,0xFF,0x37,0x23,0xFF,
0x37,0x23,0xFF,0x37,0x2B,0xFF,0x38,0x2B,0xFF,0x38,0x2B,0xFF,
0x38,0x2B,0xFF,0x38,0x2B,0xFF,0x58,0x2B,0xFF,0x58,0x2B,0xFF,
0x38,0x2B,0xFF,0x38,0x2B,0xFF,0x38,0x2B,0xFF,0x37,0x2B,0xFE,
0x37,0x2B,0xFF,0x17,0x2B,0xFF,0x17,0x23,0xFF,0xF6,0x22,0xFF,
0xD5,0x22,0xFF,0xB5,0x22,0xFF,0x93,0x1A,0xFF,0x72,0x1A,0xFF,
0x31,0x1A,0xFF,0xEF,0x11,0xFF,0xCE,0x11,0xFF,0x8C,0x11,0xFF,
0x6B,0x09,0xFF,0x29,0x09,0xFF,0x08,0x09,0xFF,0x89,0x21,0xFE,
0xCF,0x73,0xFF,0x34,0xA5,0xFF,0x96,0xB5,0xFF,0x92,0x94,0xFF,
0x28,0x42,0xFF,0xA6,0x31,0xFF,0x49,0x4A,0xFF,0x08,0x42,0xFF,
0xA6,0x31,0xFF,0x8A,0x52,0xFF,0xAE,0x73,0xFF,0xAE,0x73,0xFF,
0xAE,0x73,0xFF,0x8E,0x73,0xFF,0xAE,0x73,0xFF,0xAE,0x73,0xFE,
0x4D,0x6B,0xFF,0x4D,0x6B,0xFF,0x8F,0x73,0xFF,0x8F,0x73,0xFF,
0x2D,0x6B,0xFF,0x2D,0x6B,0xFF,0x4D,0x6B,0xFF,0x6A,0x4A,0xFF,
0x45,0x29,0xFF,0x61,0x08,0xFF,0x20,0x00,0xFF,0x00,0x00,0xFF,
0x21,0x00,0xFF,0x41,0x08,0xFF,0xA3,0x18,0xFF,0xA7,0x31,0xFE,
0x6A,0x4A,0xFF,0x6A,0x52,0xFF,0x4A,0x4A,0xFF,0x8B,0x52,0xFF,
0x8B,0x52,0xFF,0x6A,0x4A,0xFF,0x49,0x4A,0xFF,0x29,0x42,0xFF,
0xE9,0x41,0xFF,0xC8,0x39,0xFF,0x87,0x31,0xFF,0x46,0x29,0xFF,
0x29,0x4A,0xFF,0x92,0x94,0xFF,0x55,0xAD,0xFF,0x0C,0x63,0xFE,
0x2C,0x63,0xFF,0x2C,0x63,0xFF,0xEC,0x62,0xCF,0x82,0x10,0x38,
0x20,0x00,0x23,0x20,0x00,0x18,0x00,0x00,0x0F,0x00,0x00,0x09,
0x20,0x00,0x05,0x20,0x00,0x02,0x21,0x08,0x01,0x00,0x00,0x00,
0x00,0x00,0x00,0x00,0x00,0x00,0x00,0x00,0x00,0x00,0x00,0x00,
0x00,0x00,0x00,0x00,0x00,0x00,0x00,0x00,0x00,0x00,0x00,0x00,
0x00,0x00,0x00,0x00,0x00,0x00,0x00,0x00,0x00,0x00,0x00,0x00,
0x00,0x00,0x00,0x00,0x00,0x00,0x00,0x00,0x00,0x00,0x00,0x00,
0x00,0x00,0x00,0x09,0x32,0x0B,0x32,0x74,0x9E,0x39,0x7D,0xFE,
0xCF,0x39,0xFF,0xAF,0x39,0xFF,0xAE,0x31,0xFF,0xAD,0x31,0xFF,
0x8C,0x31,0xFF,0x8C,0x31,0xFF,0x8C,0x31,0xFF,0xED,0x39,0xFF,
0xD8,0x8C,0xFF,0x96,0x43,0xFF,0xF6,0x1A,0xFF,0xD6,0x12,0xFF,
0xF6,0x12,0xFF,0xF6,0x12,0xFF,0xF6,0x12,0xFF,0xF6,0x1A,0xFE,
0x16,0x1B,0xFF,0x17,0x23,0xFF,0x17,0x23,0xFF,0x17,0x23,0xFF,
0x37,0x23,0xFF,0x37,0x23,0xFF,0x37,0x23,0xFF,0x38,0x23,0xFF,
0x38,0x23,0xFF,0x38,0x2B,0xFF,0x37,0x2B,0xFF,0x37,0x2B,0xFF,
0x38,0x2B,0xFF,0x17,0x23,0xFF,0x37,0x23,0xFF,0x17,0x23,0xFE,
0x17,0x23,0xFF,0x17,0x23,0xFF,0xF6,0x22,0xFF,0xF6,0x22,0xFF,
0xD5,0x1A,0xFF,0xB5,0x1A,0xFF,0x94,0x1A,0xFF,0x72,0x1A,0xFF,
0x31,0x12,0xFF,0x10,0x12,0xFF,0xCE,0x11,0xFF,0xAD,0x09,0xFF,
0x6B,0x09,0xFF,0x4A,0x09,0xFF,0x29,0x09,0xFF,0x08,0x09,0xFE,
0xA9,0x21,0xFF,0x8E,0x73,0xFF,0xF3,0x9C,0xFF,0x55,0xAD,0xFF,
0x71,0x8C,0xFF,0x49,0x4A,0xFF,0x86,0x31,0xFF,0xE7,0x39,0xFF,
0x86,0x31,0xFF,0x86,0x31,0xFF,0x2D,0x6B,0xFF,0xAE,0x73,0xFF,
0xAE,0x73,0xFF,0x8E,0x73,0xFF,0x8E,0x73,0xFF,0x8E,0x73,0xFE,
0x6D,0x6B,0xFF,0x4D,0x6B,0xFF,0x8E,0x73,0xFF,0xD0,0x7B,0xFF,
0xD0,0x7B,0xFF,0x8F,0x73,0xFF,0x4E,0x6B,0xFF,0x4E,0x6B,0xFF,
0x2D,0x6B,0xFF,0xCC,0x5A,0xFF,0x6A,0x4A,0xFF,0x09,0x42,0xFF,
0x4A,0x4A,0xFF,0x8B,0x52,0xFF,0xEC,0x5A,0xFF,0xEC,0x5A,0xFE,
0xAB,0x52,0xFF,0xAB,0x52,0xFF,0xEC,0x5A,0xFF,0xCC,0x5A,0xFF,
0xAC,0x5A,0xFF,0x8A,0x52,0xFF,0x6A,0x4A,0xFF,0x29,0x4A,0xFF,
0x09,0x42,0xFF,0xE8,0x41,0xFF,0x87,0x31,0xFF,0xC8,0x39,0xFF,
0x0C,0x63,0xFF,0xD7,0xB5,0xFF,0x10,0x84,0xFF,0xEC,0x62,0xFE,
0x0C,0x63,0xFF,0xEB,0x5A,0xFE,0x69,0x4A,0x9D,0x00,0x00,0x30,
0x00,0x00,0x23,0x00,0x00,0x18,0x00,0x00,0x0F,0x00,0x00,0x09,
0x00,0x00,0x05,0x00,0x00,0x02,0x00,0x00,0x01,0x00,0x00,0x00,
0x00,0x00,0x00,0x00,0x00,0x00,0x00,0x00,0x00,0x00,0x00,0x00,
0x00,0x00,0x00,0x00,0x00,0x00,0x00,0x00,0x00,0x00,0x00,0x00,
0x00,0x00,0x00,0x00,0x00,0x00,0x00,0x00,0x00,0x00,0x00,0x00,
0x00,0x00,0x00,0x00,0x00,0x00,0x00,0x00,0x00,0x00,0x00,0x00,
0x00,0x00,0x00,0x09,0x3A,0x0A,0xF0,0x73,0x94,0x9A,0x85,0xFE,
0x10,0x3A,0xFF,0xAE,0x39,0xFF,0xAE,0x31,0xFF,0x8D,0x31,0xFF,
0x8C,0x31,0xFF,0x8C,0x31,0xFF,0x8C,0x31,0xFF,0x2E,0x42,0xFF,
0xD8,0x8C,0xFF,0x56,0x33,0xFF,0xD6,0x12,0xFF,0xD6,0x12,0xFF,
0xD6,0x12,0xFF,0xD6,0x12,0xFF,0xF6,0x12,0xFF,0xF6,0x12,0xFE,
0xF6,0x1A,0xFF,0x17,0x1B,0xFF,0x17,0x1B,0xFF,0x17,0x23,0xFF,
0x17,0x23,0xFF,0x17,0x23,0xFF,0x17,0x23,0xFF,0x17,0x23,0xFF,
0x17,0x23,0xFF,0x17,0x23,0xFF,0x17,0x23,0xFF,0x17,0x23,0xFF,
0x17,0x23,0xFF,0x17,0x23,0xFF,0x17,0x23,0xFF,0x17,0x23,0xFE,
0xF7,0x22,0xFF,0xF7,0x22,0xFF,0xF6,0x1A,0xFF,0xD6,0x1A,0xFF,
0xD5,0x1A,0xFF,0xB5,0x1A,0xFF,0x94,0x1A,0xFF,0x73,0x12,0xFF,
0x52,0x12,0xFF,0x10,0x0A,0xFF,0xEF,0x09,0xFF,0xAE,0x09,0xFF,
0x8D,0x09,0xFF,0x6B,0x09,0xFF,0x4A,0x09,0xFF,0x29,0x09,0xFE,
0x09,0x09,0xFF,0x49,0x11,0xFF,0xAC,0x52,0xFF,0x30,0x84,0xFF,
0xD3,0x9C,0xFF,0x71,0x8C,0xFF,0xEC,0x62,0xFF,0xE7,0x39,0xFF,
0x66,0x31,0xFF,0x45,0x29,0xFF,0x69,0x4A,0xFF,0xAE,0x73,0xFF,
0x8E,0x73,0xFF,0x8E,0x73,0xFF,0x8E,0x73,0xFF,0x8E,0x73,0xFE,
0x8E,0x73,0xFF,0x6E,0x6B,0xFF,0x8F,0x73,0xFF,0xD0,0x7B,0xFF,
0xF0,0x7B,0xFF,0xF1,0x7B,0xFF,0xF0,0x7B,0xFF,0xAF,0x73,0xFF,
0x8F,0x73,0xFF,0x6E,0x6B,0xFF,0x6E,0x6B,0xFF,0x6E,0x6B,0xFF,
0x4E,0x6B,0xFF,0x2D,0x63,0xFF,0xED,0x62,0xFF,0x0D,0x63,0xFE,
0x4E,0x6B,0xFF,0x4E,0x6B,0xFF,0x2D,0x6B,0xFF,0xED,0x62,0xFF,
0xCC,0x5A,0xFF,0xAB,0x5A,0xFF,0x6A,0x52,0xFF,0x4A,0x4A,0xFF,
0x29,0x42,0xFF,0xC8,0x39,0xFF,0xC8,0x39,0xFF,0x49,0x4A,0xFF,
0xF3,0x9C,0xFF,0x34,0xA5,0xFF,0x2D,0x63,0xFF,0x0C,0x63,0xFE,
0x0C,0x63,0xFF,0x0C,0x63,0xF7,0xA6,0x31,0x63,0x00,0x00,0x30,
0x00,0x00,0x22,0x00,0x00,0x17,0x00,0x00,0x0E,0x00,0x00,0x08,
0x00,0x00,0x05,0x00,0x00,0x02,0x00,0x00,0x01,0x00,0x00,0x00,
0x00,0x00,0x00,0x00,0x00,0x00,0x00,0x00,0x00,0x00,0x00,0x00,
0x00,0x00,0x00,0x00,0x00,0x00,0x00,0x00,0x00,0x00,0x00,0x00,
0x00,0x00,0x00,0x00,0x00,0x00,0x00,0x00,0x00,0x00,0x00,0x00,
0x00,0x00,0x00,0x00,0x00,0x00,0x00,0x00,0x00,0x00,0x00,0x00,
0x00,0x00,0x00,0x09,0x3A,0x09,0xAF,0x6B,0x8A,0xBA,0x85,0xFE,
0x0F,0x3A,0xFF,0xAE,0x31,0xFF,0xAD,0x31,0xFF,0x8D,0x31,0xFF,
0x8C,0x31,0xFF,0x8B,0x31,0xFF,0x8B,0x31,0xFF,0x8F,0x4A,0xFF,
0xB8,0x7C,0xFF,0x16,0x23,0xFF,0xB6,0x12,0xFF,0xD6,0x12,0xFF,
0xD6,0x12,0xFF,0xD6,0x12,0xFF,0xF6,0x0A,0xFF,0xF6,0x12,0xFE,
0xF6,0x12,0xFF,0xF6,0x1A,0xFF,0xF7,0x1A,0xFF,0xF7,0x1A,0xFF,
0x17,0x1B,0xFF,0x17,0x23,0xFF,0x17,0x23,0xFF,0x17,0x23,0xFF,
0x17,0x23,0xFF,0x17,0x23,0xFF,0x17,0x23,0xFF,0x17,0x23,0xFF,
0x17,0x23,0xFF,0x17,0x23,0xFF,0xF7,0x22,0xFF,0xF7,0x22,0xFE,
0xF7,0x1A,0xFF,0xF6,0x1A,0xFF,0xD6,0x1A,0xFF,0xD6,0x1A,0xFF,
0xB5,0x1A,0xFF,0xB5,0x12,0xFF,0x94,0x12,0xFF,0x73,0x0A,0xFF,
0x52,0x0A,0xFF,0x11,0x0A,0xFF,0xF0,0x09,0xFF,0xCF,0x09,0xFF,
0xAD,0x09,0xFF,0x8C,0x09,0xFF,0x6B,0x09,0xFF,0x4B,0x09,0xFE,
0x2A,0x09,0xFF,0x09,0x09,0xFF,0x09,0x09,0xFF,0xCA,0x29,0xFF,
0x0D,0x5B,0xFF,0x10,0x84,0xFF,0x30,0x84,0xFF,0x6D,0x6B,0xFF,
0x69,0x4A,0xFF,0x65,0x29,0xFF,0xA6,0x31,0xFF,0x0C,0x63,0xFF,
0x8E,0x73,0xFF,0x8E,0x73,0xFF,0x8E,0x73,0xFF,0x8E,0x73,0xFE,
0x8E,0x73,0xFF,0x6E,0x73,0xFF,0x8E,0x73,0xFF,0xAF,0x73,0xFF,
0xD0,0x7B,0xFF,0xF1,0x83,0xFF,0x11,0x84,0xFF,0x31,0x84,0xFF,
0x11,0x84,0xFF,0x11,0x84,0xFF,0xF0,0x7B,0xFF,0xD0,0x7B,0xFF,
0xAF,0x73,0xFF,0xB0,0x7B,0xFF,0xB0,0x7B,0xFF,0xAF,0x73,0xFE,
0x8F,0x73,0xFF,0x6E,0x6B,0xFF,0x4E,0x6B,0xFF,0x0D,0x63,0xFF,
0xED,0x62,0xFF,0xAB,0x5A,0xFF,0x8B,0x52,0xFF,0x6A,0x4A,0xFF,
0x29,0x4A,0xFF,0xC8,0x39,0xFF,0x29,0x42,0xFF,0xCF,0x7B,0xFF,
0xB6,0xB5,0xFF,0xAF,0x73,0xFF,0xEB,0x5A,0xFF,0x0C,0x63,0xFE,
0xEB,0x5A,0xFF,0x4D,0x6B,0xCF,0x61,0x08,0x44,0x00,0x00,0x30,
0x00,0x00,0x21,0x00,0x00,0x17,0x00,0x00,0x0E,0x00,0x00,0x08,
0x00,0x00,0x05,0x00,0x00,0x02,0x00,0x00,0x01,0x00,0x00,0x00,
0x00,0x00,0x00,0x00,0x00,0x00,0x00,0x00,0x00,0x00,0x00,0x00,
0x00,0x00,0x00,0x00,0x00,0x00,0x00,0x00,0x00,0x00,0x00,0x00,
0x00,0x00,0x00,0x00,0x00,0x00,0x00,0x00,0x00,0x00,0x00,0x00,
0x00,0x00,0x00,0x00,0x00,0x00,0x00,0x00,0x00,0x00,0x00,0x00,
0x00,0x00,0x00,0x2A,0x3A,0x08,0x4E,0x63,0x7A,0xBB,0x85,0xFE,
0x0F,0x3A,0xFF,0xAE,0x31,0xFF,0xAD,0x31,0xFF,0x8C,0x31,0xFF,
0x8B,0x31,0xFF,0x8B,0x31,0xFF,0x8B,0x31,0xFF,0xF0,0x52,0xFF,
0x77,0x74,0xFF,0xD6,0x1A,0xFF,0xB6,0x12,0xFF,0xB6,0x12,0xFF,
0xD6,0x12,0xFF,0xD6,0x12,0xFF,0xD6,0x12,0xFF,0xD6,0x0A,0xFE,
0xF6,0x12,0xFF,0xF6,0x12,0xFF,0xF6,0x1A,0xFF,0xF7,0x1A,0xFF,
0xF7,0x1A,0xFF,0xF7,0x1A,0xFF,0xF7,0x1A,0xFF,0xF7,0x22,0xFF,
0xF7,0x22,0xFF,0xF7,0x22,0xFF,0xF7,0x22,0xFF,0xF7,0x1A,0xFF,
0xF7,0x1A,0xFF,0xF7,0x1A,0xFF,0xF7,0x1A,0xFF,0xF6,0x1A,0xFE,
0xD6,0x1A,0xFF,0xD6,0x1A,0xFF,0xD6,0x12,0xFF,0xB6,0x12,0xFF,
0xB5,0x12,0xFF,0x95,0x0A,0xFF,0x94,0x0A,0xFF,0x74,0x0A,0xFF,
0x53,0x0A,0xFF,0x32,0x0A,0xFF,0x11,0x0A,0xFF,0xF0,0x09,0xFF,
0xCF,0x09,0xFF,0xAE,0x09,0xFF,0x8D,0x09,0xFF,0x6C,0x09,0xFE,
0x4B,0x09,0xFF,0x4B,0x09,0xFF,0x2A,0x09,0xFF,0x2A,0x09,0xFF,
0x4A,0x11,0xFF,0xCA,0x29,0xFF,0xAC,0x4A,0xFF,0x2D,0x63,0xFF,
0xEB,0x5A,0xFF,0x08,0x42,0xFF,0x45,0x29,0xFF,0x08,0x42,0xFF,
0x6D,0x6B,0xFF,0x8E,0x73,0xFF,0x8E,0x73,0xFF,0x8E,0x73,0xFE,
0x6D,0x6B,0xFF,0x6D,0x6B,0xFF,0x6E,0x6B,0xFF,0x8F,0x73,0xFF,
0xF0,0x7B,0xFF,0xF0,0x7B,0xFF,0x11,0x84,0xFF,0x31,0x84,0xFF,
0x31,0x84,0xFF,0x31,0x84,0xFF,0x31,0x84,0xFF,0x31,0x84,0xFF,
0x11,0x84,0xFF,0xF0,0x7B,0xFF,0xF0,0x7B,0xFF,0xB0,0x7B,0xFE,
0x8F,0x73,0xFF,0x6E,0x6B,0xFF,0x4E,0x6B,0xFF,0x2E,0x6B,0xFF,
0x0D,0x63,0xFF,0xCC,0x5A,0xFF,0xAB,0x5A,0xFF,0x6A,0x4A,0xFF,
0x09,0x42,0xFF,0x09,0x42,0xFF,0x4D,0x6B,0xFF,0x55,0xAD,0xFF,
0x51,0x8C,0xFF,0x0C,0x63,0xFF,0x0C,0x63,0xFF,0x0C,0x63,0xFE,
0x2C,0x63,0xFC,0x49,0x4A,0x92,0x00,0x00,0x3F,0x00,0x00,0x2F,
0x00,0x00,0x20,0x00,0x00,0x16,0x00,0x00,0x0E,0x00,0x00,0x08,
0x00,0x00,0x05,0x00,0x00,0x02,0x00,0x00,0x01,0x00,0x00,0x00,
0x00,0x00,0x00,0x00,0x00,0x00,0x00,0x00,0x00,0x00,0x00,0x00,
0x00,0x00,0x00,0x00,0x00,0x00,0x00,0x00,0x00,0x00,0x00,0x00,
0x00,0x00,0x00,0x00,0x00,0x00,0x00,0x00,0x00,0x00,0x00,0x00,
0x00,0x00,0x00,0x00,0x00,0x00,0x00,0x00,0x00,0x00,0x00,0x00,
0x00,0x00,0x00,0x4A,0x3A,0x06,0x8B,0x4A,0x66,0xFB,0x8D,0xFE,
0x50,0x42,0xFF,0xAD,0x31,0xFF,0xAD,0x31,0xFF,0x8C,0x31,0xFF,
0x8B,0x29,0xFF,0x8B,0x31,0xFF,0x6B,0x29,0xFF,0x52,0x63,0xFF,
0x37,0x6C,0xFF,0xD5,0x1A,0xFF,0xB5,0x12,0xFF,0xB5,0x12,0xFF,
0xB6,0x12,0xFF,0xD6,0x12,0xFF,0xD6,0x12,0xFF,0xD6,0x0A,0xFE,
0xD6,0x0A,0xFF,0xD6,0x12,0xFF,0xF6,0x12,0xFF,0xF6,0x12,0xFF,
0xF6,0x1A,0xFF,0xF6,0x1A,0xFF,0xF6,0x1A,0xFF,0xF6,0x1A,0xFF,
0xF6,0x1A,0xFF,0xF6,0x1A,0xFF,0xF6,0x1A,0xFF,0xF6,0x1A,0xFF,
0xD6,0x1A,0xFF,0xD6,0x1A,0xFF,0xD6,0x1A,0xFF,0xD6,0x12,0xFE,
0xD6,0x12,0xFF,0xD6,0x12,0xFF,0xB6,0x0A,0xFF,0xB6,0x0A,0xFF,
0xB5,0x0A,0xFF,0x95,0x0A,0xFF,0x94,0x0A,0xFF,0x74,0x0A,0xFF,
0x53,0x0A,0xFF,0x32,0x0A,0xFF,0x11,0x0A,0xFF,0xF1,0x09,0xFF,
0xF0,0x09,0xFF,0xCF,0x09,0xFF,0xAE,0x09,0xFF,0x8D,0x09,0xFE,
0x8D,0x09,0xFF,0x6C,0x09,0xFF,0x6C,0x09,0xFF,0x6C,0x09,0xFF,
0xAC,0x11,0xFF,0xEC,0x11,0xFF,0x2B,0x22,0xFE,0xC8,0x31,0xFC,
0x66,0x29,0xF9,0x45,0x29,0xF8,0x25,0x29,0xFC,0x04,0x21,0xFF,
0xAA,0x52,0xFF,0x8E,0x73,0xFF,0x6D,0x6B,0xFF,0x6D,0x6B,0xFE,
0x6D,0x6B,0xFF,0x6D,0x6B,0xFF,0x6D,0x6B,0xFF,0x6E,0x6B,0xFF,
0xAF,0x73,0xFF,0xF0,0x7B,0xFF,0x11,0x84,0xFF,0x31,0x84,0xFF,
0x31,0x84,0xFF,0x31,0x84,0xFF,0x11,0x84,0xFF,0x11,0x84,0xFF,
0x11,0x84,0xFF,0xF0,0x7B,0xFF,0xF0,0x7B,0xFF,0xB0,0x7B,0xFE,
0x8F,0x73,0xFF,0x8F,0x73,0xFF,0x6E,0x6B,0xFF,0x2D,0x6B,0xFF,
0x0D,0x63,0xFF,0xCC,0x5A,0xFF,0xAB,0x52,0xFF,0x4A,0x4A,0xFF,
0x29,0x4A,0xFF,0x0C,0x63,0xFF,0xD3,0x9C,0xFF,0xD3,0x9C,0xFF,
0x0C,0x63,0xFF,0x0C,0x63,0xFF,0x0C,0x63,0xFF,0x0C,0x63,0xFE,
0x0C,0x63,0xDF,0xC3,0x18,0x5F,0x00,0x00,0x3F,0x00,0x00,0x2E,
0x00,0x00,0x20,0x00,0x00,0x16,0x00,0x00,0x0D,0x00,0x00,0x08,
0x00,0x00,0x05,0x00,0x00,0x02,0x00,0x00,0x01,0x00,0x00,0x00,
0x00,0x00,0x00,0x00,0x00,0x00,0x00,0x00,0x00,0x00,0x00,0x00,
0x00,0x00,0x00,0x00,0x00,0x00,0x00,0x00,0x00,0x00,0x00,0x00,
0x00,0x00,0x00,0x00,0x00,0x00,0x00,0x00,0x00,0x00,0x00,0x00,
0x00,0x00,0x00,0x00,0x00,0x00,0x00,0x00,0x00,0x00,0x00,0x00,
0x00,0x00,0x00,0x6A,0x42,0x05,0x6A,0x4A,0x5E,0x3C,0x96,0xFE,
0x90,0x42,0xFF,0xAD,0x31,0xFF,0xAD,0x31,0xFF,0x8C,0x31,0xFF,
0x6B,0x29,0xFF,0x8B,0x29,0xFF,0x6B,0x29,0xFF,0xD3,0x6B,0xFF,
0xF6,0x5B,0xFF,0xB5,0x12,0xFF,0xB5,0x12,0xFF,0xB5,0x12,0xFF,
0xB6,0x12,0xFF,0xB6,0x12,0xFF,0xB6,0x12,0xFF,0xD6,0x0A,0xFE,
0xD6,0x0A,0xFF,0xD6,0x0A,0xFF,0xD6,0x12,0xFF,0xD6,0x12,0xFF,
0xD6,0x12,0xFF,0xD6,0x12,0xFF,0xD6,0x12,0xFF,0xD6,0x12,0xFF,
0xD6,0x12,0xFF,0xD6,0x12,0xFF,0xD6,0x12,0xFF,0xD6,0x12,0xFF,
0xD6,0x12,0xFF,0xD6,0x12,0xFF,0xD6,0x12,0xFF,0xD6,0x0A,0xFE,
0xD6,0x0A,0xFF,0xB6,0x0A,0xFF,0xB6,0x0A,0xFF,0xB6,0x0A,0xFF,
0xB5,0x0A,0xFF,0x95,0x0A,0xFF,0x95,0x0A,0xFF,0x74,0x0A,0xFF,
0x53,0x0A,0xFF,0x53,0x0A,0xFF,0x32,0x0A,0xFF,0x11,0x12,0xFF,
0x11,0x12,0xFF,0xF0,0x11,0xFF,0xCF,0x09,0xFF,0xCF,0x09,0xFE,
0xAE,0x11,0xFF,0xCE,0x11,0xFF,0x2F,0x12,0xFF,0x8F,0x1A,0xFE,
0x6D,0x2A,0xFE,0xE9,0x31,0xFA,0x45,0x29,0xF5,0x24,0x21,0xF1,
0x04,0x21,0xF0,0xE4,0x18,0xF0,0x25,0x21,0xF4,0x04,0x21,0xFE,
0x45,0x29,0xFF,0x0C,0x63,0xFF,0x8E,0x73,0xFF,0x6D,0x6B,0xFE,
0x6D,0x6B,0xFF,0x6D,0x6B,0xFF,0x6D,0x6B,0xFF,0x6D,0x6B,0xFF,
0x6D,0x6B,0xFF,0xAF,0x73,0xFF,0xF0,0x83,0xFF,0x11,0x84,0xFF,
0x11,0x84,0xFF,0x31,0x84,0xFF,0x31,0x84,0xFF,0x11,0x84,0xFF,
0x11,0x84,0xFF,0xF1,0x7B,0xFF,0xF0,0x7B,0xFF,0xD0,0x7B,0xFE,
0xAF,0x73,0xFF,0x8F,0x73,0xFF,0x6E,0x6B,0xFF,0x4D,0x6B,0xFF,
0x2D,0x63,0xFF,0xEC,0x5A,0xFF,0x8B,0x52,0xFF,0x4A,0x4A,0xFF,
0xEC,0x5A,0xFF,0xD3,0x9C,0xFF,0xB2,0x94,0xFF,0x2C,0x63,0xFF,
0xEB,0x5A,0xFF,0x0C,0x63,0xFF,0x0C,0x63,0xFF,0xEB,0x5A,0xF8,
0xC7,0x39,0x94,0x00,0x00,0x4F,0x00,0x00,0x3C,0x00,0x00,0x2C,
0x00,0x00,0x1E,0x00,0x00,0x15,0x00,0x00,0x0D,0x00,0x00,0x07,
0x00,0x00,0x04,0x00,0x00,0x02,0x00,0x00,0x01,0x00,0x00,0x00,
0x00,0x00,0x00,0x00,0x00,0x00,0x00,0x00,0x00,0x00,0x00,0x00,
0x00,0x00,0x00,0x00,0x00,0x00,0x00,0x00,0x00,0x00,0x00,0x00,
0x00,0x00,0x00,0x00,0x00,0x00,0x00,0x00,0x00,0x00,0x00,0x00,
0x00,0x00,0x00,0x00,0x00,0x00,0x00,0x00,0x00,0x00,0x00,0x00,
0x00,0x00,0x00,0x8B,0x42,0x04,0x29,0x42,0x54,0x3C,0x96,0xFE,
0x90,0x42,0xFF,0xAD,0x31,0xFF,0x8C,0x31,0xFF,0x6B,0x31,0xFF,
0x6B,0x29,0xFF,0x8B,0x29,0xFF,0x6A,0x29,0xFF,0x35,0x7C,0xFF,
0xB6,0x4B,0xFF,0xB5,0x12,0xFF,0x95,0x12,0xFF,0xB5,0x12,0xFF,
0xB5,0x12,0xFF,0xB5,0x12,0xFF,0xB6,0x12,0xFF,0xB6,0x12,0xFE,
0xB6,0x0A,0xFF,0xD6,0x0A,0xFF,0xD6,0x0A,0xFF,0xD6,0x0A,0xFF,
0xD6,0x12,0xFF,0xD6,0x12,0xFF,0xD6,0x12,0xFF,0xD6,0x12,0xFF,
0xD6,0x12,0xFF,0xD6,0x12,0xFF,0xD6,0x12,0xFF,0xD6,0x12,0xFF,
0xD6,0x0A,0xFF,0xB6,0x0A,0xFF,0xB6,0x0A,0xFF,0xB6,0x0A,0xFE,
0xB6,0x0A,0xFF,0xB6,0x0A,0xFF,0xB6,0x0A,0xFF,0xB5,0x0A,0xFF,
0x95,0x12,0xFF,0x95,0x12,0xFF,0x75,0x12,0xFF,0x74,0x12,0xFF,
0x54,0x12,0xFF,0x53,0x12,0xFF,0x33,0x12,0xFF,0x32,0x12,0xFF,
0x12,0x12,0xFF,0x11,0x12,0xFF,0x11,0x12,0xFF,0x51,0x12,0xFE,
0xB2,0x1A,0xFF,0x12,0x23,0xFE,0xCE,0x32,0xFC,0x09,0x3A,0xF6,
0x86,0x29,0xF0,0x66,0x29,0xED,0x65,0x29,0xEC,0x45,0x29,0xEA,
0x24,0x21,0xE9,0x04,0x21,0xE7,0xE4,0x18,0xE6,0x45,0x29,0xF1,
0xC3,0x18,0xFE,0xE7,0x39,0xFF,0x2D,0x6B,0xFF,0x6D,0x6B,0xFE,
0x4D,0x6B,0xFF,0x6D,0x6B,0xFF,0x4D,0x6B,0xFF,0x4D,0x6B,0xFF,
0x4D,0x6B,0xFF,0x4D,0x6B,0xFF,0xAF,0x73,0xFF,0xF0,0x7B,0xFF,
0x10,0x7C,0xFF,0x11,0x84,0xFF,0x11,0x84,0xFF,0x11,0x84,0xFF,
0x11,0x84,0xFF,0x11,0x84,0xFF,0xF0,0x7B,0xFF,0xD0,0x7B,0xFE,
0xAF,0x73,0xFF,0x8F,0x73,0xFF,0x6E,0x73,0xFF,0x4D,0x6B,0xFF,
0x0D,0x63,0xFF,0x8B,0x52,0xFF,0xAB,0x52,0xFF,0x6E,0x6B,0xFF,
0x92,0x94,0xFF,0x71,0x8C,0xFF,0x2C,0x63,0xFF,0xEB,0x5A,0xFF,
0x0C,0x63,0xFF,0x0C,0x63,0xFF,0xEB,0x5A,0xFD,0x69,0x4A,0xC6,
0x41,0x08,0x65,0x00,0x00,0x4C,0x00,0x00,0x39,0x00,0x00,0x29,
0x00,0x00,0x1D,0x00,0x00,0x13,0x00,0x00,0x0C,0x00,0x00,0x07,
0x00,0x00,0x04,0x00,0x00,0x01,0x00,0x00,0x00,0x00,0x00,0x00,
0x00,0x00,0x00,0x00,0x00,0x00,0x00,0x00,0x00,0x00,0x00,0x00,
0x00,0x00,0x00,0x00,0x00,0x00,0x00,0x00,0x00,0x00,0x00,0x00,
0x00,0x00,0x00,0x00,0x00,0x00,0x00,0x00,0x00,0x00,0x00,0x00,
0x00,0x00,0x00,0x00,0x00,0x00,0x00,0x00,0x00,0x00,0x00,0x00,
0x00,0x00,0x00,0x2E,0x53,0x03,0xC7,0x39,0x46,0x1B,0x96,0xFD,
0xB0,0x42,0xFE,0xAD,0x31,0xFE,0x8C,0x31,0xFE,0x8B,0x31,0xFE,
0x6B,0x29,0xFE,0x6B,0x29,0xFE,0x8B,0x31,0xFE,0x76,0x84,0xFE,
0x76,0x43,0xFE,0x95,0x12,0xFE,0x95,0x12,0xFE,0x95,0x12,0xFE,
0x95,0x12,0xFE,0xB5,0x12,0xFE,0xB5,0x12,0xFE,0xB6,0x12,0xFE,
0xB6,0x0A,0xFE,0xB6,0x0A,0xFE,0xB6,0x0A,0xFE,0xB6,0x0A,0xFE,
0xD6,0x0A,0xFE,0xD6,0x0A,0xFE,0xD6,0x0A,0xFE,0xD6,0x0A,0xFE,
0xB6,0x0A,0xFE,0xB6,0x0A,0xFE,0xB6,0x0A,0xFE,0xB6,0x0A,0xFE,
0xB6,0x0A,0xFE,0xB6,0x0A,0xFE,0xB6,0x0A,0xFE,0xB6,0x0A,0xFE,
0xB6,0x0A,0xFE,0xB6,0x0A,0xFE,0xB6,0x12,0xFE,0x95,0x12,0xFE,
0x95,0x12,0xFE,0x95,0x12,0xFE,0x75,0x12,0xFE,0x74,0x12,0xFE,
0x74,0x12,0xFE,0x54,0x12,0xFE,0x53,0x12,0xFE,0x53,0x12,0xFE,
0x73,0x12,0xFE,0xB4,0x1A,0xFE,0x34,0x23,0xFE,0x53,0x2B,0xFD,
0xEF,0x3A,0xF9,0x29,0x3A,0xF2,0xA7,0x31,0xED,0xA7,0x31,0xE9,
0xA6,0x31,0xE8,0x86,0x31,0xE5,0x66,0x29,0xE3,0x45,0x29,0xDF,
0x25,0x21,0xDC,0x04,0x21,0xDA,0xE4,0x18,0xD8,0xE3,0x18,0xD8,
0x04,0x21,0xF0,0xC3,0x18,0xFE,0x28,0x42,0xFE,0x4D,0x6B,0xFE,
0x6D,0x6B,0xFE,0x4D,0x6B,0xFE,0x4D,0x6B,0xFE,0x4D,0x6B,0xFE,
0x4D,0x6B,0xFE,0x4D,0x6B,0xFE,0x4D,0x6B,0xFE,0x6E,0x6B,0xFE,
0xCF,0x73,0xFE,0x10,0x7C,0xFE,0x11,0x84,0xFE,0xF0,0x7B,0xFE,
0xF0,0x7B,0xFE,0xD0,0x7B,0xFE,0xD0,0x7B,0xFE,0xB0,0x73,0xFE,
0xAF,0x73,0xFE,0x6F,0x73,0xFE,0x6E,0x6B,0xFE,0xEC,0x62,0xFE,
0xEC,0x62,0xFE,0x0D,0x63,0xFE,0xAF,0x73,0xFE,0x71,0x8C,0xFE,
0xCF,0x7B,0xFE,0x0C,0x63,0xFE,0xEC,0x62,0xFE,0x0C,0x63,0xFE,
0xEC,0x62,0xFE,0xEB,0x5A,0xFE,0xAA,0x52,0xE0,0xA3,0x18,0x7F,
0x00,0x00,0x5C,0x00,0x00,0x48,0x00,0x00,0x36,0x00,0x00,0x27,
0x00,0x00,0x1B,0x00,0x00,0x12,0x00,0x00,0x0B,0x00,0x00,0x06,
0x00,0x00,0x04,0x00,0x00,0x01,0x00,0x00,0x00,0x00,0x00,0x00,
0x00,0x00,0x00,0x00,0x00,0x00,0x00,0x00,0x00,0x00,0x00,0x00,
0x00,0x00,0x00,0x00,0x00,0x00,0x00,0x00,0x00,0x00,0x00,0x00,
0x00,0x00,0x00,0x00,0x00,0x00,0x00,0x00,0x00,0x00,0x00,0x00,
0x00,0x00,0x00,0x00,0x00,0x00,0x00,0x00,0x00,0x00,0x00,0x00,
0x00,0x00,0x00,0x70,0x5B,0x02,0x45,0x29,0x38,0x3B,0x96,0xF9,
0x12,0x4B,0xFF,0xAD,0x31,0xFF,0x8C,0x31,0xFF,0x6B,0x29,0xFF,
0x6A,0x29,0xFF,0x6A,0x29,0xFF,0xAB,0x31,0xFF,0x96,0x84,0xFF,
0x35,0x33,0xFF,0x95,0x12,0xFF,0x95,0x12,0xFF,0x95,0x12,0xFF,
0x95,0x12,0xFF,0xB5,0x12,0xFF,0xB5,0x12,0xFF,0xB6,0x12,0xFE,
0xB6,0x12,0xFF,0xB6,0x0A,0xFF,0xB6,0x0A,0xFF,0xB6,0x0A,0xFF,
0xB6,0x0A,0xFF,0xB6,0x0A,0xFF,0xB6,0x0A,0xFF,0xB6,0x0A,0xFF,
0xB6,0x0A,0xFF,0xB6,0x0A,0xFF,0xB6,0x0A,0xFF,0xB6,0x0A,0xFF,
0xB6,0x0A,0xFF,0xB6,0x0A,0xFF,0xB6,0x0A,0xFF,0xB5,0x12,0xFE,
0x95,0x12,0xFF,0x95,0x12,0xFF,0x95,0x12,0xFF,0x95,0x12,0xFF,
0x95,0x12,0xFF,0x95,0x12,0xFF,0x75,0x12,0xFF,0x75,0x12,0xFF,
0x74,0x12,0xFF,0x74,0x12,0xFF,0xB5,0x1A,0xFF,0x16,0x1B,0xFF,
0x76,0x23,0xFF,0x94,0x33,0xFC,0xEE,0x42,0xF6,0x49,0x42,0xEF,
0xE8,0x39,0xE9,0xE8,0x39,0xE6,0xC7,0x39,0xE4,0xC7,0x39,0xE0,
0xA7,0x31,0xDD,0xA6,0x31,0xD8,0x86,0x31,0xD3,0x65,0x29,0xCF,
0x45,0x29,0xCA,0x24,0x21,0xC7,0xE4,0x20,0xC4,0xC3,0x18,0xC3,
0xC3,0x18,0xCA,0xC3,0x18,0xEE,0xC3,0x18,0xFE,0x49,0x4A,0xFE,
0x4D,0x6B,0xFF,0x6D,0x6B,0xFF,0x4D,0x6B,0xFF,0x4D,0x6B,0xFF,
0x4D,0x6B,0xFF,0x4D,0x6B,0xFF,0x2C,0x63,0xFF,0x2C,0x63,0xFF,
0x4D,0x6B,0xFF,0x6E,0x6B,0xFF,0xCF,0x7B,0xFF,0xF0,0x7B,0xFF,
0x10,0x84,0xFF,0xF0,0x7B,0xFF,0xD0,0x7B,0xFF,0xAF,0x73,0xFE,
0xAF,0x73,0xFF,0x6E,0x6B,0xFF,0x4D,0x6B,0xFF,0x2D,0x6B,0xFF,
0xAE,0x73,0xFF,0xF0,0x7B,0xFF,0xCF,0x7B,0xFF,0x2D,0x6B,0xFF,
0xEC,0x62,0xFF,0xEC,0x62,0xFF,0xEC,0x62,0xFF,0x0C,0x63,0xFF,
0xCB,0x5A,0xFF,0xEB,0x5A,0xEF,0x04,0x21,0x96,0x00,0x00,0x6A,
0x00,0x00,0x56,0x00,0x00,0x43,0x00,0x00,0x32,0x00,0x00,0x24,
0x00,0x00,0x19,0x00,0x00,0x10,0x00,0x00,0x0A,0x00,0x00,0x05,
0x00,0x00,0x03,0x00,0x00,0x01,0x00,0x00,0x00,0x00,0x00,0x00,
0x00,0x00,0x00,0x00,0x00,0x00,0x00,0x00,0x00,0x00,0x00,0x00,
0x00,0x00,0x00,0x00,0x00,0x00,0x00,0x00,0x00,0x00,0x00,0x00,
0x00,0x00,0x00,0x00,0x00,0x00,0x00,0x00,0x00,0x00,0x00,0x00,
0x00,0x00,0x00,0x00,0x00,0x00,0x00,0x00,0x00,0x00,0x00,0x00,
0x00,0x00,0x00,0x70,0x53,0x02,0x25,0x29,0x33,0x5B,0x9E,0xF5,
0x32,0x4B,0xFF,0x8C,0x31,0xFF,0x8B,0x31,0xFF,0x6B,0x29,0xFF,
0x6A,0x29,0xFF,0x6A,0x29,0xFF,0xEC,0x39,0xFF,0xB7,0x84,0xFF,
0xF5,0x2A,0xFF,0x95,0x12,0xFF,0x95,0x12,0xFF,0x95,0x12,0xFF,
0x95,0x12,0xFF,0x95,0x12,0xFF,0x95,0x12,0xFF,0xB5,0x12,0xFE,
0xB5,0x12,0xFF,0xB6,0x12,0xFF,0xB6,0x0A,0xFF,0xB6,0x0A,0xFF,
0xB6,0x0A,0xFF,0xB6,0x0A,0xFF,0xB6,0x0A,0xFF,0xB6,0x0A,0xFF,
0xB6,0x0A,0xFF,0xB6,0x0A,0xFF,0xB5,0x0A,0xFF,0xB5,0x12,0xFF,
0x95,0x12,0xFF,0x95,0x12,0xFF,0x95,0x12,0xFF,0x95,0x12,0xFE,
0x95,0x12,0xFF,0x95,0x12,0xFF,0x95,0x12,0xFF,0x95,0x12,0xFF,
0x95,0x12,0xFF,0x75,0x12,0xFF,0x75,0x12,0xFF,0x95,0x12,0xFF,
0xD6,0x1A,0xFF,0x57,0x1B,0xFF,0xB7,0x23,0xFE,0xB4,0x3B,0xFB,
0xEE,0x4A,0xF3,0x4A,0x42,0xEB,0x08,0x42,0xE7,0x08,0x42,0xE4,
0x08,0x3A,0xE0,0xE8,0x39,0xDC,0xE7,0x39,0xD8,0xC7,0x39,0xD2,
0xC7,0x39,0xCC,0xA7,0x31,0xC5,0x86,0x31,0xBE,0x66,0x29,0xB7,
0x45,0x29,0xB2,0x04,0x21,0xAE,0xE4,0x18,0xAD,0xA3,0x18,0xAD,
0x82,0x10,0xB1,0xA2,0x10,0xBF,0xC3,0x18,0xEE,0xC3,0x18,0xFE,
0x49,0x4A,0xFF,0x4D,0x6B,0xFF,0x4D,0x6B,0xFF,0x2D,0x6B,0xFF,
0x4D,0x6B,0xFF,0x4D,0x6B,0xFF,0x2D,0x6B,0xFF,0x2C,0x63,0xFF,
0x2C,0x63,0xFF,0x0C,0x63,0xFF,0xEC,0x5A,0xFF,0x4D,0x6B,0xFF,
0x6E,0x6B,0xFF,0x8E,0x6B,0xFF,0x6E,0x6B,0xFF,0x6E,0x6B,0xFE,
0x6E,0x6B,0xFF,0x4E,0x6B,0xFF,0x6E,0x6B,0xFF,0x8E,0x73,0xFF,
0x8E,0x73,0xFF,0x2D,0x6B,0xFF,0x0C,0x63,0xFF,0xEC,0x62,0xFF,
0x0C,0x63,0xFF,0x0C,0x63,0xFF,0xEC,0x62,0xFF,0x0C,0x63,0xFF,
0xCB,0x5A,0xF8,0x86,0x31,0xAD,0x00,0x00,0x76,0x00,0x00,0x63,
0x00,0x00,0x4F,0x00,0x00,0x3D,0x00,0x00,0x2D,0x00,0x00,0x20,
0x00,0x00,0x16,0x00,0x00,0x0E,0x00,0x00,0x09,0x00,0x00,0x05,
0x00,0x00,0x03,0x00,0x00,0x01,0x00,0x00,0x00,0x00,0x00,0x00,
0x00,0x00,0x00,0x00,0x00,0x00,0x00,0x00,0x00,0x00,0x00,0x00,
0x00,0x00,0x00,0x00,0x00,0x00,0x00,0x00,0x00,0x00,0x00,0x00,
0x00,0x00,0x00,0x00,0x00,0x00,0x00,0x00,0x00,0x00,0x00,0x00,
0x00,0x00,0x00,0x00,0x00,0x00,0x00,0x00,0x00,0x00,0x00,0x00,
0x00,0x00,0x00,0x70,0x53,0x01,0x04,0x21,0x2C,0x1B,0x96,0xED,
0x52,0x4B,0xFF,0x8C,0x31,0xFF,0x8B,0x31,0xFF,0x6A,0x29,0xFF,
0x6A,0x29,0xFF,0x6A,0x29,0xFF,0x2D,0x42,0xFF,0x97,0x84,0xFF,
0xD5,0x22,0xFF,0x95,0x12,0xFF,0x95,0x12,0xFF,0x95,0x12,0xFF,
0x95,0x12,0xFF,0x95,0x12,0xFF,0x95,0x12,0xFF,0x95,0x12,0xFE,
0xB5,0x12,0xFF,0xB5,0x12,0xFF,0xB5,0x12,0xFF,0xB5,0x12,0xFF,
0xB5,0x12,0xFF,0xB5,0x0A,0xFF,0xB5,0x0A,0xFF,0x95,0x12,0xFF,
0x95,0x12,0xFF,0x95,0x12,0xFF,0x95,0x12,0xFF,0x95,0x12,0xFF,
0x95,0x12,0xFF,0x95,0x12,0xFF,0x95,0x12,0xFF,0x95,0x12,0xFE,
0x95,0x12,0xFF,0x95,0x12,0xFF,0x95,0x12,0xFF,0x75,0x12,0xFF,
0x95,0x12,0xFF,0xB6,0x12,0xFF,0x17,0x1B,0xFF,0x98,0x23,0xFE,
0xF8,0x2B,0xFE,0xB3,0x43,0xF8,0xED,0x4A,0xEF,0x49,0x42,0xE9,
0x29,0x42,0xE4,0x29,0x42,0xE1,0x28,0x42,0xDD,0x08,0x42,0xD9,
0x08,0x42,0xD3,0xE8,0x39,0xCD,0xE8,0x39,0xC5,0xE7,0x39,0xBC,
0xC7,0x39,0xB3,0xA7,0x31,0xAB,0x86,0x31,0xA2,0x66,0x29,0x9B,
0x45,0x29,0x95,0x04,0x21,0x93,0xE3,0x18,0x94,0xA3,0x10,0x97,
0x82,0x10,0x9D,0x61,0x08,0xA5,0x82,0x10,0xB9,0xA3,0x18,0xEE,
0xC3,0x18,0xFE,0x69,0x4A,0xFF,0x4D,0x6B,0xFF,0x4D,0x6B,0xFF,
0x2C,0x63,0xFF,0x2D,0x6B,0xFF,0x2C,0x63,0xFF,0xEB,0x5A,0xFF,
0xEF,0x7B,0xFF,0xF3,0x9C,0xFF,0x4D,0x6B,0xFF,0x0C,0x63,0xFF,
0x0C,0x63,0xFF,0x0C,0x63,0xFF,0x0C,0x63,0xFF,0x0C,0x63,0xFE,
0x0C,0x63,0xFF,0x0C,0x63,0xFF,0x0C,0x63,0xFF,0xEC,0x62,0xFF,
0xEB,0x5A,0xFF,0xEB,0x5A,0xFF,0x0C,0x63,0xFF,0x0C,0x63,0xFF,
0xEC,0x62,0xFF,0xEC,0x62,0xFF,0xEB,0x5A,0xFE,0xAA,0x52,0xF4,
0x24,0x21,0xB0,0x00,0x00,0x81,0x00,0x00,0x6D,0x00,0x00,0x5A,
0x00,0x00,0x48,0x00,0x00,0x37,0x00,0x00,0x29,0x00,0x00,0x1D,
0x00,0x00,0x14,0x00,0x00,0x0D,0x00,0x00,0x07,0x00,0x00,0x04,
0x00,0x00,0x02,0x00,0x00,0x01,0x00,0x00,0x00,0x00,0x00,0x00,
0x00,0x00,0x00,0x00,0x00,0x00,0x00,0x00,0x00,0x00,0x00,0x00,
0x00,0x00,0x00,0x00,0x00,0x00,0x00,0x00,0x00,0x00,0x00,0x00,
0x00,0x00,0x00,0x00,0x00,0x00,0x00,0x00,0x00,0x00,0x00,0x00,
0x00,0x00,0x00,0x00,0x00,0x00,0x00,0x00,0x00,0x00,0x00,0x00,
0x00,0x00,0x00,0x70,0x53,0x02,0xC3,0x10,0x22,0xB9,0x8D,0xE0,
0x93,0x53,0xFF,0x8C,0x31,0xFF,0x6B,0x31,0xFF,0x6A,0x29,0xFF,
0x6A,0x29,0xFF,0x6A,0x29,0xFF,0xAE,0x4A,0xFF,0x77,0x7C,0xFF,
0xB5,0x1A,0xFF,0x95,0x12,0xFF,0x95,0x12,0xFF,0x95,0x12,0xFF,
0x95,0x12,0xFF,0x95,0x12,0xFF,0x95,0x12,0xFF,0x95,0x12,0xFE,
0x95,0x12,0xFF,0x95,0x12,0xFF,0x95,0x12,0xFF,0x95,0x12,0xFF,
0x95,0x12,0xFF,0x95,0x12,0xFF,0x95,0x12,0xFF,0x95,0x12,0xFF,
0x95,0x12,0xFF,0x95,0x12,0xFF,0x95,0x12,0xFF,0x95,0x12,0xFF,
0x95,0x12,0xFF,0x95,0x12,0xFF,0x95,0x12,0xFF,0x95,0x12,0xFE,
0x75,0x12,0xFF,0x95,0x12,0xFF,0x95,0x12,0xFF,0xD6,0x1A,0xFF,
0x58,0x1B,0xFF,0xD8,0x2B,0xFE,0xF6,0x3B,0xFB,0x71,0x4B,0xF5,
0xCC,0x4A,0xEC,0x49,0x4A,0xE6,0x49,0x42,0xE2,0x49,0x42,0xDF,
0x29,0x42,0xDB,0x29,0x42,0xD5,0x08,0x42,0xCF,0x08,0x42,0xC7,
0x08,0x42,0xC0,0x08,0x3A,0xB6,0xE8,0x39,0xAB,0xE7,0x39,0xA0,
0xC7,0x39,0x96,0xA7,0x31,0x8C,0x86,0x31,0x83,0x66,0x29,0x7C,
0x25,0x21,0x7A,0x04,0x21,0x79,0xC3,0x18,0x7C,0xA2,0x10,0x81,
0x62,0x10,0x8A,0x41,0x08,0x94,0x21,0x08,0xA0,0x82,0x10,0xB7,
0x82,0x10,0xEF,0x82,0x10,0xFE,0x08,0x42,0xFF,0x2C,0x63,0xFF,
0x4D,0x6B,0xFF,0x2C,0x63,0xFF,0x2C,0x63,0xFF,0xEB,0x5A,0xFF,
0x14,0xA5,0xFF,0xBA,0xD6,0xFF,0xAE,0x73,0xFF,0x0C,0x63,0xFF,
0x0C,0x63,0xFF,0x0C,0x63,0xFF,0x0C,0x63,0xFF,0x0C,0x63,0xFE,
0x0C,0x63,0xFF,0x0C,0x63,0xFF,0x0C,0x63,0xFF,0x0C,0x63,0xFF,
0x0C,0x63,0xFF,0x0C,0x63,0xFF,0xEB,0x5A,0xFF,0xEC,0x62,0xFF,
0xEB,0x5A,0xFF,0xEB,0x5A,0xFF,0xCB,0x5A,0xF5,0x45,0x29,0xB6,
0x00,0x00,0x88,0x00,0x00,0x75,0x00,0x00,0x63,0x00,0x00,0x51,
0x00,0x00,0x40,0x00,0x00,0x31,0x00,0x00,0x23,0x00,0x00,0x19,
0x00,0x00,0x11,0x00,0x00,0x0A,0x00,0x00,0x06,0x00,0x00,0x03,
0x00,0x00,0x02,0x00,0x00,0x00,0x00,0x00,0x00,0x00,0x00,0x00,
0x00,0x00,0x00,0x00,0x00,0x00,0x00,0x00,0x00,0x00,0x00,0x00,
0x00,0x00,0x00,0x00,0x00,0x00,0x00,0x00,0x00,0x00,0x00,0x00,
0x00,0x00,0x00,0x00,0x00,0x00,0x00,0x00,0x00,0x00,0x00,0x00,
0x00,0x00,0x00,0x00,0x00,0x00,0x00,0x00,0x00,0x00,0x00,0x00,
0xCC,0x4A,0x01,0x4F,0x53,0x02,0xC3,0x10,0x1E,0xB8,0x95,0xD9,
0xF4,0x53,0xFF,0x8B,0x31,0xFF,0x6B,0x29,0xFF,0x4A,0x29,0xFF,
0x49,0x29,0xFF,0x49,0x29,0xFF,0x10,0x5B,0xFF,0x36,0x6C,0xFF,
0xB5,0x1A,0xFF,0x94,0x12,0xFF,0x75,0x12,0xFF,0x95,0x12,0xFF,
0x95,0x12,0xFF,0x95,0x12,0xFF,0x95,0x12,0xFF,0x95,0x12,0xFE,
0x95,0x12,0xFF,0x95,0x12,0xFF,0x95,0x12,0xFF,0x95,0x12,0xFF,
0x95,0x12,0xFF,0x95,0x12,0xFF,0x95,0x12,0xFF,0x95,0x12,0xFF,
0x95,0x12,0xFF,0x95,0x12,0xFF,0x95,0x12,0xFF,0x75,0x12,0xFF,
0x75,0x12,0xFF,0x75,0x12,0xFF,0x75,0x12,0xFF,0x95,0x12,0xFE,
0xB6,0x12,0xFF,0x17,0x1B,0xFF,0x98,0x23,0xFF,0xD8,0x2B,0xFD,
0xB4,0x43,0xF9,0x2F,0x4B,0xF1,0x8B,0x4A,0xE9,0x49,0x4A,0xE4,
0x49,0x4A,0xE1,0x49,0x42,0xDC,0x49,0x42,0xD8,0x29,0x42,0xD3,
0x29,0x42,0xCC,0x29,0x42,0xC4,0x08,0x42,0xBA,0x08,0x42,0xB0,
0x08,0x42,0xA6,0xE8,0x41,0x9A,0xE8,0x39,0x8E,0xE7,0x39,0x82,
0xC7,0x39,0x77,0xA7,0x31,0x6E,0x86,0x31,0x67,0x65,0x29,0x62,
0x24,0x21,0x61,0xE4,0x20,0x63,0xC3,0x18,0x68,0x82,0x10,0x6F,
0x61,0x08,0x7A,0x41,0x08,0x85,0x21,0x08,0x92,0x20,0x00,0x9E,
0x62,0x10,0xB5,0xC3,0x18,0xE9,0x62,0x10,0xFE,0x86,0x31,0xFF,
0xCB,0x5A,0xFF,0x2D,0x6B,0xFF,0x2D,0x6B,0xFF,0xEB,0x5A,0xFF,
0xCF,0x7B,0xFF,0xB2,0x94,0xFF,0x4D,0x6B,0xFF,0x0C,0x63,0xFF,
0x0C,0x63,0xFF,0x0C,0x63,0xFF,0x0C,0x63,0xFF,0x0C,0x63,0xFE,
0x0C,0x63,0xFF,0x0C,0x63,0xFF,0xEC,0x62,0xFF,0x0C,0x63,0xFF,
0xEC,0x62,0xFF,0x0C,0x63,0xFF,0xEB,0x5A,0xFF,0x0C,0x63,0xFF,
0xCB,0x5A,0xFE,0xAA,0x52,0xEF,0x66,0x31,0xBA,0x00,0x00,0x8E,
0x00,0x00,0x7C,0x00,0x00,0x6A,0x00,0x00,0x58,0x00,0x00,0x47,
0x00,0x00,0x38,0x00,0x00,0x2A,0x00,0x00,0x1E,0x00,0x00,0x16,
0x00,0x00,0x0E,0x00,0x00,0x09,0x00,0x00,0x05,0x00,0x00,0x03,
0x00,0x00,0x01,0x00,0x00,0x00,0x00,0x00,0x00,0x00,0x00,0x00,
0x00,0x00,0x00,0x00,0x00,0x00,0x00,0x00,0x00,0x00,0x00,0x00,
0x00,0x00,0x00,0x00,0x00,0x00,0x00,0x00,0x00,0x00,0x00,0x00,
0x00,0x00,0x00,0x00,0x00,0x00,0x00,0x00,0x00,0x00,0x00,0x00,
0x00,0x00,0x00,0x00,0x00,0x00,0x00,0x00,0x00,0x25,0x21,0x01,
0x6A,0x42,0x01,0x2E,0x4B,0x02,0xA3,0x10,0x1C,0x77,0x8D,0xD0,
0xF4,0x53,0xFF,0x8B,0x31,0xFF,0x6A,0x29,0xFF,0x49,0x29,0xFF,
0x49,0x29,0xFF,0x49,0x29,0xFF,0x72,0x63,0xFF,0xF6,0x63,0xFF,
0x94,0x12,0xFF,0x74,0x12,0xFF,0x74,0x12,0xFF,0x74,0x12,0xFF,
0x75,0x12,0xFF,0x75,0x12,0xFF,0x95,0x12,0xFF,0x95,0x12,0xFE,
0x75,0x12,0xFF,0x95,0x12,0xFF,0x95,0x12,0xFF,0x75,0x12,0xFF,
0x75,0x12,0xFF,0x75,0x12,0xFF,0x75,0x12,0xFF,0x75,0x12,0xFF,
0x75,0x12,0xFF,0x75,0x12,0xFF,0x75,0x12,0xFF,0x75,0x12,0xFF,
0x75,0x12,0xFF,0x95,0x12,0xFF,0xD6,0x1A,0xFF,0x58,0x1B,0xFE,
0xB8,0x23,0xFE,0xD6,0x3B,0xFC,0x71,0x4B,0xF5,0xCD,0x4A,0xED,
0x6A,0x4A,0xE7,0x49,0x4A,0xE3,0x49,0x4A,0xDF,0x49,0x4A,0xDC,
0x49,0x42,0xD6,0x29,0x42,0xD0,0x29,0x42,0xC9,0x29,0x42,0xC0,
0x28,0x42,0xB7,0x08,0x42,0xAD,0x08,0x42,0xA1,0x08,0x42,0x94,
0x08,0x42,0x88,0xE8,0x41,0x7C,0xE8,0x39,0x71,0xE7,0x39,0x65,
0xC7,0x39,0x5C,0xA7,0x31,0x55,0x86,0x31,0x4F,0x45,0x29,0x4D,
0x24,0x21,0x4D,0xE3,0x18,0x50,0xA3,0x10,0x56,0x82,0x10,0x5F,
0x61,0x08,0x6A,0x41,0x08,0x77,0x21,0x00,0x84,0x20,0x00,0x91,
0x00,0x00,0x9E,0x41,0x08,0xB0,0xE3,0x18,0xDF,0x82,0x10,0xFC,
0xE4,0x20,0xFF,0x28,0x42,0xFF,0x0C,0x63,0xFF,0xEB,0x5A,0xFF,
0xEB,0x5A,0xFF,0x6D,0x6B,0xFF,0xEB,0x5A,0xFF,0x0C,0x63,0xFF,
0x0C,0x63,0xFF,0x0C,0x63,0xFF,0x0C,0x63,0xFF,0xEC,0x62,0xFE,
0xEC,0x62,0xFF,0xEC,0x62,0xFF,0xEC,0x62,0xFF,0xEB,0x5A,0xFF,
0xEB,0x5A,0xFF,0xEB,0x5A,0xFF,0xEB,0x5A,0xFE,0xAB,0x5A,0xF7,
0xC7,0x39,0xD3,0xA2,0x10,0xA7,0x00,0x00,0x8E,0x00,0x00,0x7F,
0x00,0x00,0x6E,0x00,0x00,0x5D,0x00,0x00,0x4D,0x00,0x00,0x3E,
0x00,0x00,0x30,0x00,0x00,0x24,0x00,0x00,0x19,0x00,0x00,0x12,
0x00,0x00,0x0C,0x00,0x00,0x07,0x00,0x00,0x04,0x00,0x00,0x02,
0x00,0x00,0x01,0x00,0x00,0x00,0x00,0x00,0x00,0x00,0x00,0x00,
0x00,0x00,0x00,0x00,0x00,0x00,0x00,0x00,0x00,0x00,0x00,0x00,
0x00,0x00,0x00,0x00,0x00,0x00,0x00,0x00,0x00,0x00,0x00,0x00,
0x00,0x00,0x00,0x00,0x00,0x00,0x00,0x00,0x00,0x00,0x00,0x00,
0x00,0x00,0x00,0x00,0x00,0x00,0xC7,0x39,0x01,0x65,0x29,0x01,
0x29,0x3A,0x02,0xED,0x4A,0x03,0x83,0x10,0x19,0xD4,0x7C,0xBF,
0x35,0x5C,0xFF,0x8B,0x31,0xFF,0x6A,0x29,0xFF,0x49,0x29,0xFF,
0x49,0x29,0xFF,0x49,0x29,0xFF,0xD3,0x73,0xFF,0xB6,0x53,0xFF,
0x74,0x12,0xFF,0x74,0x12,0xFF,0x74,0x12,0xFF,0x74,0x12,0xFF,
0x74,0x12,0xFF,0x74,0x12,0xFF,0x74,0x12,0xFF,0x74,0x12,0xFE,
0x74,0x12,0xFF,0x74,0x12,0xFF,0x74,0x12,0xFF,0x74,0x12,0xFF,
0x74,0x12,0xFF,0x74,0x12,0xFF,0x74,0x12,0xFF,0x74,0x12,0xFF,
0x74,0x12,0xFF,0x74,0x12,0xFF,0x75,0x12,0xFF,0xB6,0x12,0xFF,
0x17,0x1B,0xFF,0x98,0x23,0xFF,0xF8,0x2B,0xFE,0xB4,0x43,0xF9,
0x0E,0x4B,0xF1,0x8B,0x4A,0xEA,0x49,0x4A,0xE5,0x49,0x4A,0xE2,
0x49,0x4A,0xDE,0x49,0x42,0xD9,0x49,0x42,0xD4,0x29,0x42,0xCE,
0x29,0x42,0xC6,0x29,0x42,0xBD,0x28,0x42,0xB3,0x28,0x42,0xA8,
0x08,0x42,0x9C,0x08,0x42,0x90,0x08,0x42,0x83,0x08,0x42,0x76,
0x08,0x42,0x6A,0xE8,0x39,0x5F,0xE8,0x39,0x55,0xC7,0x39,0x4D,
0xC7,0x39,0x45,0xA7,0x31,0x40,0x86,0x31,0x3C,0x45,0x29,0x3B,
0x04,0x21,0x3D,0xC3,0x18,0x41,0xA2,0x10,0x47,0x62,0x10,0x50,
0x41,0x08,0x5C,0x21,0x08,0x68,0x20,0x00,0x75,0x00,0x00,0x82,
0x00,0x00,0x90,0x00,0x00,0x9D,0x20,0x00,0xAA,0xA2,0x10,0xC7,
0xC3,0x18,0xEC,0x61,0x08,0xFD,0x45,0x29,0xFF,0x49,0x4A,0xFF,
0xEB,0x5A,0xFF,0x2C,0x63,0xFF,0x2C,0x63,0xFF,0x0C,0x63,0xFF,
0xEC,0x62,0xFF,0x0C,0x63,0xFF,0xEC,0x62,0xFF,0x0C,0x63,0xFE,
0xEC,0x62,0xFF,0x0C,0x63,0xFF,0x0C,0x63,0xFF,0xEB,0x5A,0xFF,
0xEB,0x5A,0xFE,0xCB,0x5A,0xFA,0x28,0x42,0xDF,0xC3,0x18,0xB4,
0x00,0x00,0x9A,0x00,0x00,0x8C,0x00,0x00,0x7E,0x00,0x00,0x70,
0x00,0x00,0x60,0x00,0x00,0x50,0x00,0x00,0x42,0x00,0x00,0x34,
0x00,0x00,0x28,0x00,0x00,0x1E,0x00,0x00,0x15,0x00,0x00,0x0E,
0x00,0x00,0x09,0x00,0x00,0x05,0x00,0x00,0x03,0x00,0x00,0x02,
0x00,0x00,0x00,0x00,0x00,0x00,0x00,0x00,0x00,0x00,0x00,0x00,
0x00,0x00,0x00,0x00,0x00,0x00,0x00,0x00,0x00,0x00,0x00,0x00,
0x00,0x00,0x00,0x00,0x00,0x00,0x00,0x00,0x00,0x00,0x00,0x00,
0x00,0x00,0x00,0x00,0x00,0x00,0x00,0x00,0x00,0x00,0x00,0x00,
0x00,0x00,0x00,0xE7,0x39,0x01,0xC7,0x39,0x02,0x86,0x31,0x02,
0x08,0x3A,0x04,0xAB,0x42,0x06,0xC3,0x18,0x19,0x52,0x74,0xB0,
0xB6,0x5C,0xFF,0x8B,0x31,0xFF,0x6A,0x29,0xFF,0x49,0x29,0xFF,
0x49,0x29,0xFF,0x69,0x29,0xFF,0x55,0x7C,0xFF,0x55,0x43,0xFF,
0x74,0x12,0xFF,0x74,0x12,0xFF,0x74,0x12,0xFF,0x74,0x12,0xFF,
0x74,0x12,0xFF,0x74,0x12,0xFF,0x74,0x12,0xFF,0x74,0x12,0xFE,
0x74,0x12,0xFF,0x74,0x12,0xFF,0x74,0x12,0xFF,0x74,0x12,0xFF,
0x74,0x12,0xFF,0x74,0x12,0xFF,0x74,0x12,0xFF,0x74,0x12,0xFF,
0x95,0x12,0xFF,0xD6,0x1A,0xFF,0x58,0x1B,0xFF,0xB8,0x23,0xFE,
0xD6,0x33,0xFC,0x71,0x4B,0xF6,0xCC,0x52,0xEC,0x49,0x4A,0xE6,
0x49,0x4A,0xE3,0x49,0x4A,0xE0,0x49,0x42,0xDC,0x49,0x42,0xD7,
0x29,0x42,0xD2,0x29,0x42,0xCB,0x29,0x42,0xC3,0x29,0x42,0xB9,
0x28,0x42,0xAF,0x08,0x42,0xA4,0x08,0x42,0x98,0x08,0x42,0x8C,
0x08,0x42,0x80,0x08,0x42,0x73,0x08,0x42,0x67,0xE8,0x39,0x5C,
0xE8,0x39,0x52,0xE8,0x41,0x48,0xE8,0x39,0x40,0xE7,0x39,0x39,
0xC7,0x39,0x34,0xA6,0x31,0x30,0x86,0x31,0x2E,0x45,0x29,0x2C,
0x04,0x21,0x2F,0xC3,0x18,0x33,0x82,0x10,0x3A,0x61,0x08,0x43,
0x41,0x08,0x4E,0x20,0x00,0x59,0x20,0x00,0x66,0x00,0x00,0x74,
0x00,0x00,0x80,0x00,0x00,0x8D,0x00,0x00,0x98,0x00,0x00,0xA1,
0x20,0x00,0xAC,0x82,0x10,0xC8,0xA2,0x10,0xEA,0x82,0x10,0xF9,
0x04,0x21,0xFE,0xC7,0x39,0xFF,0x69,0x4A,0xFF,0xEB,0x5A,0xFF,
0x0C,0x63,0xFF,0x2C,0x63,0xFF,0x0C,0x63,0xFF,0x0C,0x63,0xFE,
0xEB,0x5A,0xFF,0xEC,0x62,0xFE,0xCB,0x5A,0xFA,0x69,0x4A,0xEC,
0xA7,0x39,0xD0,0xC3,0x18,0xB3,0x20,0x00,0x9E,0x00,0x00,0x93,
0x00,0x00,0x88,0x00,0x00,0x7B,0x00,0x00,0x6E,0x00,0x00,0x60,
0x00,0x00,0x52,0x00,0x00,0x44,0x00,0x00,0x36,0x00,0x00,0x2B,
0x00,0x00,0x20,0x00,0x00,0x18,0x00,0x00,0x11,0x00,0x00,0x0B,
0x00,0x00,0x07,0x00,0x00,0x04,0x00,0x00,0x02,0x00,0x00,0x01,
0x00,0x00,0x00,0x00,0x00,0x00,0x00,0x00,0x00,0x00,0x00,0x00,
0x00,0x00,0x00,0x00,0x00,0x00,0x00,0x00,0x00,0x00,0x00,0x00,
0x00,0x00,0x00,0x00,0x00,0x00,0x00,0x00,0x00,0x00,0x00,0x00,
0x00,0x00,0x00,0x00,0x00,0x00,0x00,0x00,0x00,0x00,0x00,0x00,
0xE7,0x39,0x01,0xE7,0x39,0x02,0xC7,0x39,0x03,0xA6,0x31,0x05,
0xE7,0x39,0x07,0xE7,0x39,0x09,0x04,0x21,0x19,0x2D,0x5B,0x8F,
0x18,0x6D,0xFF,0xCC,0x31,0xFF,0x4A,0x29,0xFF,0x49,0x29,0xFF,
0x49,0x29,0xFF,0x8A,0x31,0xFF,0x76,0x7C,0xFF,0x15,0x33,0xFF,
0x54,0x12,0xFF,0x54,0x12,0xFF,0x54,0x12,0xFF,0x54,0x12,0xFF,
0x54,0x12,0xFF,0x54,0x12,0xFF,0x54,0x12,0xFF,0x54,0x12,0xFE,
0x54,0x12,0xFF,0x54,0x12,0xFF,0x54,0x12,0xFF,0x54,0x12,0xFF,
0x54,0x12,0xFF,0x74,0x12,0xFF,0xB6,0x1A,0xFF,0x17,0x1B,0xFF,
0x78,0x23,0xFE,0xD8,0x2B,0xFE,0xB4,0x43,0xFA,0x2F,0x4B,0xF1,
0x8A,0x4A,0xEA,0x49,0x42,0xE5,0x49,0x42,0xE2,0x49,0x42,0xDE,
0x49,0x42,0xDA,0x49,0x42,0xD5,0x29,0x42,0xCF,0x29,0x42,0xC7,
0x29,0x42,0xBF,0x28,0x42,0xB6,0x28,0x42,0xAB,0x08,0x42,0xA0,
0x08,0x42,0x94,0x08,0x42,0x87,0x08,0x42,0x7B,0x08,0x42,0x6F,
0x08,0x42,0x64,0xE8,0x41,0x5A,0xE8,0x41,0x4F,0xE8,0x41,0x46,
0xE8,0x41,0x3E,0xE8,0x39,0x36,0xE8,0x39,0x30,0xE7,0x39,0x2A,
0xE7,0x39,0x26,0xC7,0x39,0x23,0x86,0x31,0x21,0x45,0x21,0x22,
0xE4,0x18,0x24,0xA2,0x10,0x28,0x62,0x10,0x2E,0x41,0x08,0x36,
0x21,0x08,0x41,0x20,0x00,0x4C,0x00,0x00,0x58,0x00,0x00,0x65,
0x00,0x00,0x71,0x00,0x00,0x7D,0x00,0x00,0x88,0x00,0x00,0x91,
0x00,0x00,0x99,0x00,0x00,0xA0,0x20,0x00,0xA8,0x62,0x10,0xB7,
0xC3,0x18,0xCF,0xA3,0x18,0xE3,0x04,0x21,0xEC,0x04,0x21,0xF2,
0xA7,0x39,0xF7,0xC7,0x39,0xF7,0xE8,0x41,0xF3,0x49,0x4A,0xED,
0x49,0x4A,0xE5,0xC7,0x39,0xD2,0xE4,0x20,0xB7,0x21,0x08,0xA4,
0x00,0x00,0x9B,0x00,0x00,0x93,0x00,0x00,0x8B,0x00,0x00,0x81,
0x00,0x00,0x76,0x00,0x00,0x6A,0x00,0x00,0x5D,0x00,0x00,0x50,
0x00,0x00,0x44,0x00,0x00,0x37,0x00,0x00,0x2C,0x00,0x00,0x22,
0x00,0x00,0x19,0x00,0x00,0x13,0x00,0x00,0x0D,0x00,0x00,0x08,
0x00,0x00,0x05,0x00,0x00,0x03,0x00,0x00,0x02,0x00,0x00,0x00,
0x00,0x00,0x00,0x00,0x00,0x00,0x00,0x00,0x00,0x00,0x00,0x00,
0x00,0x00,0x00,0x00,0x00,0x00,0x00,0x00,0x00,0x00,0x00,0x00,
0x00,0x00,0x00,0x00,0x00,0x00,0x00,0x00,0x00,0x00,0x00,0x00,
0x00,0x00,0x00,0x00,0x00,0x00,0x00,0x00,0x00,0xE7,0x39,0x01,
0xE7,0x39,0x02,0xE7,0x39,0x03,0xE7,0x39,0x05,0xC7,0x39,0x07,
0xE7,0x39,0x0A,0xE7,0x39,0x0E,0x45,0x29,0x1B,0x29,0x42,0x70,
0x58,0x75,0xFC,0x4E,0x3A,0xFF,0x49,0x29,0xFF,0x49,0x29,0xFF,
0x49,0x29,0xFF,0xEB,0x39,0xFF,0x96,0x84,0xFF,0xD4,0x2A,0xFF,
0x54,0x12,0xFF,0x54,0x12,0xFF,0x54,0x12,0xFF,0x54,0x12,0xFF,
0x54,0x12,0xFF,0x54,0x12,0xFF,0x54,0x12,0xFF,0x54,0x12,0xFE,
0x54,0x12,0xFF,0x54,0x12,0xFF,0x54,0x12,0xFF,0x75,0x12,0xFF,
0xD6,0x1A,0xFF,0x58,0x1B,0xFF,0xD8,0x2B,0xFE,0xD5,0x3B,0xFC,
0x51,0x4B,0xF5,0xCC,0x4A,0xEE,0x69,0x4A,0xE7,0x49,0x42,0xE4,
0x49,0x42,0xE1,0x49,0x42,0xDD,0x49,0x42,0xD9,0x29,0x42,0xD3,
0x29,0x42,0xCC,0x29,0x42,0xC4,0x29,0x42,0xBB,0x28,0x42,0xB2,
0x28,0x42,0xA7,0x08,0x42,0x9C,0x08,0x42,0x90,0x08,0x42,0x84,
0x08,0x42,0x77,0x08,0x42,0x6B,0x08,0x42,0x61,0x08,0x42,0x56,
0x08,0x42,0x4C,0x08,0x42,0x43,0x08,0x42,0x3B,0xE8,0x39,0x34,
0xE8,0x39,0x2E,0xE8,0x41,0x29,0x08,0x42,0x23,0x08,0x42,0x1F,
0xE8,0x39,0x1B,0xA7,0x31,0x1A,0x45,0x29,0x18,0x04,0x21,0x19,
0xC3,0x18,0x1A,0x82,0x10,0x1E,0x41,0x08,0x24,0x21,0x08,0x2C,
0x20,0x00,0x35,0x00,0x00,0x3F,0x00,0x00,0x4B,0x00,0x00,0x56,
0x00,0x00,0x62,0x00,0x00,0x6D,0x00,0x00,0x77,0x00,0x00,0x80,
0x00,0x00,0x87,0x00,0x00,0x8E,0x00,0x00,0x93,0x00,0x00,0x98,
0x00,0x00,0x9B,0x00,0x00,0x9E,0x21,0x08,0xA3,0x41,0x08,0xA8,
0x82,0x10,0xAE,0x82,0x10,0xAE,0x61,0x08,0xA8,0x41,0x08,0xA2,
0x21,0x08,0x9D,0x00,0x00,0x97,0x00,0x00,0x93,0x00,0x00,0x8F,
0x00,0x00,0x88,0x00,0x00,0x80,0x00,0x00,0x78,0x00,0x00,0x6E,
0x00,0x00,0x64,0x00,0x00,0x59,0x00,0x00,0x4D,0x00,0x00,0x42,
0x00,0x00,0x37,0x00,0x00,0x2C,0x00,0x00,0x23,0x00,0x00,0x1A,
0x00,0x00,0x14,0x00,0x00,0x0E,0x00,0x00,0x0A,0x00,0x00,0x06,
0x00,0x00,0x03,0x00,0x00,0x02,0x00,0x00,0x01,0x00,0x00,0x00,
0x00,0x00,0x00,0x00,0x00,0x00,0x00,0x00,0x00,0x00,0x00,0x00,
0x00,0x00,0x00,0x00,0x00,0x00,0x00,0x00,0x00,0x00,0x00,0x00,
0x00,0x00,0x00,0x00,0x00,0x00,0x00,0x00,0x00,0x00,0x00,0x00,
0x00,0x00,0x00,0x00,0x00,0x00,0xE7,0x39,0x01,0xE7,0x39,0x01,
0xE7,0x39,0x02,0xE7,0x39,0x04,0xE7,0x39,0x07,0xE7,0x39,0x0B,
0xE7,0x39,0x0F,0xC7,0x39,0x15,0x86,0x31,0x20,0x65,0x29,0x56,
0x16,0x75,0xEA,0x31,0x43,0xFF,0x49,0x29,0xFF,0x49,0x29,0xFF,
0x49,0x29,0xFF,0x4D,0x42,0xFF,0x76,0x7C,0xFF,0xB4,0x22,0xFF,
0x54,0x12,0xFF,0x54,0x12,0xFF,0x54,0x12,0xFF,0x54,0x12,0xFF,
0x54,0x12,0xFF,0x54,0x12,0xFF,0x54,0x12,0xFF,0x54,0x12,0xFE,
0x74,0x12,0xFF,0x95,0x1A,0xFF,0x17,0x1B,0xFF,0x98,0x23,0xFF,
0xF7,0x33,0xFE,0x93,0x43,0xF9,0xED,0x4A,0xF1,0x6A,0x4A,0xEA,
0x29,0x42,0xE6,0x49,0x42,0xE3,0x49,0x42,0xDF,0x29,0x42,0xDB,
0x29,0x42,0xD7,0x29,0x42,0xD1,0x29,0x42,0xCA,0x29,0x42,0xC1,
0x29,0x42,0xB8,0x28,0x42,0xAE,0x08,0x42,0xA4,0x08,0x42,0x98,
0x08,0x42,0x8C,0x08,0x42,0x80,0x08,0x42,0x75,0x08,0x42,0x6A,
0x08,0x42,0x5F,0x08,0x42,0x54,0x08,0x42,0x4B,0x08,0x42,0x42,
0x08,0x42,0x3A,0xE8,0x39,0x34,0xE8,0x41,0x2D,0x08,0x42,0x28,
0x08,0x42,0x22,0x08,0x42,0x1D,0xE8,0x39,0x1A,0xC8,0x39,0x16,
0xA7,0x31,0x13,0x86,0x31,0x11,0x45,0x29,0x11,0x04,0x21,0x11,
0xA3,0x18,0x13,0x62,0x10,0x17,0x41,0x08,0x1C,0x20,0x00,0x23,
0x20,0x00,0x2B,0x00,0x00,0x34,0x00,0x00,0x3E,0x00,0x00,0x49,
0x00,0x00,0x53,0x00,0x00,0x5D,0x00,0x00,0x65,0x00,0x00,0x6D,
0x00,0x00,0x75,0x00,0x00,0x7B,0x00,0x00,0x80,0x00,0x00,0x84,
0x00,0x00,0x87,0x00,0x00,0x8A,0x00,0x00,0x8C,0x00,0x00,0x8D,
0x00,0x00,0x8D,0x00,0x00,0x8D,0x00,0x00,0x8C,0x00,0x00,0x8A,
0x00,0x00,0x87,0x00,0x00,0x84,0x00,0x00,0x80,0x00,0x00,0x7A,
0x00,0x00,0x74,0x00,0x00,0x6D,0x00,0x00,0x64,0x00,0x00,0x5C,
0x00,0x00,0x52,0x00,0x00,0x48,0x00,0x00,0x3E,0x00,0x00,0x35,
0x00,0x00,0x2B,0x00,0x00,0x22,0x00,0x00,0x1A,0x00,0x00,0x14,
0x00,0x00,0x0F,0x00,0x00,0x0A,0x00,0x00,0x07,0x00,0x00,0x04,
0x00,0x00,0x02,0x00,0x00,0x02,0x00,0x00,0x01,0x00,0x00,0x00,
0x00,0x00,0x00,0x00,0x00,0x00,0x00,0x00,0x00,0x00,0x00,0x00,
0x00,0x00,0x00,0x00,0x00,0x00,0x00,0x00,0x00,0x00,0x00,0x00,
0x00,0x00,0x00,0x00,0x00,0x00,0x00,0x00,0x00,0x00,0x00,0x00,
0x00,0x00,0x00,0x00,0x00,0x00,0xE7,0x39,0x01,0xE7,0x39,0x02,
0xE7,0x39,0x04,0xE7,0x39,0x07,0xE7,0x39,0x0A,0xE7,0x39,0x0F,
0xE7,0x39,0x14,0xC7,0x39,0x1C,0xC7,0x39,0x29,0x45,0x29,0x4D,
0x8F,0x63,0xC6,0x96,0x5C,0xFF,0xAB,0x31,0xFF,0x49,0x29,0xFF,
0x49,0x29,0xFF,0x10,0x5B,0xFF,0x36,0x6C,0xFF,0x74,0x1A,0xFF,
0x34,0x12,0xFF,0x34,0x12,0xFF,0x34,0x12,0xFF,0x54,0x12,0xFF,
0x54,0x12,0xFF,0x54,0x12,0xFF,0x74,0x12,0xFF,0xB6,0x1A,0xFE,
0x58,0x23,0xFF,0xF9,0x2B,0xFE,0xF6,0x3B,0xFC,0x50,0x4B,0xF5,
0x8B,0x4A,0xED,0x29,0x42,0xE8,0x29,0x42,0xE5,0x29,0x42,0xE2,
0x29,0x42,0xDE,0x29,0x42,0xDA,0x29,0x42,0xD4,0x29,0x42,0xCE,
0x29,0x42,0xC7,0x28,0x42,0xBF,0x28,0x42,0xB5,0x28,0x42,0xAA,
0x08,0x42,0x9F,0x08,0x42,0x94,0x08,0x42,0x88,0x08,0x42,0x7D,
0x08,0x42,0x71,0x08,0x42,0x66,0x08,0x42,0x5C,0x08,0x42,0x52,
0x08,0x42,0x49,0x08,0x42,0x41,0x08,0x42,0x3A,0xE8,0x39,0x33,
0x08,0x42,0x2C,0x08,0x42,0x26,0x28,0x42,0x21,0x08,0x42,0x1C,
0x08,0x3A,0x18,0xE8,0x39,0x14,0xC7,0x39,0x12,0xC7,0x39,0x0F,
0xC7,0x39,0x0C,0x86,0x31,0x0B,0x24,0x21,0x0B,0xC3,0x18,0x0C,
0x82,0x10,0x0E,0x41,0x08,0x11,0x21,0x08,0x16,0x20,0x00,0x1B,
0x00,0x00,0x22,0x00,0x00,0x2A,0x00,0x00,0x32,0x00,0x00,0x3B,
0x00,0x00,0x44,0x00,0x00,0x4C,0x00,0x00,0x54,0x00,0x00,0x5B,
0x00,0x00,0x62,0x00,0x00,0x67,0x00,0x00,0x6C,0x00,0x00,0x70,
0x00,0x00,0x73,0x00,0x00,0x76,0x00,0x00,0x77,0x00,0x00,0x78,
0x00,0x00,0x78,0x00,0x00,0x78,0x00,0x00,0x77,0x00,0x00,0x75,
0x00,0x00,0x73,0x00,0x00,0x6F,0x00,0x00,0x6B,0x00,0x00,0x66,
0x00,0x00,0x60,0x00,0x00,0x59,0x00,0x00,0x52,0x00,0x00,0x4A,
0x00,0x00,0x41,0x00,0x00,0x39,0x00,0x00,0x31,0x00,0x00,0x28,
0x00,0x00,0x21,0x00,0x00,0x19,0x00,0x00,0x14,0x00,0x00,0x0F,
0x00,0x00,0x0B,0x00,0x00,0x07,0x00,0x00,0x05,0x00,0x00,0x03,
0x00,0x00,0x02,0x00,0x00,0x01,0x00,0x00,0x00,0x00,0x00,0x00,
0x00,0x00,0x00,0x00,0x00,0x00,0x00,0x00,0x00,0x00,0x00,0x00,
0x00,0x00,0x00,0x00,0x00,0x00,0x00,0x00,0x00,0x00,0x00,0x00,
0x00,0x00,0x00,0x00,0x00,0x00,0x00,0x00,0x00,0x00,0x00,0x00,
0x00,0x00,0x00,0xE7,0x39,0x01,0xE7,0x39,0x01,0xE7,0x39,0x03,
0xE7,0x39,0x06,0xE7,0x39,0x0A,0xE7,0x39,0x0F,0xE7,0x39,0x15,
0xE7,0x39,0x1C,0xC7,0x39,0x25,0xC7,0x39,0x33,0x86,0x31,0x50,
0xA7,0x31,0x95,0xB5,0x6C,0xF6,0x72,0x43,0xFF,0x6A,0x29,0xFF,
0x6A,0x29,0xFF,0x14,0x74,0xFF,0xB5,0x53,0xFF,0x54,0x1A,0xFF,
0x34,0x12,0xFF,0x34,0x12,0xFF,0x54,0x12,0xFF,0x54,0x1A,0xFF,
0xB5,0x1A,0xFF,0x37,0x23,0xFF,0xB9,0x23,0xFE,0xF7,0x33,0xFD,
0x93,0x43,0xF9,0xCC,0x4A,0xF0,0x29,0x42,0xE9,0x08,0x42,0xE5,
0x29,0x42,0xE4,0x29,0x42,0xE1,0x29,0x42,0xDD,0x28,0x42,0xD8,
0x28,0x42,0xD3,0x28,0x42,0xCC,0x28,0x42,0xC3,0x28,0x42,0xBA,
0x28,0x42,0xB1,0x08,0x42,0xA6,0x08,0x42,0x9B,0x08,0x42,0x8F,
0x08,0x42,0x83,0x08,0x42,0x78,0x08,0x42,0x6D,0x08,0x42,0x63,
0x08,0x42,0x58,0x08,0x42,0x4F,0x08,0x42,0x47,0x08,0x42,0x3F,
0xE8,0x39,0x38,0xE8,0x39,0x32,0x08,0x42,0x2C,0x08,0x42,0x26,
0x28,0x42,0x20,0x08,0x42,0x1C,0xE8,0x39,0x18,0xE8,0x39,0x14,
0xE7,0x39,0x10,0xE7,0x39,0x0D,0xE7,0x39,0x0A,0xA7,0x31,0x09,
0xA6,0x31,0x07,0x66,0x29,0x06,0x24,0x21,0x06,0xA3,0x18,0x08,
0x62,0x10,0x09,0x41,0x08,0x0C,0x00,0x00,0x10,0x00,0x00,0x15,
0x00,0x00,0x1B,0x00,0x00,0x20,0x00,0x00,0x27,0x00,0x00,0x2E,
0x00,0x00,0x35,0x00,0x00,0x3C,0x00,0x00,0x43,0x00,0x00,0x49,
0x00,0x00,0x4F,0x00,0x00,0x54,0x00,0x00,0x58,0x00,0x00,0x5B,
0x00,0x00,0x5E,0x00,0x00,0x60,0x00,0x00,0x62,0x00,0x00,0x62,
0x00,0x00,0x63,0x00,0x00,0x62,0x00,0x00,0x61,0x00,0x00,0x5F,
0x00,0x00,0x5D,0x00,0x00,0x5A,0x00,0x00,0x55,0x00,0x00,0x51,
0x00,0x00,0x4C,0x00,0x00,0x46,0x00,0x00,0x40,0x00,0x00,0x39,
0x00,0x00,0x32,0x00,0x00,0x2B,0x00,0x00,0x24,0x00,0x00,0x1E,
0x00,0x00,0x17,0x00,0x00,0x12,0x00,0x00,0x0E,0x00,0x00,0x0A,
0x00,0x00,0x07,0x00,0x00,0x05,0x00,0x00,0x03,0x00,0x00,0x02,
0x00,0x00,0x01,0x00,0x00,0x00,0x00,0x00,0x00,0x00,0x00,0x00,
0x00,0x00,0x00,0x00,0x00,0x00,0x00,0x00,0x00,0x00,0x00,0x00,
0x00,0x00,0x00,0x00,0x00,0x00,0x00,0x00,0x00,0x00,0x00,0x00,
0x00,0x00,0x00,0x00,0x00,0x00,0x00,0x00,0x00,0x00,0x00,0x00,
0x00,0x00,0x00,0xE7,0x39,0x01,0xE7,0x39,0x02,0xE7,0x39,0x05,
0xE7,0x39,0x08,0xE7,0x39,0x0D,0xE7,0x39,0x13,0xE7,0x39,0x1A,
0xE7,0x39,0x24,0xE7,0x39,0x2F,0xE7,0x39,0x3F,0xC7,0x39,0x58,
0x86,0x31,0x82,0x6A,0x4A,0xC8,0xD6,0x64,0xFB,0xB3,0x43,0xFF,
0x10,0x4B,0xFF,0xB7,0x84,0xFF,0x35,0x3B,0xFF,0x75,0x1A,0xFF,
0x95,0x1A,0xFF,0xD6,0x1A,0xFF,0x37,0x23,0xFF,0xB9,0x2B,0xFF,
0xF8,0x33,0xFD,0xB4,0x43,0xFA,0xEE,0x4A,0xF3,0x4A,0x42,0xEB,
0x08,0x42,0xE6,0x08,0x42,0xE4,0x28,0x42,0xE2,0x28,0x42,0xDF,
0x28,0x42,0xDC,0x08,0x42,0xD7,0x08,0x42,0xD2,0x08,0x42,0xCA,
0x08,0x42,0xC2,0x08,0x42,0xB8,0x08,0x42,0xAD,0x08,0x42,0xA2,
0x08,0x42,0x97,0x08,0x42,0x8B,0x08,0x42,0x80,0x08,0x42,0x75,
0x08,0x42,0x6A,0x08,0x42,0x60,0x08,0x42,0x56,0x08,0x42,0x4D,
0x08,0x42,0x45,0xE8,0x39,0x3D,0xE8,0x39,0x37,0xE8,0x41,0x31,
0x08,0x42,0x2B,0x08,0x42,0x25,0x08,0x42,0x20,0x08,0x3A,0x1C,
0xE8,0x39,0x17,0xC7,0x39,0x13,0xE7,0x39,0x10,0xE7,0x39,0x0D,
0xE7,0x39,0x0A,0xE7,0x39,0x08,0xC7,0x39,0x06,0xC7,0x39,0x05,
0xA6,0x31,0x04,0x65,0x29,0x03,0x04,0x21,0x04,0xC3,0x18,0x05,
0x62,0x10,0x07,0x00,0x00,0x09,0x00,0x00,0x0C,0x00,0x00,0x0F,
0x00,0x00,0x14,0x00,0x00,0x18,0x00,0x00,0x1D,0x00,0x00,0x23,
0x00,0x00,0x29,0x00,0x00,0x2F,0x00,0x00,0x34,0x00,0x00,0x39,
0x00,0x00,0x3E,0x00,0x00,0x42,0x00,0x00,0x45,0x00,0x00,0x48,
0x00,0x00,0x4A,0x00,0x00,0x4C,0x00,0x00,0x4E,0x00,0x00,0x4E,
0x00,0x00,0x4F,0x00,0x00,0x4E,0x00,0x00,0x4D,0x00,0x00,0x4C,
0x00,0x00,0x49,0x00,0x00,0x46,0x00,0x00,0x43,0x00,0x00,0x3F,
0x00,0x00,0x3B,0x00,0x00,0x36,0x00,0x00,0x30,0x00,0x00,0x2B,
0x00,0x00,0x25,0x00,0x00,0x20,0x00,0x00,0x1A,0x00,0x00,0x15,
0x00,0x00,0x11,0x00,0x00,0x0D,0x00,0x00,0x09,0x00,0x00,0x07,
0x00,0x00,0x04,0x00,0x00,0x03,0x00,0x00,0x02,0x00,0x00,0x01,
0x00,0x00,0x00,0x00,0x00,0x00,0x00,0x00,0x00,0x00,0x00,0x00,
0x00,0x00,0x00,0x00,0x00,0x00,0x00,0x00,0x00,0x00,0x00,0x00,
0x00,0x00,0x00,0x00,0x00,0x00,0x00,0x00,0x00,0x00,0x00,0x00,
0x00,0x00,0x00,0x00,0x00,0x00,0x00,0x00,0x00,0x00,0x00,0x00,
0xE7,0x39,0x01,0xE7,0x39,0x02,0xE7,0x39,0x03,0xE7,0x39,0x06,
0xE7,0x39,0x0A,0xE7,0x39,0x10,0xE7,0x39,0x17,0xE7,0x39,0x20,
0xE7,0x39,0x2C,0xE7,0x39,0x39,0xE7,0x39,0x4B,0xE7,0x39,0x64,
0xC7,0x39,0x84,0x86,0x31,0xAB,0x6A,0x4A,0xD9,0x94,0x74,0xF8,
0xBA,0x95,0xFE,0x7B,0x85,0xFF,0x19,0x34,0xFF,0xD9,0x2B,0xFF,
0xF8,0x33,0xFE,0xD6,0x3B,0xFC,0x92,0x43,0xF9,0xEE,0x42,0xF3,
0x49,0x42,0xEC,0x08,0x42,0xE7,0x08,0x42,0xE3,0x08,0x42,0xE2,
0x08,0x42,0xE0,0x08,0x42,0xDD,0x08,0x42,0xDA,0x08,0x42,0xD5,
0x08,0x42,0xCF,0x08,0x42,0xC8,0x08,0x42,0xC0,0x08,0x42,0xB7,
0x08,0x42,0xAB,0x08,0x42,0xA0,0x08,0x42,0x94,0x08,0x42,0x88,
0x08,0x42,0x7D,0x08,0x42,0x71,0x08,0x42,0x67,0x08,0x42,0x5D,
0x08,0x42,0x53,0x08,0x42,0x4B,0x08,0x42,0x43,0xE8,0x39,0x3C,
0xE8,0x39,0x36,0x08,0x42,0x2F,0x08,0x42,0x2A,0x08,0x42,0x24,
0x08,0x42,0x20,0xE8,0x39,0x1B,0xE8,0x39,0x17,0xE7,0x39,0x13,
0xE7,0x39,0x0F,0xE7,0x39,0x0C,0xE7,0x39,0x0A,0xE7,0x39,0x08,
0xE7,0x39,0x06,0xE7,0x39,0x05,0xC7,0x39,0x04,0xC7,0x39,0x02,
0x86,0x31,0x02,0x45,0x29,0x02,0xE4,0x20,0x02,0xA2,0x10,0x03,
0x61,0x08,0x05,0x20,0x00,0x06,0x00,0x00,0x08,0x00,0x00,0x0A,
0x00,0x00,0x0E,0x00,0x00,0x12,0x00,0x00,0x16,0x00,0x00,0x1A,
0x00,0x00,0x1E,0x00,0x00,0x23,0x00,0x00,0x27,0x00,0x00,0x2B,
0x00,0x00,0x2F,0x00,0x00,0x32,0x00,0x00,0x35,0x00,0x00,0x37,
0x00,0x00,0x39,0x00,0x00,0x3A,0x00,0x00,0x3C,0x00,0x00,0x3C,
0x00,0x00,0x3C,0x00,0x00,0x3C,0x00,0x00,0x3B,0x00,0x00,0x3A,
0x00,0x00,0x38,0x00,0x00,0x36,0x00,0x00,0x33,0x00,0x00,0x2F,
0x00,0x00,0x2C,0x00,0x00,0x28,0x00,0x00,0x23,0x00,0x00,0x1F,
0x00,0x00,0x1A,0x00,0x00,0x16,0x00,0x00,0x13,0x00,0x00,0x0F,
0x00,0x00,0x0C,0x00,0x00,0x08,0x00,0x00,0x06,0x00,0x00,0x04,
0x00,0x00,0x03,0x00,0x00,0x02,0x00,0x00,0x01,0x00,0x00,0x00,
0x00,0x00,0x00,0x00,0x00,0x00,0x00,0x00,0x00,0x00,0x00,0x00,
0x00,0x00,0x00,0x00,0x00,0x00,0x00,0x00,0x00,0x00,0x00,0x00,
0x00,0x00,0x00,0x00,0x00,0x00,0x00,0x00,0x00,0x00,0x00,0x00,
0x00,0x00,0x00,0x00,0x00,0x00,0x00,0x00,0x00,0x00,0x00,0x00,
0xE7,0x39,0x01,0xE7,0x39,0x02,0xE7,0x39,0x04,0xE7,0x39,0x08,
0xE7,0x39,0x0D,0xE7,0x39,0x13,0xE7,0x39,0x1C,0xE7,0x39,0x27,
0xE7,0x39,0x33,0xE7,0x39,0x42,0xE7,0x39,0x56,0xE7,0x39,0x6E,
0xE7,0x39,0x8B,0xE7,0x39,0xA8,0xC7,0x39,0xC1,0xC7,0x39,0xD7,
0x6A,0x4A,0xE5,0xCC,0x4A,0xEB,0xAC,0x42,0xED,0xAC,0x42,0xEC,
0x4A,0x42,0xEA,0x08,0x42,0xE7,0xE8,0x39,0xE4,0xE7,0x41,0xE2,
0x08,0x42,0xE1,0x08,0x42,0xDF,0x08,0x42,0xDD,0x08,0x42,0xDA,
0x08,0x42,0xD7,0x08,0x42,0xD2,0x08,0x42,0xCD,0x08,0x42,0xC6,
0x08,0x42,0xBE,0x08,0x42,0xB4,0x08,0x42,0xAA,0x08,0x42,0x9E,
0x08,0x42,0x92,0x08,0x42,0x85,0x08,0x42,0x7A,0xE8,0x41,0x6F,
0xE8,0x41,0x65,0x08,0x42,0x5B,0x08,0x42,0x52,0xE8,0x41,0x49,
0xE8,0x41,0x42,0xE8,0x41,0x3B,0xE8,0x41,0x34,0x08,0x42,0x2F,
0x08,0x42,0x29,0x08,0x42,0x23,0x08,0x3A,0x1F,0xE8,0x39,0x1B,
0xC7,0x39,0x16,0xE7,0x39,0x12,0xE7,0x39,0x0F,0xE7,0x39,0x0C,
0xE7,0x39,0x0A,0xE7,0x39,0x08,0xE7,0x39,0x06,0xE7,0x39,0x05,
0xE7,0x39,0x03,0xE7,0x39,0x02,0xC7,0x39,0x02,0xC7,0x39,0x01,
0xA6,0x31,0x01,0x45,0x29,0x02,0xC3,0x18,0x01,0x61,0x08,0x02,
0x20,0x00,0x02,0x00,0x00,0x04,0x00,0x00,0x06,0x00,0x00,0x08,
0x00,0x00,0x0A,0x00,0x00,0x0D,0x00,0x00,0x10,0x00,0x00,0x12,
0x00,0x00,0x16,0x00,0x00,0x19,0x00,0x00,0x1C,0x00,0x00,0x1F,
0x00,0x00,0x22,0x00,0x00,0x25,0x00,0x00,0x27,0x00,0x00,0x28,
0x00,0x00,0x2A,0x00,0x00,0x2B,0x00,0x00,0x2C,0x00,0x00,0x2C,
0x00,0x00,0x2D,0x00,0x00,0x2C,0x00,0x00,0x2C,0x00,0x00,0x2A,
0x00,0x00,0x29,0x00,0x00,0x27,0x00,0x00,0x25,0x00,0x00,0x22,
0x00,0x00,0x1F,0x00,0x00,0x1C,0x00,0x00,0x19,0x00,0x00,0x16,
0x00,0x00,0x13,0x00,0x00,0x0F,0x00,0x00,0x0C,0x00,0x00,0x0A,
0x00,0x00,0x08,0x00,0x00,0x05,0x00,0x00,0x03,0x00,0x00,0x02,
0x00,0x00,0x02,0x00,0x00,0x01,0x00,0x00,0x00,0x00,0x00,0x00,
0x00,0x00,0x00,0x00,0x00,0x00,0x00,0x00,0x00,0x00,0x00,0x00,
0x00,0x00,0x00,0x00,0x00,0x00,0x00,0x00,0x00,0x00,0x00,0x00,
0x00,0x00,0x00,0x00,0x00,0x00,0x00,0x00,0x00,0x00,0x00,0x00,
0x00,0x00,0x00,0x00,0x00,0x00,0x00,0x00,0x00,0x00,0x00,0x00,
0xE7,0x39,0x01,0xE7,0x39,0x03,0xE7,0x39,0x06,0xE7,0x39,0x0A,
0xE7,0x39,0x10,0xE7,0x39,0x18,0xE7,0x39,0x21,0xE7,0x39,0x2D,
0xE7,0x39,0x3A,0xE7,0x39,0x4A,0xE7,0x39,0x5F,0xE7,0x39,0x77,
0xE7,0x39,0x91,0xE7,0x39,0xA9,0xE7,0x39,0xBE,0xE7,0x39,0xCC,
0xE7,0x39,0xD4,0xE7,0x39,0xD9,0xE7,0x39,0xDC,0xE7,0x39,0xDD,
0xE8,0x41,0xDD,0xE8,0x41,0xDD,0xE8,0x41,0xDC,0xE8,0x41,0xDA,
0x08,0x42,0xD8,0x08,0x42,0xD6,0x08,0x42,0xD3,0x08,0x42,0xCE,
0x08,0x42,0xC9,0x08,0x42,0xC3,0x08,0x42,0xBB,0x08,0x42,0xB1,
0x08,0x42,0xA7,0x08,0x42,0x9C,0x08,0x42,0x8F,0x08,0x42,0x84,
0x08,0x42,0x78,0xE8,0x41,0x6E,0x08,0x42,0x62,0x08,0x42,0x58,
0x08,0x42,0x50,0xE8,0x41,0x47,0xE8,0x41,0x41,0xE8,0x41,0x3A,
0x08,0x42,0x33,0x08,0x42,0x2D,0x08,0x42,0x28,0x08,0x3A,0x23,
0xE8,0x39,0x1E,0xE7,0x39,0x1A,0xE7,0x39,0x16,0xE7,0x39,0x12,
0xE7,0x39,0x0E,0xE7,0x39,0x0B,0xC7,0x39,0x0A,0xE7,0x39,0x07,
0xE7,0x39,0x06,0xE7,0x39,0x04,0xE7,0x39,0x03,0xE7,0x39,0x02,
0xE7,0x39,0x01,0xE7,0x39,0x01,0xE7,0x39,0x01,0xE7,0x39,0x01,
0xC7,0x39,0x01,0x45,0x29,0x01,0x20,0x00,0x01,0x00,0x00,0x01,
0x00,0x00,0x01,0x00,0x00,0x02,0x00,0x00,0x03,0x00,0x00,0x05,
0x00,0x00,0x06,0x00,0x00,0x08,0x00,0x00,0x0A,0x00,0x00,0x0C,
0x00,0x00,0x0F,0x00,0x00,0x11,0x00,0x00,0x14,0x00,0x00,0x16,
0x00,0x00,0x18,0x00,0x00,0x19,0x00,0x00,0x1B,0x00,0x00,0x1C,
0x00,0x00,0x1D,0x00,0x00,0x1E,0x00,0x00,0x1F,0x00,0x00,0x1F,
0x00,0x00,0x1F,0x00,0x00,0x1F,0x00,0x00,0x1E,0x00,0x00,0x1D,
0x00,0x00,0x1C,0x00,0x00,0x1B,0x00,0x00,0x1A,0x00,0x00,0x17,
0x00,0x00,0x15,0x00,0x00,0x13,0x00,0x00,0x11,0x00,0x00,0x0E,
0x00,0x00,0x0C,0x00,0x00,0x09,0x00,0x00,0x08,0x00,0x00,0x06,
0x00,0x00,0x04,0x00,0x00,0x03,0x00,0x00,0x02,0x00,0x00,0x01,
0x00,0x00,0x01,0x00,0x00,0x00,0x00,0x00,0x00,0x00,0x00,0x00,
0x00,0x00,0x00,0x00,0x00,0x00,0x00,0x00,0x00,0x00,0x00,0x00,
0x00,0x00,0x00,0x00,0x00,0x00,0x00,0x00,0x00,0x00,0x00,0x00,
0x00,0x00,0x00,0x00,0x00,0x00,0x00,0x00,0x00,0x00,0x00,0x00,
0x00,0x00,0x00,0x00,0x00,0x00,0x00,0x00,0x00,0x00,0x00,0x00,
0xE7,0x39,0x01,0xE7,0x39,0x03,0xE7,0x39,0x07,0xE7,0x39,0x0B,
0xE7,0x39,0x12,0xE7,0x39,0x1B,0xE7,0x39,0x26,0xE7,0x39,0x33,
0xE7,0x39,0x41,0xE7,0x39,0x51,0xE7,0x39,0x66,0xE7,0x39,0x7B,
0xE7,0x39,0x93,0xE7,0x39,0xA8,0xE8,0x41,0xBA,0xE8,0x41,0xC6,
0xE8,0x41,0xCD,0xE8,0x41,0xD1,0xE8,0x41,0xD3,0xE8,0x39,0xD5,
0xE8,0x41,0xD5,0xE8,0x41,0xD4,0xE8,0x41,0xD2,0xE8,0x41,0xCF,
0xE8,0x41,0xCC,0xE8,0x41,0xC7,0xE8,0x41,0xC2,0xE8,0x39,0xBC,
0x08,0x42,0xB5,0x08,0x42,0xAD,0xE8,0x41,0xA3,0xE8,0x41,0x98,
0xE8,0x41,0x8D,0xE8,0x41,0x82,0xE8,0x41,0x76,0xE8,0x39,0x6B,
0xE8,0x39,0x60,0xE8,0x41,0x57,0xE8,0x41,0x4E,0xE8,0x41,0x46,
0x08,0x42,0x3F,0x08,0x42,0x38,0x08,0x42,0x32,0x08,0x42,0x2C,
0x08,0x3A,0x26,0xE8,0x39,0x22,0xE8,0x39,0x1D,0xE7,0x39,0x19,
0xE7,0x39,0x14,0xE7,0x39,0x11,0xE7,0x39,0x0E,0xE7,0x39,0x0C,
0xE7,0x39,0x09,0xE7,0x39,0x07,0xE7,0x39,0x06,0xE7,0x39,0x04,
0xE7,0x39,0x03,0xE7,0x39,0x02,0xE7,0x39,0x01,0xE7,0x39,0x01,
0xE7,0x39,0x01,0x00,0x00,0x00,0x00,0x00,0x00,0x00,0x00,0x00,
0x00,0x00,0x00,0x00,0x00,0x00,0x00,0x00,0x00,0x00,0x00,0x00,
0x00,0x00,0x00,0x00,0x00,0x01,0x00,0x00,0x01,0x00,0x00,0x02,
0x00,0x00,0x04,0x00,0x00,0x05,0x00,0x00,0x06,0x00,0x00,0x08,
0x00,0x00,0x0A,0x00,0x00,0x0B,0x00,0x00,0x0D,0x00,0x00,0x0E,
0x00,0x00,0x10,0x00,0x00,0x11,0x00,0x00,0x12,0x00,0x00,0x13,
0x00,0x00,0x14,0x00,0x00,0x14,0x00,0x00,0x15,0x00,0x00,0x15,
0x00,0x00,0x15,0x00,0x00,0x15,0x00,0x00,0x14,0x00,0x00,0x14,
0x00,0x00,0x13,0x00,0x00,0x12,0x00,0x00,0x11,0x00,0x00,0x0F,
0x00,0x00,0x0E,0x00,0x00,0x0C,0x00,0x00,0x0A,0x00,0x00,0x09,
0x00,0x00,0x07,0x00,0x00,0x06,0x00,0x00,0x04,0x00,0x00,0x03,
0x00,0x00,0x02,0x00,0x00,0x01,0x00,0x00,0x01,0x00,0x00,0x00,
0x00,0x00,0x00,0x00,0x00,0x00,0x00,0x00,0x00,0x00,0x00,0x00,
0x00,0x00,0x00,0x00,0x00,0x00,0x00,0x00,0x00,0x00,0x00,0x00,
0x00,0x00,0x00,0x00,0x00,0x00,0x00,0x00,0x00,0x00,0x00,0x00,
0x00,0x00,0x00,0x00,0x00,0x00,0x00,0x00,0x00,0x00,0x00,0x00,
0x00,0x00,0x00,0x00,0x00,0x00,0x00,0x00,0x00,0x00,0x00,0x00,
0xE7,0x39,0x02,0xE7,0x39,0x04,0xE7,0x39,0x08,0xE7,0x39,0x0D,
0xE7,0x39,0x14,0xE7,0x39,0x1E,0xE7,0x39,0x2A,0xE7,0x39,0x38,
0xE7,0x39,0x46,0xE7,0x39,0x56,0xE7,0x39,0x69,0xE7,0x39,0x7D,
0xE7,0x39,0x91,0xE8,0x41,0xA3,0xE8,0x41,0xB2,0xE8,0x41,0xBD,
0xE8,0x41,0xC3,0xE8,0x41,0xC7,0xE8,0x41,0xC9,0xE8,0x41,0xCA,
0xE8,0x41,0xC9,0xE8,0x41,0xC7,0xE8,0x41,0xC4,0xE8,0x41,0xC0,
0x08,0x42,0xBB,0x08,0x42,0xB5,0xE8,0x41,0xAE,0xE8,0x41,0xA6,
0xE8,0x41,0x9E,0xE8,0x41,0x94,0xE8,0x41,0x89,0xE8,0x41,0x7F,
0xE8,0x41,0x75,0xE8,0x41,0x6B,0xE8,0x41,0x60,0xE8,0x41,0x57,
0x08,0x42,0x4E,0x08,0x42,0x45,0x08,0x42,0x3F,0x08,0x42,0x38,
0x08,0x3A,0x32,0x08,0x3A,0x2B,0xE8,0x39,0x25,0xE8,0x39,0x21,
0xE7,0x39,0x1C,0xE7,0x39,0x18,0xE7,0x39,0x14,0xE7,0x39,0x11,
0xE7,0x39,0x0D,0xE7,0x39,0x0B,0xE7,0x39,0x09,0xE7,0x39,0x07,
0xE7,0x39,0x05,0xE7,0x39,0x04,0xE7,0x39,0x03,0xE7,0x39,0x02,
0xE7,0x39,0x01,0xE7,0x39,0x01,0x00,0x00,0x00,0x00,0x00,0x00,
0x00,0x00,0x00,0x00,0x00,0x00,0x00,0x00,0x00,0x00,0x00,0x00,
0x00,0x00,0x00,0x00,0x00,0x00,0x00,0x00,0x00,0x00,0x00,0x00,
0x00,0x00,0x00,0x00,0x00,0x00,0x00,0x00,0x01,0x00,0x00,0x01,
0x00,0x00,0x02,0x00,0x00,0x03,0x00,0x00,0x04,0x00,0x00,0x05,
0x00,0x00,0x06,0x00,0x00,0x07,0x00,0x00,0x08,0x00,0x00,0x09,
0x00,0x00,0x0A,0x00,0x00,0x0B,0x00,0x00,0x0B,0x00,0x00,0x0C,
0x00,0x00,0x0C,0x00,0x00,0x0D,0x00,0x00,0x0D,0x00,0x00,0x0D,
0x00,0x00,0x0E,0x00,0x00,0x0E,0x00,0x00,0x0D,0x00,0x00,0x0C,
0x00,0x00,0x0C,0x00,0x00,0x0B,0x00,0x00,0x0A,0x00,0x00,0x09,
0x00,0x00,0x08,0x00,0x00,0x07,0x00,0x00,0x06,0x00,0x00,0x05,
0x00,0x00,0x04,0x00,0x00,0x03,0x00,0x00,0x02,0x00,0x00,0x02,
0x00,0x00,0x01,0x00,0x00,0x01,0x00,0x00,0x00,0x00,0x00,0x00,
0x00,0x00,0x00,0x00,0x00,0x00,0x00,0x00,0x00,0x00,0x00,0x00,
0x00,0x00,0x00,0x00,0x00,0x00,0x00,0x00,0x00,0x00,0x00,0x00,
0x00,0x00,0x00,0x00,0x00,0x00,0x00,0x00,0x00,0x00,0x00,0x00,
0x00,0x00,0x00,0x00,0x00,0x00,0x00,0x00,0x00,0x00,0x00,0x00,
0x00,0x00,0x00,0x00,0x00,0x00,0x00,0x00,0x00,0xC7,0x39,0x01,
0xE7,0x39,0x02,0xE7,0x39,0x04,0xE7,0x39,0x08,0xE7,0x39,0x0E,
0xE7,0x39,0x16,0xE7,0x39,0x21,0xE7,0x39,0x2D,0xE7,0x39,0x3B,
0xE7,0x39,0x49,0xE7,0x39,0x59,0xE7,0x39,0x6A,0xE7,0x39,0x7C,
0xE7,0x39,0x8C,0xE8,0x41,0x9B,0xE8,0x41,0xA7,0xE8,0x41,0xB0,
0xE8,0x41,0xB6,0xE8,0x41,0xB9,0xE8,0x41,0xBA,0xE8,0x41,0xBA,
0xE8,0x41,0xB8,0xE8,0x41,0xB6,0xE8,0x41,0xB1,0xE8,0x41,0xAC,
0xE8,0x41,0xA6,0xE8,0x41,0x9F,0x08,0x42,0x97,0x08,0x42,0x8E,
0x08,0x42,0x86,0xE8,0x41,0x7D,0xE8,0x41,0x73,0xE8,0x41,0x6A,
0xE8,0x41,0x60,0xE8,0x41,0x57,0x08,0x3A,0x4D,0x08,0x3A,0x45,
0xE8,0x39,0x3E,0xE8,0x39,0x37,0xE8,0x39,0x31,0xE8,0x39,0x2B,
0xE8,0x39,0x25,0xE7,0x39,0x20,0xE7,0x39,0x1B,0xE7,0x39,0x17,
0xE7,0x39,0x13,0xE7,0x39,0x10,0xE7,0x39,0x0D,0xE7,0x39,0x0B,
0xE7,0x39,0x09,0xE7,0x39,0x07,0xE7,0x39,0x05,0xE7,0x39,0x04,
0xE7,0x39,0x03,0xE7,0x39,0x02,0xE7,0x39,0x01,0xE7,0x39,0x01,
0xE7,0x39,0x01,0x00,0x00,0x00,0x00,0x00,0x00,0x00,0x00,0x00,
0x00,0x00,0x00,0x00,0x00,0x00,0x00,0x00,0x00,0x00,0x00,0x00,
0x00,0x00,0x00,0x00,0x00,0x00,0x00,0x00,0x00,0x00,0x00,0x00,
0x00,0x00,0x00,0x00,0x00,0x00,0x00,0x00,0x00,0x00,0x00,0x01,
0x00,0x00,0x01,0x00,0x00,0x01,0x00,0x00,0x01,0x00,0x00,0x02,
0x00,0x00,0x03,0x00,0x00,0x04,0x00,0x00,0x04,0x00,0x00,0x05,
0x00,0x00,0x06,0x00,0x00,0x06,0x00,0x00,0x07,0x00,0x00,0x07,
0x00,0x00,0x07,0x00,0x00,0x07,0x00,0x00,0x08,0x00,0x00,0x08,
0x00,0x00,0x08,0x00,0x00,0x08,0x00,0x00,0x08,0x00,0x00,0x07,
0x00,0x00,0x07,0x00,0x00,0x07,0x00,0x00,0x06,0x00,0x00,0x05,
0x00,0x00,0x05,0x00,0x00,0x04,0x00,0x00,0x03,0x00,0x00,0x03,
0x00,0x00,0x02,0x00,0x00,0x01,0x00,0x00,0x01,0x00,0x00,0x01,
0x00,0x00,0x00,0x00,0x00,0x00,0x00,0x00,0x00,0x00,0x00,0x00,
0x00,0x00,0x00,0x00,0x00,0x00,0x00,0x00,0x00,0x00,0x00,0x00,
0x00,0x00,0x00,0x00,0x00,0x00,0x00,0x00,0x00,0x00,0x00,0x00,
0x00,0x00,0x00,0x00,0x00,0x00,0x00,0x00,0x00,0x00,0x00,0x00,
0x00,0x00,0x00,0x00,0x00,0x00,0x00,0x00,0x00,0x00,0x00,0x00,
0x00,0x00,0x00,0x00,0x00,0x00,0x00,0x00,0x00,0xC7,0x39,0x01,
0xE7,0x39,0x02,0xE7,0x39,0x05,0xE7,0x39,0x09,0xE7,0x39,0x0F,
0xE7,0x39,0x18,0xE7,0x39,0x22,0xE7,0x39,0x2F,0xE7,0x39,0x3D,
0xE7,0x39,0x4B,0xE7,0x39,0x59,0xE7,0x39,0x69,0xE7,0x39,0x77,
0xE7,0x39,0x86,0xE8,0x41,0x91,0xE8,0x41,0x9A,0xE8,0x41,0xA1,
0xE8,0x41,0xA5,0xE8,0x41,0xA7,0xE8,0x41,0xA8,0xE8,0x41,0xA6,
0xE8,0x41,0xA4,0xE7,0x39,0xA1,0xE8,0x41,0x9C,0xE8,0x41,0x96,
0xE7,0x39,0x8F,0xE7,0x39,0x88,0xE7,0x39,0x80,0xE8,0x39,0x78,
0xE7,0x39,0x70,0xE7,0x39,0x67,0xE7,0x39,0x5E,0xE8,0x39,0x56,
0xE8,0x39,0x4D,0xE7,0x39,0x45,0xE7,0x39,0x3E,0xE7,0x39,0x36,
0xE7,0x39,0x30,0xE7,0x39,0x29,0xE7,0x39,0x24,0xE7,0x39,0x1F,
0xE7,0x39,0x1A,0xE7,0x39,0x16,0xE7,0x39,0x13,0xE7,0x39,0x0F,
0xE7,0x39,0x0D,0xE7,0x39,0x0A,0xE7,0x39,0x08,0xE7,0x39,0x06,
0xE7,0x39,0x05,0xE7,0x39,0x04,0xE7,0x39,0x02,0xE7,0x39,0x02,
0xE7,0x39,0x01,0xE7,0x39,0x01,0xE7,0x39,0x01,0x00,0x00,0x00,
0x00,0x00,0x00,0x00,0x00,0x00,0x00,0x00,0x00,0x00,0x00,0x00,
0x00,0x00,0x00,0x00,0x00,0x00,0x00,0x00,0x00,0x00,0x00,0x00,
0x00,0x00,0x00,0x00,0x00,0x00,0x00,0x00,0x00,0x00,0x00,0x00,
0x00,0x00,0x00,0x00,0x00,0x00,0x00,0x00,0x00,0x00,0x00,0x00,
0x00,0x00,0x00,0x00,0x00,0x00,0x00,0x00,0x01,0x00,0x00,0x01,
0x00,0x00,0x01,0x00,0x00,0x02,0x00,0x00,0x02,0x00,0x00,0x02,
0x00,0x00,0x03,0x00,0x00,0x03,0x00,0x00,0x04,0x00,0x00,0x04,
0x00,0x00,0x04,0x00,0x00,0x04,0x00,0x00,0x04,0x00,0x00,0x04,
0x00,0x00,0x04,0x00,0x00,0x04,0x00,0x00,0x04,0x00,0x00,0x04,
0x00,0x00,0x04,0x00,0x00,0x03,0x00,0x00,0x03,0x00,0x00,0x02,
0x00,0x00,0x02,0x00,0x00,0x02,0x00,0x00,0x01,0x00,0x00,0x01,
0x00,0x00,0x01,0x00,0x00,0x00,0x00,0x00,0x00,0x00,0x00,0x00,
0x00,0x00,0x00,0x00,0x00,0x00,0x00,0x00,0x00,0x00,0x00,0x00,
0x00,0x00,0x00,0x00,0x00,0x00,0x00,0x00,0x00,0x00,0x00,0x00,
0x00,0x00,0x00,0x00,0x00,0x00,0x00,0x00,0x00,0x00,0x00,0x00,
0x00,0x00,0x00,0x00,0x00,0x00,0x00,0x00,0x00,0x00,0x00,0x00,
0x00,0x00,0x00,0x00,0x00,0x00,0x00,0x00,0x00,0x00,0x00,0x00,
0x00,0x00,0x00,0x00,0x00,0x00,0x00,0x00,0x00,0xC7,0x39,0x01,
0xE7,0x39,0x02,0xE7,0x39,0x05,0xE7,0x39,0x09,0xE7,0x39,0x0F,
0xE7,0x39,0x18,0xE7,0x39,0x22,0xE7,0x39,0x2F,0xE8,0x41,0x3C,
0xE7,0x39,0x4A,0xE7,0x39,0x58,0xE7,0x39,0x66,0xE7,0x39,0x72,
0xE7,0x39,0x7D,0xE8,0x41,0x86,0xE8,0x41,0x8C,0xE8,0x41,0x91,
0xE8,0x41,0x94,0xE8,0x41,0x94,0xE8,0x41,0x94,0xE8,0x41,0x92,
0xE8,0x41,0x8F,0xE7,0x39,0x8B,0xE7,0x39,0x85,0xE7,0x39,0x80,
0xE7,0x39,0x79,0xE7,0x39,0x72,0xE7,0x39,0x6B,0xE7,0x39,0x63,
0xE7,0x39,0x5B,0xE7,0x39,0x53,0xE7,0x39,0x4B,0xE7,0x39,0x44,
0xE7,0x39,0x3D,0xE7,0x39,0x36,0xE7,0x39,0x2F,0xE7,0x39,0x29,
0xE7,0x39,0x24,0xE7,0x39,0x1E,0xE7,0x39,0x1A,0xE7,0x39,0x16,
0xE7,0x39,0x12,0xE7,0x39,0x0F,0xE7,0x39,0x0C,0xE7,0x39,0x0A,
0xE7,0x39,0x08,0xE7,0x39,0x06,0xE7,0x39,0x05,0xE7,0x39,0x03,
0xE7,0x39,0x02,0xE7,0x39,0x02,0xE7,0x39,0x01,0xE7,0x39,0x01,
0xE7,0x39,0x01,0x00,0x00,0x00,0x00,0x00,0x00,0x00,0x00,0x00,
0x00,0x00,0x00,0x00,0x00,0x00,0x00,0x00,0x00,0x00,0x00,0x00,
0x00,0x00,0x00,0x00,0x00,0x00,0x00,0x00,0x00,0x00,0x00,0x00,
0x00,0x00,0x00,0x00,0x00,0x00,0x00,0x00,0x00,0x00,0x00,0x00,
0x00,0x00,0x00,0x00,0x00,0x00,0x00,0x00,0x00,0x00,0x00,0x00,
0x00,0x00,0x00,0x00,0x00,0x00,0x00,0x00,0x01,0x00,0x00,0x00,
0x00,0x00,0x01,0x00,0x00,0x01,0x00,0x00,0x01,0x00,0x00,0x01,
0x00,0x00,0x01,0x00,0x00,0x01,0x00,0x00,0x01,0x00,0x00,0x02,
0x00,0x00,0x02,0x00,0x00,0x02,0x00,0x00,0x02,0x00,0x00,0x02,
0x00,0x00,0x02,0x00,0x00,0x02,0x00,0x00,0x02,0x00,0x00,0x02,
0x00,0x00,0x01,0x00,0x00,0x01,0x00,0x00,0x01,0x00,0x00,0x01,
0x00,0x00,0x01,0x00,0x00,0x01,0x00,0x00,0x00,0x00,0x00,0x00,
0x00,0x00,0x00,0x00,0x00,0x00,0x00,0x00,0x00,0x00,0x00,0x00,
0x00,0x00,0x00,0x00,0x00,0x00,0x00,0x00,0x00,0x00,0x00,0x00,
0x00,0x00,0x00,0x00,0x00,0x00,0x00,0x00,0x00,0x00,0x00,0x00,
0x00,0x00,0x00,0x00,0x00,0x00,0x00,0x00,0x00,0x00,0x00,0x00,
0x00,0x00,0x00,0x00,0x00,0x00,0x00,0x00,0x00,0x00,0x00,0x00,
0x00,0x00,0x00,0x00,0x00,0x00,0x00,0x00,0x00,0x00,0x00,0x00,
0x00,0x00,0x00,0x00,0x00,0x00,0x00,0x00,0x00,0xC7,0x39,0x01,
0xE7,0x39,0x02,0xE7,0x39,0x05,0xC7,0x39,0x09,0xE7,0x39,0x0F,
0xE7,0x39,0x17,0xE7,0x39,0x21,0xE7,0x39,0x2D,0xE7,0x39,0x3B,
0xE7,0x39,0x47,0xE7,0x39,0x55,0xE7,0x39,0x61,0xE7,0x39,0x6B,
0xE7,0x39,0x73,0xE8,0x41,0x7A,0xE8,0x41,0x7E,0xE8,0x41,0x81,
0xE8,0x41,0x82,0xE8,0x41,0x82,0xE7,0x39,0x81,0xE7,0x39,0x7F,
0xE7,0x39,0x7B,0xE7,0x39,0x76,0xE7,0x39,0x71,0xE7,0x39,0x6B,
0xE7,0x39,0x65,0xE7,0x39,0x5E,0xE7,0x39,0x57,0xE7,0x39,0x51,
0xE7,0x39,0x4A,0xE7,0x39,0x43,0xE7,0x39,0x3C,0xE7,0x39,0x36,
0xE7,0x39,0x30,0xE7,0x39,0x29,0xE7,0x39,0x23,0xE7,0x39,0x1E,
0xE7,0x39,0x1A,0xE7,0x39,0x15,0xE7,0x39,0x12,0xE7,0x39,0x0F,
0xE7,0x39,0x0C,0xE7,0x39,0x0A,0xE7,0x39,0x08,0xE7,0x39,0x06,
0xE7,0x39,0x05,0xE7,0x39,0x04,0xE7,0x39,0x02,0xE7,0x39,0x02,
0xE7,0x39,0x01,0x00,0x00,0x00,0x00,0x00,0x00,0x00,0x00,0x00,
0x00,0x00,0x00,0x00,0x00,0x00,0x00,0x00,0x00,0x00,0x00,0x00,
0x00,0x00,0x00,0x00,0x00,0x00,0x00,0x00,0x00,0x00,0x00,0x00,
0x00,0x00,0x00,0x00,0x00,0x00,0x00,0x00,0x00,0x00,0x00,0x00,
0x00,0x00,0x00,0x00,0x00,0x00,0x00,0x00,0x00,0x00,0x00,0x00,
0x00,0x00,0x00,0x00,0x00,0x00,0x00,0x00,0x00,0x00,0x00,0x00,
0x00,0x00,0x00,0x00,0x00,0x00,0x00,0x00,0x00,0x00,0x00,0x00,
0x00,0x00,0x00,0x00,0x00,0x00,0x00,0x00,0x00,0x00,0x00,0x00,
0x00,0x00,0x00,0x00,0x00,0x00,0x00,0x00,0x00,0x00,0x00,0x00,
0x00,0x00,0x00,0x00,0x00,0x00,0x00,0x00,0x00,0x00,0x00,0x00,
0x00,0x00,0x00,0x00,0x00,0x00,0x00,0x00,0x00,0x00,0x00,0x00,
0x00,0x00,0x00,0x00,0x00,0x00,0x00,0x00,0x00,0x00,0x00,0x00,
0x00,0x00,0x00,0x00,0x00,0x00,0x00,0x00,0x00,0x00,0x00,0x00,
0x00,0x00,0x00,0x00,0x00,0x00,0x00,0x00,0x00,0x00,0x00,0x00,
0x00,0x00,0x00,0x00,0x00,0x00,0x00,0x00,0x00,0x00,0x00,0x00,
0x00,0x00,0x00,0x00,0x00,0x00,0x00,0x00,0x00,0x00,0x00,0x00,
0x00,0x00,0x00,0x00,0x00,0x00,0x00,0x00,0x00,0x00,0x00,0x00,
0x00,0x00,0x00,0x00,0x00,0x00,0x00,0x00,0x00,0x00,0x00,0x00,
0x00,0x00,0x00,0x00,0x00,0x00,0x00,0x00,0x00,0x00,0x00,0x00,
0x00,0x00,0x00,0x00,0x00,0x00,0x00,0x00,0x00,0xC7,0x39,0x01,
0xE7,0x39,0x02,0xE7,0x39,0x05,0xE7,0x39,0x09,0xE7,0x39,0x0E,
0xE7,0x39,0x16,0xE7,0x39,0x1F,0xE7,0x39,0x2A,0xE7,0x39,0x37,
0xE7,0x39,0x43,0xE7,0x39,0x4F,0xE7,0x39,0x5A,0xE7,0x39,0x62,
0xE7,0x39,0x69,0xE7,0x39,0x6F,0xE7,0x39,0x71,0xE7,0x39,0x73,
0xE7,0x39,0x73,0xE7,0x39,0x72,0xE7,0x39,0x70,0xE7,0x39,0x6D,
0xE7,0x39,0x69,0xE7,0x39,0x64,0xE7,0x39,0x60,0xE7,0x39,0x5A,
0xE7,0x39,0x54,0xE7,0x39,0x4E,0xE7,0x39,0x48,0xE7,0x39,0x41,
0xE7,0x39,0x3C,0xE7,0x39,0x35,0xE7,0x39,0x2F,0xE7,0x39,0x29,
0xE7,0x39,0x24,0xE7,0x39,0x1E,0xE7,0x39,0x19,0xE7,0x39,0x15,
0xE7,0x39,0x12,0xE7,0x39,0x0F,0xE7,0x39,0x0C,0xE7,0x39,0x09,
0xE7,0x39,0x07,0xE7,0x39,0x06,0xE7,0x39,0x04,0xE7,0x39,0x03,
0xE7,0x39,0x02,0xE7,0x39,0x01,0xE7,0x39,0x01,0xE7,0x39,0x01,
0x00,0x00,0x00,0x00,0x00,0x00,0x00,0x00,0x00,0x00,0x00,0x00,
0x00,0x00,0x00,0x00,0x00,0x00,0x00,0x00,0x00,0x00,0x00,0x00,
0x00,0x00,0x00,0x00,0x00,0x00,0x00,0x00,0x00,0x00,0x00,0x00,
0x00,0x00,0x00,0x00,0x00,0x00,0x00,0x00,0x00,0x00,0x00,0x00,
0x00,0x00,0x00,0x00,0x00,0x00,0x00,0x00,0x00,0x00,0x00,0x00,
0x00,0x00,0x00,0x00,0x00,0x00,0x00,0x00,0x00,0x00,0x00,0x00,
0x00,0x00,0x00,0x00,0x00,0x00,0x00,0x00,0x00,0x00,0x00,0x00,
0x00,0x00,0x00,0x00,0x00,0x00,0x00,0x00,0x00,0x00,0x00,0x00,
0x00,0x00,0x00,0x00,0x00,0x00,0x00,0x00,0x00,0x00,0x00,0x00,
0x00,0x00,0x00,0x00,0x00,0x00,0x00,0x00,0x00,0x00,0x00,0x00,
0x00,0x00,0x00,0x00,0x00,0x00,0x00,0x00,0x00,0x00,0x00,0x00,
0x00,0x00,0x00,0x00,0x00,0x00,0x00,0x00,0x00,0x00,0x00,0x00,
0x00,0x00,0x00,0x00,0x00,0x00,0x00,0x00,0x00,0x00,0x00,0x00,
0x00,0x00,0x00,0x00,0x00,0x00,0x00,0x00,0x00,0x00,0x00,0x00,
0x00,0x00,0x00,0x00,0x00,0x00,0x00,0x00,0x00,0x00,0x00,0x00,
0x00,0x00,0x00,0x00,0x00,0x00,0x00,0x00,0x00,0x00,0x00,0x00,
0x00,0x00,0x00,0x00,0x00,0x00,0x00,0x00,0x00,0x00,0x00,0x00,
0x00,0x00,0x00,0x00,0x00,0x00,0x00,0x00,0x00,0x00,0x00,0x00,
0x00,0x00,0x00,0x00,0x00,0x00,0x00,0x00,0x00,0x00,0x00,0x00,
0x00,0x00,0x00,0x00,0x00,0x00,0x00,0x00,0x00,0x00,0x00,0x00,
0xE7,0x39,0x02,0xE7,0x39,0x04,0xE7,0x39,0x08,0xE7,0x39,0x0D,
0xE7,0x39,0x14,0xE7,0x39,0x1D,0xE7,0x39,0x26,0xE7,0x39,0x32,
0xE7,0x39,0x3C,0xE8,0x41,0x47,0xE8,0x41,0x50,0xE7,0x39,0x59,
0xE7,0x39,0x5F,0xE7,0x39,0x63,0xE7,0x39,0x65,0xE7,0x39,0x65,
0xE7,0x39,0x65,0xE7,0x39,0x63,0xE8,0x41,0x60,0xE7,0x39,0x5D,
0xE7,0x39,0x59,0xE7,0x39,0x55,0xE7,0x39,0x4F,0xE7,0x39,0x4B,
0xE7,0x39,0x46,0xE7,0x39,0x40,0xE7,0x39,0x3A,0xE7,0x39,0x34,
0xE7,0x39,0x2F,0xE7,0x39,0x29,0xE7,0x39,0x24,0xE7,0x39,0x1F,
0xE7,0x39,0x1A,0xE7,0x39,0x16,0xE7,0x39,0x12,0xE7,0x39,0x0E,
0xE7,0x39,0x0C,0xE7,0x39,0x0A,0xE7,0x39,0x07,0xE7,0x39,0x05,
0xE7,0x39,0x04,0xE7,0x39,0x03,0xE7,0x39,0x02,0xE7,0x39,0x01,
0xE7,0x39,0x01,0xE7,0x39,0x01,0x00,0x00,0x00,0x00,0x00,0x00,
0x00,0x00,0x00,0x00,0x00,0x00,0x00,0x00,0x00,0x00,0x00,0x00,
0x00,0x00,0x00,0x00,0x00,0x00,0x00,0x00,0x00,0x00,0x00,0x00,
0x00,0x00,0x00,0x00,0x00,0x00,0x00,0x00,0x00,0x00,0x00,0x00,
0x00,0x00,0x00,0x00,0x00,0x00,0x00,0x00,0x00,0x00,0x00,0x00,
0x00,0x00,0x00,0x00,0x00,0x00,0x00,0x00,0x00,0x00,0x00,0x00,
0x00,0x00,0x00,0x00,0x00,0x00,0x00,0x00,0x00,0x00,0x00,0x00,
0x00,0x00,0x00,0x00,0x00,0x00,0x00,0x00,0x00,0x00,0x00,0x00,
0x00,0x00,0x00,0x00,0x00,0x00,0x00,0x00,0x00,0x00,0x00,0x00,
0x00,0x00,0x00,0x00,0x00,0x00,0x00,0x00,0x00,0x00,0x00,0x00,
0x00,0x00,0x00,0x00,0x00,0x00,0x00,0x00,0x00,0x00,0x00,0x00,
0x00,0x00,0x00,0x00,0x00,0x00,0x00,0x00,0x00,0x00,0x00,0x00,
0x00,0x00,0x00,0x00,0x00,0x00,0x00,0x00,0x00,0x00,0x00,0x00,
0x00,0x00,0x00,0x00,0x00,0x00,0x00,0x00,0x00,0x00,0x00,0x00,
0x00,0x00,0x00,0x00,0x00,0x00,0x00,0x00,0x00,0x00,0x00,0x00,
0x00,0x00,0x00,0x00,0x00,0x00,0x00,0x00,0x00,0x00,0x00,0x00,
0x00,0x00,0x00,0x00,0x00,0x00,0x00,0x00,0x00,0x00,0x00,0x00,
0x00,0x00,0x00,0x00,0x00,0x00,0x00,0x00,0x00,0x00,0x00,0x00,
0x00,0x00,0x00,0x00,0x00,0x00,0x00,0x00,0x00,0x00,0x00,0x00,
0x00,0x00,0x00,0x00,0x00,0x00,0x00,0x00,0x00,0x00,0x00,0x00,
0x00,0x00,0x00,0x00,0x00,0x00,0x00,0x00,0x00,0x00,0x00,0x00,
0xE7,0x39,0x02,0xE7,0x39,0x04,0xE7,0x39,0x07,0xE7,0x39,0x0B,
0xE7,0x39,0x12,0xE7,0x39,0x19,0xE7,0x39,0x22,0xE7,0x39,0x2C,
0xE8,0x41,0x35,0xE7,0x39,0x3E,0xE7,0x39,0x47,0xE7,0x39,0x4D,
0xE7,0x39,0x52,0xE7,0x39,0x55,0xE7,0x39,0x57,0xE7,0x39,0x58,
0xE7,0x39,0x57,0xE7,0x39,0x55,0xE7,0x39,0x52,0xE7,0x39,0x4F,
0xE7,0x39,0x4A,0xE7,0x39,0x46,0xE7,0x39,0x41,0xE7,0x39,0x3C,
0xE7,0x39,0x37,0xE7,0x39,0x32,0xE8,0x41,0x2D,0xE7,0x39,0x28,
0xE7,0x39,0x23,0xE7,0x39,0x1F,0xE7,0x39,0x1A,0xE7,0x39,0x16,
0xE7,0x39,0x12,0xE7,0x39,0x0F,0xE7,0x39,0x0C,0xC7,0x39,0x09,
0xE7,0x39,0x07,0xE7,0x39,0x06,0xE7,0x39,0x04,0xE7,0x39,0x03,
0xE7,0x39,0x02,0xE7,0x39,0x01,0xE7,0x39,0x01,0xE7,0x39,0x01,
0x00,0x00,0x00,0x00,0x00,0x00,0x00,0x00,0x00,0x00,0x00,0x00,
0x00,0x00,0x00,0x00,0x00,0x00,0x00,0x00,0x00,0x00,0x00,0x00,
0x00,0x00,0x00,0x00,0x00,0x00,0x00,0x00,0x00,0x00,0x00,0x00,
0x00,0x00,0x00,0x00,0x00,0x00,0x00,0x00,0x00,0x00,0x00,0x00,
0x00,0x00,0x00,0x00,0x00,0x00,0x00,0x00,0x00,0x00,0x00,0x00,
0x00,0x00,0x00,0x00,0x00,0x00,0x00,0x00,0x00,0x00,0x00,0x00,
0x00,0x00,0x00,0x00,0x00,0x00,0x00,0x00,0x00,0x00,0x00,0x00,
0x00,0x00,0x00,0x00,0x00,0x00,0x00,0x00,0x00,0x00,0x00,0x00,
0x00,0x00,0x00,0x00,0x00,0x00,0x00,0x00,0x00,0x00,0x00,0x00,
0x00,0x00,0x00,0x00,0x00,0x00,0x00,0x00,0x00,0x00,0x00,0x00,
0x00,0x00,0x00,0x00,0x00,0x00,0x00,0x00,0x00,0x00,0x00,0x00,
0x00,0x00,0x00,0x00,0x00,0x00,0x00,0x00,0x00,0x00,0x00,0x00,
0x00,0x00,0x00,0x00,0x00,0x00,0x00,0x00,0x00,0x00,0x00,0x00,
0x00,0x00,0x00,0x00,0x00,0x00,0x00,0x00,0x00,0x00,0x00,0x00,
0x00,0x00,0x00,0x00,0x00,0x00,0x00,0x00,0x00,0x00,0x00,0x00,
0x00,0x00,0x00,0x00,0x00,0x00,0x00,0x00,0x00,0x00,0x00,0x00,
0x00,0x00,0x00,0x00,0x00,0x00,0x00,0x00,0x00,0x00,0x00,0x00,
0x00,0x00,0x00,0x00,0x00,0x00,0x00,0x00,0x00,0x00,0x00,0x00,
0x00,0x00,0x00,0x00,0x00,0x00,0x00,0x00,0x00,0x00,0x00,0x00,
0x00,0x00,0x00,0x00,0x00,0x00,0x00,0x00,0x00,0x00,0x00,0x00,
0x00,0x00,0x00,0x00,0x00,0x00,0x00,0x00,0x00,0x00,0x00,0x00,
0xE7,0x39,0x01,0xE7,0x39,0x03,0xE7,0x39,0x06,0xE7,0x39,0x09,
0xE7,0x39,0x0F,0xE7,0x39,0x15,0xE7,0x39,0x1D,0xE7,0x39,0x25,
0xE7,0x39,0x2C,0xE7,0x39,0x35,0xE7,0x39,0x3B,0xE7,0x39,0x41,
0xE7,0x39,0x45,0xE7,0x39,0x47,0xE7,0x39,0x48,0xE7,0x39,0x48,
0xE7,0x39,0x47,0xE7,0x39,0x45,0xE7,0x39,0x43,0xE8,0x41,0x3F,
0xE7,0x39,0x3B,0xE7,0x39,0x37,0xE7,0x39,0x33,0xE7,0x39,0x2F,
0xE7,0x39,0x2A,0xE7,0x39,0x26,0xE7,0x39,0x21,0xE7,0x39,0x1D,
0xE7,0x39,0x19,0xE7,0x39,0x15,0xE7,0x39,0x12,0xE7,0x39,0x0F,
0xE7,0x39,0x0C,0xE7,0x39,0x09,0xE7,0x39,0x07,0xE7,0x39,0x06,
0xE7,0x39,0x04,0xE7,0x39,0x03,0xE7,0x39,0x02,0xE7,0x39,0x01,
0xE7,0x39,0x01,0xE7,0x39,0x01,0x00,0x00,0x00,0x00,0x00,0x00,
0x00,0x00,0x00,0x00,0x00,0x00,0x00,0x00,0x00,0x00,0x00,0x00,
0x00,0x00,0x00,0x00,0x00,0x00,0x00,0x00,0x00,0x00,0x00,0x00,
0x00,0x00,0x00,0x00,0x00,0x00,0x00,0x00,0x00,0x00,0x00,0x00,
0x00,0x00,0x00,0x00,0x00,0x00,0x00,0x00,0x00,0x00,0x00,0x00,
0x00,0x00,0x00,0x00,0x00,0x00,0x00,0x00,0x00,0x00,0x00,0x00,
0x00,0x00,0x00,0x00,0x00,0x00,0x00,0x00,0x00,0x00,0x00,0x00,
0x00,0x00,0x00,0x00,0x00,0x00,0x00,0x00,0x00,0x00,0x00,0x00,
0x00,0x00,0x00,0x00,0x00,0x00,0x00,0x00,0x00,0x00,0x00,0x00,
0x00,0x00,0x00,0x00,0x00,0x00,0x00,0x00,0x00,0x00,0x00,0x00,
0x00,0x00,0x00,0x00,0x00,0x00,0x00,0x00,0x00,0x00,0x00,0x00,
0x00,0x00,0x00,0x00,0x00,0x00,0x00,0x00,0x00,0x00,0x00,0x00,
0x00,0x00,0x00,0x00,0x00,0x00,0x00,0x00,0x00,0x00,0x00,0x00,
0x00,0x00,0x00,0x00,0x00,0x00,0x00,0x00,0x00,0x00,0x00,0x00,
0x00,0x00,0x00,0x00,0x00,0x00,0x00,0x00,0x00,0x00,0x00,0x00,
0x00,0x00,0x00,0x00,0x00,0x00,0x00,0x00,0x00,0x00,0x00,0x00,
0x00,0x00,0x00,0x00,0x00,0x00,0x00,0x00,0x00,0x00,0x00,0x00,
0x00,0x00,0x00,0x00,0x00,0x00,0x00,0x00,0x00,0x00,0x00,0x00,
0x00,0x00,0x00,0x00,0x00,0x00,0x00,0x00,0x00,0x00,0x00,0x00,
0x00,0x00,0x00,0x00,0x00,0x00,0x00,0x00,0x00,0x00,0x00,0x00,
0x00,0x00,0x00,0x00,0x00,0x00,0x00,0x00,0x00,0x00,0x00,0x00,
0x00,0x00,0x00,0x00,0x00,0x00,0x00,0x00,0x00,0x00,0x00,0x00,
0xE7,0x39,0x01,0xE7,0x39,0x02,0xE7,0x39,0x04,0xE7,0x39,0x07,
0xE7,0x39,0x0C,0xE7,0x39,0x11,0xE7,0x39,0x17,0xE7,0x39,0x1E,
0xE7,0x39,0x25,0xE7,0x39,0x2B,0xE7,0x39,0x30,0xE7,0x39,0x35,
0xE7,0x39,0x38,0xE7,0x39,0x3A,0xE7,0x39,0x3A,0xE7,0x39,0x3B,
0xE7,0x39,0x3A,0xE7,0x39,0x37,0xE7,0x39,0x35,0xE7,0x39,0x32,
0xE7,0x39,0x2E,0xE7,0x39,0x2B,0xE7,0x39,0x27,0xE7,0x39,0x23,
0xE7,0x39,0x20,0xE7,0x39,0x1C,0xE7,0x39,0x18,0xE7,0x39,0x15,
0xE7,0x39,0x12,0xE7,0x39,0x0F,0xE7,0x39,0x0C,0xE7,0x39,0x09,
0xE7,0x39,0x08,0xE7,0x39,0x05,0xE7,0x39,0x04,0xE7,0x39,0x03,
0xE7,0x39,0x02,0xE7,0x39,0x01,0xE7,0x39,0x01,0x00,0x00,0x00,
0x00,0x00,0x00,0x00,0x00,0x00,0x00,0x00,0x00,0x00,0x00,0x00,
0x00,0x00,0x00,0x00,0x00,0x00,0x00,0x00,0x00,0x00,0x00,0x00,
0x00,0x00,0x00,0x00,0x00,0x00,0x00,0x00,0x00,0x00,0x00,0x00,
0x00,0x00,0x00,0x00,0x00,0x00,0x00,0x00,0x00,0x00,0x00,0x00,
0x00,0x00,0x00,0x00,0x00,0x00,0x00,0x00,0x00,0x00,0x00,0x00,
0x00,0x00,0x00,0x00,0x00,0x00,0x00,0x00,0x00,0x00,0x00,0x00,
0x00,0x00,0x00,0x00,0x00,0x00,0x00,0x00,0x00,0x00,0x00,0x00,
0x00,0x00,0x00,0x00,0x00,0x00,0x00,0x00,0x00,0x00,0x00,0x00,
0x00,0x00,0x00,0x00,0x00,0x00,0x00,0x00,0x00,0x00,0x00,0x00,
0x00,0x00,0x00,0x00,0x00,0x00,0x00,0x00,0x00,0x00,0x00,0x00,
0x00,0x00,0x00,0x00,0x00,0x00,0x00,0x00,0x00,0x00,0x00,0x00,
0x00,0x00,0x00,0x00,0x00,0x00,0x00,0x00,0x00,0x00,0x00,0x00,
0x00,0x00,0x00,0x00,0x00,0x00,0x00,0x00,0x00,0x00,0x00,0x00,
0x00,0x00,0x00,0x00,0x00,0x00,0x00,0x00,0x00,0x00,0x00,0x00,
0x00,0x00,0x00,0x00,0x00,0x00,0x00,0x00,0x00,0x00,0x00,0x00,
0x00,0x00,0x00,0x00,0x00,0x00,0x00,0x00,0x00,0x00,0x00,0x00,
0x00,0x00,0x00,0x00,0x00,0x00,0x00,0x00,0x00,0x00,0x00,0x00,
0x00,0x00,0x00,0x00,0x00,0x00,0x00,0x00,0x00,0x00,0x00,0x00,
0x00,0x00,0x00,0x00,0x00,0x00,0x00,0x00,0x00,0x00,0x00,0x00,
0x00,0x00,0x00,0x00,0x00,0x00,0x00,0x00,0x00,0x00,0x00,0x00,
0x00,0x00,0x00,0x00,0x00,0x00,0x00,0x00,0x00,0x00,0x00,0x00,
0x00,0x00,0x00,0x00,0x00,0x00,0x00,0x00,0x00,0x00,0x00,0x00,
0xE7,0x39,0x01,0xE7,0x39,0x02,0xE7,0x39,0x03,0xE7,0x39,0x06,
0xE7,0x39,0x09,0xC7,0x39,0x0D,0xE7,0x39,0x11,0xE7,0x39,0x17,
0xE7,0x39,0x1C,0xE7,0x39,0x21,0xE7,0x39,0x25,0xE7,0x39,0x29,
0xE7,0x39,0x2B,0xE7,0x39,0x2D,0xE7,0x39,0x2D,0xE7,0x39,0x2D,
0xE7,0x39,0x2C,0xE7,0x39,0x2B,0xE7,0x39,0x28,0xE7,0x39,0x26,
0xE7,0x39,0x22,0xE7,0x39,0x20,0xE7,0x39,0x1C,0xE7,0x39,0x19,
0xE7,0x39,0x16,0xE7,0x39,0x13,0xE7,0x39,0x10,0xE7,0x39,0x0E,
0xE7,0x39,0x0B,0xC7,0x39,0x0A,0xE7,0x39,0x07,0xE7,0x39,0x06,
0xE7,0x39,0x04,0xE7,0x39,0x03,0xE7,0x39,0x02,0xE7,0x39,0x01,
0xE7,0x39,0x01,0xE7,0x39,0x01,0x00,0x00,0x00,0x00,0x00,0x00,
0x00,0x00,0x00,0x00,0x00,0x00,0x00,0x00,0x00,0x00,0x00,0x00,
0x00,0x00,0x00,0x00,0x00,0x00,0x00,0x00,0x00,0x00,0x00,0x00,
0x00,0x00,0x00,0x00,0x00,0x00,0x00,0x00,0x00,0x00,0x00,0x00,
0x00,0x00,0x00,0x00,0x00,0x00,0x00,0x00,0x00,0x00,0x00,0x00,
0x00,0x00,0x00,0x00,0x00,0x00,0x00,0x00,0x00,0x00,0x00,0x00,
0x00,0x00,0x00,0x00,0x00,0x00,0x00,0x00,0x00,0x00,0x00,0x00,
0x00,0x00,0x00,0x00,0x00,0x00,0x00,0x00,0x00,0x00,0x00,0x00,
0x00,0x00,0x00,0x00,0x00,0x00,0x00,0x00,0x00,0x00,0x00,0x00,
0x00,0x00,0x00,0x00,0x00,0x00,0x00,0x00,0x00,0x00,0x00,0x00,
0x00,0x00,0x00,0x00,0x00,0x00,0x00,0x00,0x00,0x00,0x00,0x00,
0x00,0x00,0x00,0x00,0x00,0x00,0x00,0x00,0x00,0x00,0x00,0x00,
0x00,0x00,0x00,0x00,0x00,0x00,0x00,0x00,0x00,0x00,0x00,0x00,
0x00,0x00,0x00,0x00,0x00,0x00,0x00,0x00,0x00,0x00,0x00,0x00,
0x00,0x00,0x00,0x00,0x00,0x00,0x00,0x00,0x00,0x00,0x00,0x00,
0x00,0x00,0x00,0x00,0x00,0x00,0x00,0x00,0x00,0x00,0x00,0x00,
0x00,0x00,0x00,0x00,0x00,0x00,0x00,0x00,0x00,0x00,0x00,0x00,
0x00,0x00,0x00,0x00,0x00,0x00,0x00,0x00,0x00,0x00,0x00,0x00,
0x00,0x00,0x00,0x00,0x00,0x00,0x00,0x00,0x00,0x00,0x00,0x00,
0x00,0x00,0x00,0x00,0x00,0x00,0x00,0x00,0x00,0x00,0x00,0x00,
0x00,0x00,0x00,0x00,0x00,0x00,0x00,0x00,0x00,0x00,0x00,0x00,
0x00,0x00,0x00,0x00,0x00,0x00,0x00,0x00,0x00,0x00,0x00,0x00,
0x00,0x00,0x00,0x00,0x00,0x00,0x00,0x00,0x00,0x00,0x00,0x00,
0xE7,0x39,0x01,0xE7,0x39,0x01,0xE7,0x39,0x02,0xE7,0x39,0x04,
0xE7,0x39,0x07,0xE7,0x39,0x09,0xE7,0x39,0x0D,0xE7,0x39,0x11,
0xE7,0x39,0x15,0xE7,0x39,0x19,0xE7,0x39,0x1C,0xE7,0x39,0x1F,
0xE7,0x39,0x20,0xE7,0x39,0x22,0xE7,0x39,0x22,0xE7,0x39,0x22,
0xE7,0x39,0x21,0xE7,0x39,0x20,0xE7,0x39,0x1E,0xE7,0x39,0x1B,
0xE7,0x39,0x19,0xE7,0x39,0x17,0xE7,0x39,0x14,0xE7,0x39,0x12,
0xE7,0x39,0x0F,0xE7,0x39,0x0D,0xE7,0x39,0x0B,0xE7,0x39,0x09,
0xE7,0x39,0x07,0xE7,0x39,0x06,0xE7,0x39,0x04,0xE7,0x39,0x03,
0xE7,0x39,0x02,0xE7,0x39,0x02,0xE7,0x39,0x01,0xE7,0x39,0x01,
0x00,0x00,0x00,0x00,0x00,0x00,0x00,0x00,0x00,0x00,0x00,0x00,
0x00,0x00,0x00,0x00,0x00,0x00,0x00,0x00,0x00,0x00,0x00,0x00,
0x00,0x00,0x00,0x00,0x00,0x00,0x00,0x00,0x00,0x00,0x00,0x00,
0x00,0x00,0x00,0x00,0x00,0x00,0x00,0x00,0x00,0x00,0x00,0x00,
0x00,0x00,0x00,0x00,0x00,0x00,0x00,0x00,0x00,0x00,0x00,0x00,
0x00,0x00,0x00,0x00,0x00,0x00,0x00,0x00,0x00,0x00,0x00,0x00,
0x00,0x00,0x00,0x00,0x00,0x00,0x00,0x00,0x00,0x00,0x00,0x00,
0x00,0x00,0x00,0x00,0x00,0x00,0x00,0x00,0x00,0x00,0x00,0x00,
0x00,0x00,0x00,0x00,0x00,0x00,0x00,0x00,0x00,0x00,0x00,0x00,
0x00,0x00,0x00,0x00,0x00,0x00,0x00,0x00,0x00,0x00,0x00,0x00,
0x00,0x00,0x00,0x00,0x00,0x00,0x00,0x00,0x00,0x00,0x00,0x00,
0x00,0x00,0x00,0x00,0x00,0x00,0x00,0x00,0x00,0x00,0x00,0x00,
0x00,0x00,0x00,0x00,0x00,0x00,0x00,0x00,0x00,0x00,0x00,0x00,
0x00,0x00,0x00,0x00,0x00,0x00,0x00,0x00,0x00,0x00,0x00,0x00,
0x00,0x00,0x00,0x00,0x00,0x00,0x00,0x00,0x00,0x00,0x00,0x00,
0x00,0x00,0x00,0x00,0x00,0x00,0x00,0x00,0x00,0x00,0x00,0x00,
0x00,0x00,0x00,0x00,0x00,0x00,0x00,0x00,0x00,0x00,0x00,0x00,
0x00,0x00,0x00,0x00,0x00,0x00,0x00,0x00,0x00,0x00,0x00,0x00,
0x00,0x00,0x00,0x00,0x00,0x00,0x00,0x00,0x00,0x00,0x00,0x00,
0x00,0x00,0x00,0x00,0x00,0x00,0x00,0x00,0x00,0x00,0x00,0x00,
0x00,0x00,0x00,0x00,0x00,0x00,0x00,0x00,0x00,0x00,0x00,0x00,
0x00,0x00,0x00,0x00,0x00,0x00,0x00,0x00,0x00,0x00,0x00,0x00,
0x00,0x00,0x00,0x00,0x00,0x00,0x00,0x00,0x00,0x00,0x00,0x00,
0x00,0x00,0x00,0xC7,0x39,0x01,0xE7,0x39,0x01,0xE7,0x39,0x02,
0xE7,0x39,0x05,0xC7,0x39,0x07,0xC7,0x39,0x09,0xE7,0x39,0x0B,
0xE7,0x39,0x0E,0xE7,0x39,0x11,0xE7,0x39,0x14,0xE7,0x39,0x15,
0xE7,0x39,0x17,0xE7,0x39,0x18,0xE7,0x39,0x18,0xE7,0x39,0x17,
0xE7,0x39,0x17,0xE7,0x39,0x15,0xE8,0x41,0x14,0xE7,0x39,0x12,
0xE7,0x39,0x10,0xE7,0x39,0x0F,0xE7,0x39,0x0D,0xE7,0x39,0x0B,
0xE7,0x39,0x09,0xE7,0x39,0x08,0xE7,0x39,0x07,0xE7,0x39,0x05,
0xE7,0x39,0x04,0xE7,0x39,0x03,0xE7,0x39,0x02,0xE7,0x39,0x01,
0xE7,0x39,0x01,0xE7,0x39,0x01,0x00,0x00,0x00,0x00,0x00,0x00,
0x00,0x00,0x00,0x00,0x00,0x00,0x00,0x00,0x00,0x00,0x00,0x00,
0x00,0x00,0x00,0x00,0x00,0x00,0x00,0x00,0x00,0x00,0x00,0x00,
0x00,0x00,0x00,0x00,0x00,0x00,0x00,0x00,0x00,0x00,0x00,0x00,
0x00,0x00,0x00,0x00,0x00,0x00,0x00,0x00,0x00,0x00,0x00,0x00,
0x00,0x00,0x00,0x00,0x00,0x00,0x00,0x00,0x00,0x00,0x00,0x00,
0x00,0x00,0x00,0x00,0x00,0x00,0x00,0x00,0x00,0x00,0x00,0x00,
0x00,0x00,0x00,0x00,0x00,0x00,0x00,0x00,0x00,0x00,0x00,0x00,
0x00,0x00,0x00,0x00,0x00,0x00,0x00,0x00,0x00,0x00,0x00,0x00,
0x00,0x00,0x00,0x00,0x00,0x00,0x00,0x00,0x00,0x00,0x00,0x00,
0x00,0x00,0x00,0x00,0x00,0x00,0x00,0x00,0x00,0x00,0x00,0x00,
0x00,0x00,0x00,0x00,0x00,0x00,0x00,0x00,0x00,0x00,0x00,0x00,
0x00,0x00,0x00,0x00,0x00,0x00,0x00,0x00,0x00,0x00,0x00,0x00,
0x00,0x00,0x00,0x00,0x00,0x00,0x00,0x00,0x00,0x00,0x00,0x00,
0x00,0x00,0x00,0x00,0x00,0x00,0x00,0x00,0x00,0x00,0x00,0x00,
0x00,0x00,0x00,0x00,0x00,0x00,0x00,0x00,0x00,0x00,0x00,0x00,
0x00,0x00,0x00,0x00,0x00,0x00,0x00,0x00,0x00,0x00,0x00,0x00,
0x00,0x00,0x00,0x00,0x00,0x00,0x00,0x00,0x00,0x00,0x00,0x00,
0x00,0x00,0x00,0x00,0x00,0x00,0x00,0x00,0x00,0x00,0x00,0x00,
0x00,0x00,0x00,0x00,0x00,0x00,0x00,0x00,0x00,0x00,0x00,0x00,
0x00,0x00,0x00,0x00,0x00,0x00,0x00,0x00,0x00,0x00,0x00,0x00,
0x00,0x00,0x00,0x00,0x00,0x00,0x00,0x00,0x00,0x00,0x00,0x00,
0x00,0x00,0x00,0x00,0x00,0x00,0x00,0x00,0x00,0x00,0x00,0x00
};

const lv_img_dsc_t 
ui_img_sound_modes_322_png
 = {
  .header.always_zero = 0,
  .header.w = 
128
,
  .header.h = 
128
,
  .data_size = sizeof(
ui_img_sound_modes_322_png_data
),
  .header.cf = LV_IMG_CF_TRUE_COLOR_ALPHA,
  .data = 
ui_img_sound_modes_322_png_data
};

